Date,GC=F,QQQ,XLP,XLY,home
2000-08-30,273.8999938964844,83.6198501586914,13.03594970703125,9.431790351867676,106.523
2000-08-31,278.29998779296875,85.9455795288086,13.061440467834473,9.29771900177002,106.523
2000-09-01,277.0,86.79129028320312,12.984956741333008,9.484254837036133,107.137
2000-09-02,277.0,86.79129028320312,12.984956741333008,9.484254837036133,107.137
2000-09-03,277.0,86.79129028320312,12.984956741333008,9.484254837036133,107.137
2000-09-04,277.0,86.79129028320312,12.984956741333008,9.484254837036133,107.137
2000-09-05,275.79998779296875,84.14842224121094,12.942465782165527,9.583357810974121,107.137
2000-09-06,274.20001220703125,81.1884536743164,12.781005859375,9.723262786865234,107.137
2000-09-07,274.0,82.98561096191406,12.899972915649414,9.641647338867188,107.137
2000-09-08,273.29998779296875,80.44842529296875,12.891470909118652,9.822360038757324,107.137
2000-09-09,273.29998779296875,80.44842529296875,12.891470909118652,9.822360038757324,107.137
2000-09-10,273.29998779296875,80.44842529296875,12.891470909118652,9.822360038757324,107.137
2000-09-11,273.1000061035156,78.49274444580078,12.950963973999023,10.003066062927246,107.137
2000-09-12,272.8999938964844,77.27699279785156,13.052943229675293,10.003066062927246,107.137
2000-09-13,272.79998779296875,79.07415771484375,13.052943229675293,10.003066062927246,107.137
2000-09-14,272.3999938964844,78.65132141113281,12.916975975036621,9.944766998291016,107.137
2000-09-15,272.29998779296875,77.22415924072266,12.897866249084473,9.858426094055176,107.137
2000-09-16,272.29998779296875,77.22415924072266,12.897866249084473,9.858426094055176,107.137
2000-09-17,272.29998779296875,77.22415924072266,12.897866249084473,9.858426094055176,107.137
2000-09-18,271.3999938964844,76.00846099853516,12.914923667907715,9.659738540649414,107.137
2000-09-19,271.8999938964844,78.80986785888672,12.931981086730957,9.496109008789062,107.137
2000-09-20,269.0,80.02558898925781,12.829618453979492,9.309113502502441,107.137
2000-09-21,270.29998779296875,74.21129608154297,13.170829772949219,9.653888702392578,107.137
2000-09-22,271.79998779296875,78.59850311279297,13.614410400390625,9.589612007141113,107.137
2000-09-23,271.79998779296875,78.59850311279297,13.614410400390625,9.589612007141113,107.137
2000-09-24,271.79998779296875,78.59850311279297,13.614410400390625,9.589612007141113,107.137
2000-09-25,274.1000061035156,76.51056671142578,13.494988441467285,9.44351863861084,107.137
2000-09-26,273.8999938964844,75.63847351074219,13.375568389892578,9.23314094543457,107.137
2000-09-27,278.3999938964844,75.74417114257812,13.38409423828125,9.32079792022705,107.137
2000-09-28,275.6000061035156,77.43559265136719,13.588817596435547,9.466887474060059,107.137
2000-09-29,273.6000061035156,75.0570068359375,13.640000343322754,9.309113502502441,107.137
2000-09-30,273.6000061035156,75.0570068359375,13.640000343322754,9.309113502502441,107.137
2000-10-01,273.6000061035156,75.0570068359375,13.640000343322754,9.309113502502441,107.729
2000-10-02,273.1000061035156,73.36563110351562,13.614410400390625,9.163016319274902,107.729
2000-10-03,271.6000061035156,71.03992462158203,13.614410400390625,9.23314094543457,107.729
2000-10-04,270.29998779296875,72.4141845703125,13.503514289855957,9.396760940551758,107.729
2000-10-05,270.6000061035156,72.62560272216797,13.819144248962402,9.274049758911133,107.729
2000-10-06,269.29998779296875,70.19419860839844,13.7423677444458,8.98185920715332,107.729
2000-10-07,269.29998779296875,70.19419860839844,13.7423677444458,8.98185920715332,107.729
2000-10-08,269.29998779296875,70.19419860839844,13.7423677444458,8.98185920715332,107.729
2000-10-09,270.1000061035156,69.87704467773438,13.682649612426758,9.040292739868164,107.729
2000-10-10,272.3999938964844,66.2298812866211,13.878849983215332,9.046136856079102,107.729
2000-10-11,270.5,65.17279052734375,13.86178970336914,8.789016723632812,107.729
2000-10-12,276.3999938964844,63.53416061401367,13.947093963623047,8.175420761108398,107.729
2000-10-13,272.3999938964844,68.71417236328125,13.776493072509766,8.344888687133789,107.729
2000-10-14,272.3999938964844,68.71417236328125,13.776493072509766,8.344888687133789,107.729
2000-10-15,272.3999938964844,68.71417236328125,13.776493072509766,8.344888687133789,107.729
2000-10-16,271.5,69.34845733642578,13.972685813903809,8.490984916687012,107.729
2000-10-17,271.1000061035156,66.17704010009766,14.092117309570312,8.257232666015625,107.729
2000-10-18,270.29998779296875,65.96562957763672,14.08358097076416,8.415016174316406,107.729
2000-10-19,270.1000061035156,71.93848419189453,13.827672958374023,8.759798049926758,107.729
2000-10-20,271.20001220703125,72.99559020996094,13.921499252319336,8.602018356323242,107.729
2000-10-21,271.20001220703125,72.99559020996094,13.921499252319336,8.602018356323242,107.729
2000-10-22,271.20001220703125,72.99559020996094,13.921499252319336,8.602018356323242,107.729
2000-10-23,270.1000061035156,72.88990783691406,14.066518783569336,8.65461254119873,107.729
2000-10-24,270.1000061035156,69.77131652832031,14.109175682067871,8.660455703735352,107.729
2000-10-25,266.20001220703125,65.85990142822266,14.441852569580078,8.531888008117676,107.729
2000-10-26,264.8999938964844,67.55134582519531,14.467448234558105,8.50267505645752,107.729
2000-10-27,264.3999938964844,67.419189453125,14.305371284484863,8.584486961364746,107.729
2000-10-28,264.3999938964844,67.419189453125,14.305371284484863,8.584486961364746,107.729
2000-10-29,264.3999938964844,67.419189453125,14.305371284484863,8.584486961364746,107.729
2000-10-30,264.29998779296875,64.92166137695312,14.638047218322754,8.800701141357422,107.729
2000-10-31,264.8999938964844,69.09739685058594,14.586874008178711,9.192239761352539,107.729
2000-11-01,263.8999938964844,68.50273895263672,14.569806098937988,9.268200874328613,108.292
2000-11-02,264.3999938964844,69.34845733642578,14.458913803100586,9.350019454956055,108.292
2000-11-03,264.6000061035156,70.24703979492188,14.382140159606934,9.215614318847656,108.292
2000-11-04,264.6000061035156,70.24703979492188,14.382140159606934,9.215614318847656,108.292
2000-11-05,264.6000061035156,70.24703979492188,14.382140159606934,9.215614318847656,108.292
2000-11-06,264.5,69.71847534179688,14.655119895935059,9.338329315185547,108.292
2000-11-07,264.29998779296875,69.45414733886719,14.510096549987793,9.244828224182129,108.292
2000-11-08,265.0,64.02310943603516,14.84278392791748,9.350019454956055,108.292
2000-11-09,265.79998779296875,64.0099105834961,14.859833717346191,8.987701416015625,108.292
2000-11-10,264.5,60.67991638183594,14.936612129211426,8.572795867919922,108.292
2000-11-11,264.5,60.67991638183594,14.936612129211426,8.572795867919922,108.292
2000-11-12,264.5,60.67991638183594,14.936612129211426,8.572795867919922,108.292
2000-11-13,264.29998779296875,60.77238082885742,14.49303150177002,8.81238842010498,108.292
2000-11-14,264.8999938964844,64.14207458496094,14.672176361083984,9.075361251831055,108.292
2000-11-15,265.1000061035156,65.43705749511719,14.706293106079102,9.163016319274902,108.292
2000-11-16,265.79998779296875,61.631351470947266,14.74041748046875,9.063672065734863,108.292
2000-11-17,265.70001220703125,61.59171676635742,14.74041748046875,9.057831764221191,108.292
2000-11-18,265.70001220703125,61.59171676635742,14.74041748046875,9.057831764221191,108.292
2000-11-19,265.70001220703125,61.59171676635742,14.74041748046875,9.057831764221191,108.292
2000-11-20,266.29998779296875,59.080963134765625,14.697765350341797,8.835766792297363,108.292
2000-11-21,265.70001220703125,58.988502502441406,14.945149421691895,8.765644073486328,108.292
2000-11-22,266.29998779296875,56.34565353393555,14.89395523071289,8.67214584350586,108.292
2000-11-23,266.29998779296875,56.34565353393555,14.89395523071289,8.67214584350586,108.292
2000-11-24,266.29998779296875,59.56990051269531,14.74041748046875,8.73057746887207,108.292
2000-11-25,266.29998779296875,59.56990051269531,14.74041748046875,8.73057746887207,108.292
2000-11-26,266.29998779296875,59.56990051269531,14.74041748046875,8.73057746887207,108.292
2000-11-27,270.1000061035156,58.82991027832031,15.038976669311523,9.046136856079102,108.292
2000-11-28,269.79998779296875,55.35457229614258,15.201055526733398,9.011079788208008,108.292
2000-11-29,266.3999938964844,53.22705078125,15.354598999023438,9.139643669128418,108.292
2000-11-30,270.1000061035156,53.266719818115234,15.090152740478516,8.964326858520508,108.292
2000-12-01,268.70001220703125,54.12565231323242,14.868376731872559,8.97601318359375,108.792
2000-12-02,268.70001220703125,54.12565231323242,14.868376731872559,8.97601318359375,108.792
2000-12-03,268.70001220703125,54.12565231323242,14.868376731872559,8.97601318359375,108.792
2000-12-04,270.70001220703125,54.971336364746094,15.149876594543457,9.314955711364746,108.792
2000-12-05,270.3999938964844,59.78133010864258,15.030449867248535,9.537018775939941,108.792
2000-12-06,274.29998779296875,57.508480072021484,14.74041748046875,9.478580474853516,108.792
2000-12-07,273.20001220703125,56.23991775512695,14.9536771774292,9.350019454956055,108.792
2000-12-08,272.20001220703125,57.508480072021484,14.89395523071289,9.449359893798828,108.792
2000-12-09,272.20001220703125,57.508480072021484,14.89395523071289,9.449359893798828,108.792
2000-12-10,272.20001220703125,57.508480072021484,14.89395523071289,9.449359893798828,108.792
2000-12-11,270.20001220703125,62.899906158447266,14.689238548278809,9.33248519897461,108.792
2000-12-12,270.29998779296875,60.60062026977539,14.748950958251953,9.350019454956055,108.792
2000-12-13,268.6000061035156,58.12955093383789,15.081634521484375,9.163016319274902,108.792
2000-12-14,269.0,55.28848648071289,14.970731735229492,9.133800506591797,108.792
2000-12-15,270.3999938964844,54.019901275634766,14.903316497802734,8.893040657043457,108.792
2000-12-16,270.3999938964844,54.019901275634766,14.903316497802734,8.893040657043457,108.792
2000-12-17,270.3999938964844,54.019901275634766,14.903316497802734,8.893040657043457,108.792
2000-12-18,269.70001220703125,54.12565231323242,14.988871574401855,9.086369514465332,108.792
2000-12-19,269.70001220703125,50.002777099609375,15.134306907653809,8.869606971740723,108.792
2000-12-20,272.5,47.135284423828125,15.168535232543945,8.764156341552734,108.792
2000-12-21,273.70001220703125,47.41279602050781,15.117204666137695,9.033641815185547,108.792
2000-12-22,273.70001220703125,51.165645599365234,15.057317733764648,9.185956954956055,108.792
2000-12-23,273.70001220703125,51.165645599365234,15.057317733764648,9.185956954956055,108.792
2000-12-24,273.70001220703125,51.165645599365234,15.057317733764648,9.185956954956055,108.792
2000-12-25,273.70001220703125,51.165645599365234,15.057317733764648,9.185956954956055,108.792
2000-12-26,274.1000061035156,51.482784271240234,15.356748580932617,9.010208129882812,108.792
2000-12-27,275.20001220703125,52.06421661376953,15.459413528442383,9.44372844696045,108.792
2000-12-28,271.70001220703125,51.95848083496094,15.690402030944824,9.560897827148438,108.792
2000-12-29,272.0,49.368492126464844,15.63907241821289,9.596048355102539,108.792
2000-12-30,272.0,49.368492126464844,15.63907241821289,9.596048355102539,108.792
2000-12-31,272.0,49.368492126464844,15.63907241821289,9.596048355102539,108.792
2001-01-01,272.0,49.368492126464844,15.63907241821289,9.596048355102539,109.216
2001-01-02,268.3999938964844,45.19280242919922,15.433748245239258,9.578474998474121,109.216
2001-01-03,268.0,52.8042106628418,14.723654747009277,10.334205627441406,109.216
2001-01-04,267.29998779296875,51.852783203125,14.141895294189453,10.480667114257812,109.216
2001-01-05,268.0,47.88850784301758,14.236005783081055,10.135019302368164,109.216
2001-01-06,268.0,47.88850784301758,14.236005783081055,10.135019302368164,109.216
2001-01-07,268.0,47.88850784301758,14.236005783081055,10.135019302368164,109.216
2001-01-08,268.0,48.41708755493164,14.330113410949707,10.00028133392334,109.216
2001-01-09,267.5,48.41708755493164,14.484106063842773,9.918259620666504,109.216
2001-01-10,264.70001220703125,50.90134048461914,14.3985595703125,9.982699394226074,109.216
2001-01-11,264.0,52.3813591003418,14.116233825683594,10.070578575134277,109.216
2001-01-12,263.8999938964844,53.05527877807617,14.099122047424316,10.064718246459961,109.216
2001-01-13,263.8999938964844,53.05527877807617,14.099122047424316,10.064718246459961,109.216
2001-01-14,263.8999938964844,53.05527877807617,14.099122047424316,10.064718246459961,109.216
2001-01-15,263.8999938964844,53.05527877807617,14.099122047424316,10.064718246459961,109.216
2001-01-16,263.29998779296875,52.420982360839844,14.295896530151367,10.299055099487305,109.216
2001-01-17,263.20001220703125,54.019901275634766,14.133349418640137,10.158456802368164,109.216
2001-01-18,264.20001220703125,56.29279327392578,14.24456787109375,10.006139755249023,109.216
2001-01-19,264.29998779296875,56.08136749267578,14.133349418640137,9.607768058776855,109.216
2001-01-20,264.29998779296875,56.08136749267578,14.133349418640137,9.607768058776855,109.216
2001-01-21,264.29998779296875,56.08136749267578,14.133349418640137,9.607768058776855,109.216
2001-01-22,266.3999938964844,56.13420104980469,14.218902587890625,9.970983505249023,109.216
2001-01-23,266.1000061035156,57.3102912902832,14.313002586364746,10.088151931762695,109.216
2001-01-24,264.29998779296875,56.76847839355469,14.261673927307129,10.099867820739746,109.216
2001-01-25,264.5,54.54848861694336,14.561103820800781,10.258045196533203,109.216
2001-01-26,262.79998779296875,55.433837890625,14.415665626525879,10.14673900604248,109.216
2001-01-27,262.79998779296875,55.433837890625,14.415665626525879,10.14673900604248,109.216
2001-01-28,262.79998779296875,55.433837890625,14.415665626525879,10.14673900604248,109.216
2001-01-29,262.79998779296875,56.66276550292969,14.296235084533691,10.3482666015625,109.216
2001-01-30,265.5,56.45130920410156,14.460494041442871,10.378263473510742,109.216
2001-01-31,265.6000061035156,54.37936019897461,14.498827934265137,10.711954116821289,109.216
2001-02-01,268.5,55.09819412231445,14.62476634979248,10.696959495544434,109.643
2001-02-02,267.1000061035156,52.05362319946289,14.717841148376465,10.494492530822754,109.643
2001-02-03,267.1000061035156,52.05362319946289,14.717841148376465,10.494492530822754,109.643
2001-02-04,267.1000061035156,52.05362319946289,14.717841148376465,10.494492530822754,109.643
2001-02-05,265.20001220703125,52.011348724365234,14.706896781921387,10.434497833251953,109.643
2001-02-06,263.29998779296875,52.09592056274414,14.77259349822998,10.445746421813965,109.643
2001-02-07,262.79998779296875,51.250213623046875,14.799970626831055,10.468249320983887,109.643
2001-02-08,260.1000061035156,49.71946716308594,14.756166458129883,10.160799980163574,109.643
2001-02-09,259.8999938964844,47.698204040527344,14.876628875732422,10.029566764831543,109.643
2001-02-10,259.8999938964844,47.698204040527344,14.876628875732422,10.029566764831543,109.643
2001-02-11,259.8999938964844,47.698204040527344,14.876628875732422,10.029566764831543,109.643
2001-02-12,260.70001220703125,48.273292541503906,15.00256061553955,10.310775756835938,109.643
2001-02-13,260.29998779296875,46.72563552856445,14.799970626831055,10.449498176574707,109.643
2001-02-14,259.3999938964844,48.58621597290039,14.663093566894531,10.3482666015625,109.643
2001-02-15,255.10000610351562,49.38963317871094,14.531682014465332,10.344512939453125,109.643
2001-02-16,258.20001220703125,46.62416076660156,14.580958366394043,10.213287353515625,109.643
2001-02-17,258.20001220703125,46.62416076660156,14.580958366394043,10.213287353515625,109.643
2001-02-18,258.20001220703125,46.62416076660156,14.580958366394043,10.213287353515625,109.643
2001-02-19,258.20001220703125,46.62416076660156,14.580958366394043,10.213287353515625,109.643
2001-02-20,256.1000061035156,44.81433868408203,14.65213680267334,10.3482666015625,109.643
2001-02-21,258.20001220703125,43.5542106628418,14.608335494995117,9.902091026306152,109.643
2001-02-22,258.5,43.1313591003418,14.498827934265137,9.748368263244629,109.643
2001-02-23,260.8999938964844,43.2835807800293,14.389322280883789,9.909590721130371,109.643
2001-02-24,260.8999938964844,43.2835807800293,14.389322280883789,9.909590721130371,109.643
2001-02-25,260.8999938964844,43.2835807800293,14.389322280883789,9.909590721130371,109.643
2001-02-26,265.79998779296875,44.10395050048828,14.526196479797363,10.213287353515625,109.643
2001-02-27,267.3999938964844,41.43994140625,14.537151336669922,10.160799980163574,109.643
2001-02-28,266.79998779296875,40.12908172607422,14.586426734924316,9.9470796585083,109.643
2001-03-01,265.20001220703125,41.27080154418945,14.449552536010742,9.78586196899414,110.395
2001-03-02,262.1000061035156,39.49480056762695,14.586426734924316,9.860849380493164,110.395
2001-03-03,262.1000061035156,39.49480056762695,14.586426734924316,9.860849380493164,110.395
2001-03-04,262.1000061035156,39.49480056762695,14.586426734924316,9.860849380493164,110.395
2001-03-05,262.5,40.21366500854492,14.531682014465332,9.755866050720215,110.395
2001-03-06,259.8999938964844,41.77822494506836,14.236005783081055,10.003321647644043,110.395
2001-03-07,261.3999938964844,41.79513168334961,14.142922401428223,10.25078010559082,110.395
2001-03-08,265.3999938964844,41.01707458496094,14.263381004333496,10.415757179260254,110.395
2001-03-09,270.79998779296875,38.14164733886719,14.350982666015625,10.310775756835938,110.395
2001-03-10,270.79998779296875,38.14164733886719,14.350982666015625,10.310775756835938,110.395
2001-03-11,270.79998779296875,38.14164733886719,14.350982666015625,10.310775756835938,110.395
2001-03-12,271.6000061035156,35.77366638183594,13.90748119354248,9.928339958190918,110.395
2001-03-13,266.79998779296875,37.591941833496094,13.836305618286133,9.883343696594238,110.395
2001-03-14,262.5,36.999935150146484,13.496831893920898,9.669631958007812,110.395
2001-03-15,260.0,35.64680480957031,13.513256072998047,9.778361320495605,110.395
2001-03-16,258.1000061035156,34.84339141845703,13.349613189697266,9.580368995666504,110.395
2001-03-17,258.1000061035156,34.84339141845703,13.349613189697266,9.580368995666504,110.395
2001-03-18,258.1000061035156,34.84339141845703,13.349613189697266,9.580368995666504,110.395
2001-03-19,259.79998779296875,36.58554458618164,13.503366470336914,9.69308090209961,110.395
2001-03-20,260.5,34.124515533447266,13.179375648498535,9.715620040893555,110.395
2001-03-21,261.8999938964844,34.124515533447266,12.849891662597656,9.65550422668457,110.395
2001-03-22,261.1000061035156,36.1965217590332,12.718098640441895,9.354945182800293,110.395
2001-03-23,261.5,36.1965217590332,13.020129203796387,9.460140228271484,110.395
2001-03-24,261.5,36.1965217590332,13.020129203796387,9.460140228271484,110.395
2001-03-25,261.5,36.1965217590332,13.020129203796387,9.460140228271484,110.395
2001-03-26,261.8999938964844,35.3592643737793,13.195857048034668,9.625450134277344,110.395
2001-03-27,261.0,36.57709884643555,13.492389678955078,9.835846900939941,110.395
2001-03-28,259.70001220703125,33.574798583984375,13.530834197998047,9.674291610717773,110.395
2001-03-29,258.79998779296875,32.940521240234375,13.563782691955566,9.768219947814941,110.395
2001-03-30,257.8999938964844,33.10965347290039,13.574753761291504,9.802024841308594,110.395
2001-03-31,257.8999938964844,33.10965347290039,13.574753761291504,9.802024841308594,110.395
2001-04-01,257.8999938964844,33.10965347290039,13.574753761291504,9.802024841308594,111.247
2001-04-02,255.60000610351562,31.629669189453125,13.393538475036621,9.805789947509766,111.247
2001-04-03,256.79998779296875,29.312427520751953,13.146428108215332,9.475171089172363,111.247
2001-04-04,258.3999938964844,28.796524047851562,13.316658020019531,9.57660961151123,111.247
2001-04-05,258.1000061035156,31.553560256958008,13.453954696655273,9.790760040283203,111.247
2001-04-06,260.0,30.40338134765625,13.410016059875488,9.760703086853027,111.247
2001-04-07,260.0,30.40338134765625,13.410016059875488,9.760703086853027,111.247
2001-04-08,260.0,30.40338134765625,13.410016059875488,9.760703086853027,111.247
2001-04-09,258.29998779296875,31.333662033081055,13.525334358215332,9.67053508758545,111.247
2001-04-10,257.29998779296875,33.65938186645508,13.50886344909668,9.768219947814941,111.247
2001-04-11,258.70001220703125,34.67422866821289,13.250764846801758,9.659263610839844,111.247
2001-04-12,260.1000061035156,36.1965217590332,13.426491737365723,9.493956565856934,111.247
2001-04-13,260.1000061035156,36.1965217590332,13.426491737365723,9.493956565856934,111.247
2001-04-14,260.1000061035156,36.1965217590332,13.426491737365723,9.493956565856934,111.247
2001-04-15,260.1000061035156,36.1965217590332,13.426491737365723,9.493956565856934,111.247
2001-04-16,263.29998779296875,34.03995132446289,13.426491737365723,9.539041519165039,111.247
2001-04-17,261.1000061035156,34.885658264160156,13.723028182983398,9.67053508758545,111.247
2001-04-18,261.29998779296875,38.522239685058594,13.591232299804688,10.264139175415039,111.247
2001-04-19,265.29998779296875,40.84791946411133,13.536321640014648,10.294196128845215,111.247
2001-04-20,264.79998779296875,40.93251037597656,13.388052940368652,10.1852445602417,111.247
2001-04-21,264.79998779296875,40.93251037597656,13.388052940368652,10.1852445602417,111.247
2001-04-22,264.79998779296875,40.93251037597656,13.388052940368652,10.1852445602417,111.247
2001-04-23,263.70001220703125,38.183937072753906,13.453954696655273,10.117615699768066,111.247
2001-04-24,264.1000061035156,37.465091705322266,13.206832885742188,9.941036224365234,111.247
2001-04-25,262.3999938964844,38.14164733886719,13.558280944824219,9.94855785369873,111.247
2001-04-26,264.3999938964844,37.16908264160156,13.684589385986328,10.196517944335938,111.247
2001-04-27,263.8999938964844,38.183937072753906,13.761463165283203,10.440720558166504,111.247
2001-04-28,263.8999938964844,38.183937072753906,13.761463165283203,10.440720558166504,111.247
2001-04-29,263.8999938964844,38.183937072753906,13.761463165283203,10.440720558166504,111.247
2001-04-30,264.0,39.02965545654297,13.83835220336914,10.256624221801758,111.247
2001-05-01,264.3999938964844,40.63649368286133,13.99210262298584,10.369338989257812,112.202
2001-05-02,265.3999938964844,41.42302322387695,13.909741401672363,10.451991081237793,112.202
2001-05-03,266.29998779296875,39.579368591308594,13.83835220336914,10.331769943237305,112.202
2001-05-04,266.1000061035156,40.763343811035156,13.959168434143066,10.425694465637207,112.202
2001-05-05,266.1000061035156,40.763343811035156,13.959168434143066,10.425694465637207,112.202
2001-05-06,266.1000061035156,40.763343811035156,13.959168434143066,10.425694465637207,112.202
2001-05-07,266.1000061035156,39.917659759521484,13.9536714553833,10.346793174743652,112.202
2001-05-08,265.1000061035156,40.763343811035156,13.904244422912598,10.33928108215332,112.202
2001-05-09,270.0,39.36793899536133,13.975639343261719,10.18149185180664,112.202
2001-05-10,269.1000061035156,38.70829391479492,13.904244422912598,10.474536895751953,112.202
2001-05-11,267.8999938964844,38.522239685058594,13.827359199523926,10.519617080688477,112.202
2001-05-12,267.8999938964844,38.522239685058594,13.827359199523926,10.519617080688477,112.202
2001-05-13,267.8999938964844,38.522239685058594,13.827359199523926,10.519617080688477,112.202
2001-05-14,268.29998779296875,37.90484619140625,13.948177337646484,10.493315696716309,112.202
2001-05-15,268.1000061035156,38.183937072753906,13.865808486938477,10.455745697021484,112.202
2001-05-16,272.0,39.87537384033203,14.28864574432373,10.58348560333252,112.202
2001-05-17,273.6000061035156,40.5096435546875,14.360030174255371,10.745038032531738,112.202
2001-05-18,287.3999938964844,40.62804412841797,14.283154487609863,10.737526893615723,112.202
2001-05-19,287.3999938964844,40.62804412841797,14.283154487609863,10.737526893615723,112.202
2001-05-20,287.3999938964844,40.62804412841797,14.283154487609863,10.737526893615723,112.202
2001-05-21,285.3999938964844,43.173641204833984,14.272163391113281,10.857746124267578,112.202
2001-05-22,285.1000061035156,43.046775817871094,14.129392623901367,10.895318031311035,112.202
2001-05-23,283.6000061035156,41.14394760131836,14.003084182739258,10.699955940246582,112.202
2001-05-24,279.1000061035156,42.20109939575195,14.063497543334961,10.662384986877441,112.202
2001-05-25,277.8999938964844,41.43147277832031,13.948177337646484,10.609786987304688,112.202
2001-05-26,277.8999938964844,41.43147277832031,13.948177337646484,10.609786987304688,112.202
2001-05-27,277.8999938964844,41.43147277832031,13.948177337646484,10.609786987304688,112.202
2001-05-28,277.8999938964844,41.43147277832031,13.948177337646484,10.609786987304688,112.202
2001-05-29,273.79998779296875,39.00429916381836,14.063497543334961,10.527132034301758,112.202
2001-05-30,265.70001220703125,37.575008392333984,14.140376091003418,10.335525512695312,112.202
2001-05-31,265.29998779296875,37.82875442504883,14.041524887084961,10.500836372375488,112.202
2001-06-01,266.3999938964844,38.94507598876953,14.228240966796875,10.463263511657715,113.273
2001-06-02,266.3999938964844,38.94507598876953,14.228240966796875,10.463263511657715,113.273
2001-06-03,266.3999938964844,38.94507598876953,14.228240966796875,10.463263511657715,113.273
2001-06-04,264.8999938964844,38.7590217590332,14.25020694732666,10.429450988769531,113.273
2001-06-05,265.70001220703125,40.46737289428711,14.398469924926758,10.553435325622559,113.273
2001-06-06,265.70001220703125,40.15447235107422,14.16783332824707,10.444477081298828,113.273
2001-06-07,266.0,41.186222076416016,14.266679763793945,10.523377418518066,113.273
2001-06-08,273.3999938964844,40.044498443603516,14.184307098388672,10.560948371887207,113.273
2001-06-09,273.3999938964844,40.044498443603516,14.184307098388672,10.560948371887207,113.273
2001-06-10,273.3999938964844,40.044498443603516,14.184307098388672,10.560948371887207,113.273
2001-06-11,267.8999938964844,38.94507598876953,13.986618041992188,10.403153419494629,113.273
2001-06-12,271.5,38.73366165161133,14.151358604431152,10.482048034667969,113.273
2001-06-13,272.0,37.676509857177734,14.041524887084961,10.369338989257812,113.273
2001-06-14,275.29998779296875,35.73136520385742,14.030545234680176,10.260384559631348,113.273
2001-06-15,271.20001220703125,36.02737808227539,13.94846248626709,10.158348083496094,113.273
2001-06-16,271.20001220703125,36.02737808227539,13.94846248626709,10.158348083496094,113.273
2001-06-17,271.20001220703125,36.02737808227539,13.94846248626709,10.158348083496094,113.273
2001-06-18,272.3999938964844,35.54531478881836,13.992534637451172,10.26754093170166,113.273
2001-06-19,273.3999938964844,35.367713928222656,14.036602020263672,10.30142593383789,113.273
2001-06-20,272.3999938964844,36.171142578125,14.113727569580078,10.452032089233398,113.273
2001-06-21,272.6000061035156,36.66166687011719,14.23492431640625,10.640287399291992,113.273
2001-06-22,272.29998779296875,36.57709884643555,13.838289260864258,10.53486156463623,113.273
2001-06-23,272.29998779296875,36.57709884643555,13.838289260864258,10.53486156463623,113.273
2001-06-24,272.29998779296875,36.57709884643555,13.838289260864258,10.53486156463623,113.273
2001-06-25,273.70001220703125,36.67011260986328,13.76667308807373,10.399320602416992,113.273
2001-06-26,276.20001220703125,36.796966552734375,13.76667308807373,10.260009765625,113.273
2001-06-27,272.1000061035156,37.03376770019531,13.662004470825195,10.211065292358398,113.273
2001-06-28,269.29998779296875,37.50735855102539,13.75014591217041,10.372964859008789,113.273
2001-06-29,270.6000061035156,38.64908218383789,13.392068862915039,10.418144226074219,113.273
2001-06-30,270.6000061035156,38.64908218383789,13.392068862915039,10.418144226074219,113.273
2001-07-01,270.6000061035156,38.64908218383789,13.392068862915039,10.418144226074219,114.228
2001-07-02,269.3999938964844,38.437652587890625,13.700562477111816,10.519804000854492,114.228
2001-07-03,267.6000061035156,38.59833908081055,13.590385437011719,10.500974655151367,114.228
2001-07-04,267.6000061035156,38.59833908081055,13.590385437011719,10.500974655151367,114.228
2001-07-05,265.1000061035156,36.7462272644043,13.50775146484375,10.286362648010254,114.228
2001-07-06,265.8999938964844,35.223941802978516,13.347990989685059,10.041629791259766,114.228
2001-07-07,265.8999938964844,35.223941802978516,13.347990989685059,10.041629791259766,114.228
2001-07-08,265.8999938964844,35.223941802978516,13.347990989685059,10.041629791259766,114.228
2001-07-09,266.5,35.528404235839844,13.551827430725098,10.113164901733398,114.228
2001-07-10,266.20001220703125,34.25136947631836,13.44164752960205,10.067987442016602,114.228
2001-07-11,268.29998779296875,34.67422866821289,13.37002944946289,10.177176475524902,114.228
2001-07-12,266.6000061035156,36.87306594848633,13.287403106689453,10.617701530456543,114.228
2001-07-13,267.1000061035156,36.49251937866211,13.386551856994629,10.790894508361816,114.228
2001-07-14,267.1000061035156,36.49251937866211,13.386551856994629,10.790894508361816,114.228
2001-07-15,267.1000061035156,36.49251937866211,13.386551856994629,10.790894508361816,114.228
2001-07-16,266.8999938964844,35.81594467163086,13.287403106689453,10.821011543273926,114.228
2001-07-17,268.1000061035156,36.6193733215332,13.485713958740234,10.881254196166992,114.228
2001-07-18,270.3999938964844,35.223941802978516,13.871336936950684,10.888788223266602,114.228
2001-07-19,269.3999938964844,36.06120300292969,13.73912525177002,10.96408748626709,114.228
2001-07-20,269.8999938964844,35.223941802978516,13.926424026489258,10.975386619567871,114.228
2001-07-21,269.8999938964844,35.223941802978516,13.926424026489258,10.975386619567871,114.228
2001-07-22,269.8999938964844,35.223941802978516,13.926424026489258,10.975386619567871,114.228
2001-07-23,268.79998779296875,34.344398498535156,13.601407051086426,10.772071838378906,114.228
2001-07-24,269.70001220703125,33.95539093017578,13.496739387512207,10.617701530456543,114.228
2001-07-25,267.70001220703125,34.25136947631836,13.595890998840332,10.824782371520996,114.228
2001-07-26,266.20001220703125,34.75881576538086,13.601407051086426,10.83607292175293,114.228
2001-07-27,267.3999938964844,35.47767639160156,13.601407051086426,10.805953025817871,114.228
2001-07-28,267.3999938964844,35.47767639160156,13.601407051086426,10.805953025817871,114.228
2001-07-29,267.3999938964844,35.47767639160156,13.601407051086426,10.805953025817871,114.228
2001-07-30,264.6000061035156,35.266239166259766,13.772174835205078,10.877490997314453,114.228
2001-07-31,266.20001220703125,35.31697082519531,13.799726486206055,10.881254196166992,114.228
2001-08-01,267.3999938964844,36.450233459472656,13.799726486206055,10.86995792388916,114.989
2001-08-02,267.3999938964844,37.135257720947266,13.71709156036377,10.937734603881836,114.989
2001-08-03,267.8999938964844,36.517887115478516,13.816248893737793,10.866195678710938,114.989
2001-08-04,267.8999938964844,36.517887115478516,13.816248893737793,10.866195678710938,114.989
2001-08-05,267.8999938964844,36.517887115478516,13.816248893737793,10.866195678710938,114.989
2001-08-06,267.1000061035156,35.942806243896484,13.74464225769043,10.67040729522705,114.989
2001-08-07,267.20001220703125,35.756736755371094,13.772174835205078,10.790894508361816,114.989
2001-08-08,267.8999938964844,34.25136947631836,13.71709156036377,10.65534782409668,114.989
2001-08-09,273.3999938964844,34.3951301574707,13.761160850524902,10.617701530456543,114.989
2001-08-10,273.8999938964844,34.06532669067383,13.810736656188965,10.610166549682617,114.989
2001-08-11,273.8999938964844,34.06532669067383,13.810736656188965,10.610166549682617,114.989
2001-08-12,273.8999938964844,34.06532669067383,13.810736656188965,10.610166549682617,114.989
2001-08-13,275.70001220703125,34.75881576538086,13.931937217712402,10.489680290222168,114.989
2001-08-14,276.29998779296875,34.33595657348633,13.909903526306152,10.519804000854492,114.989
2001-08-15,275.70001220703125,33.0673828125,13.882365226745605,10.429441452026367,114.989
2001-08-16,275.20001220703125,33.456424713134766,14.02008056640625,10.508504867553711,114.989
2001-08-17,279.29998779296875,31.934125900268555,14.025590896606445,10.23365592956543,114.989
2001-08-18,279.29998779296875,31.934125900268555,14.025590896606445,10.23365592956543,114.989
2001-08-19,279.29998779296875,31.934125900268555,14.025590896606445,10.23365592956543,114.989
2001-08-20,276.1000061035156,32.37386703491211,14.00905704498291,10.361665725708008,114.989
2001-08-21,275.0,31.029193878173828,14.135763168334961,10.10563850402832,114.989
2001-08-22,274.8999938964844,31.874916076660156,14.196364402770996,10.131994247436523,114.989
2001-08-23,275.29998779296875,31.56201171875,14.152292251586914,10.0792875289917,114.989
2001-08-24,272.5,33.23652267456055,14.323071479797363,10.271302223205566,114.989
2001-08-25,272.5,33.23652267456055,14.323071479797363,10.271302223205566,114.989
2001-08-26,272.5,33.23652267456055,14.323071479797363,10.271302223205566,114.989
2001-08-27,272.6000061035156,33.278804779052734,14.295524597167969,10.260009765625,114.989
2001-08-28,272.29998779296875,32.23857498168945,14.124743461608887,10.173413276672363,114.989
2001-08-29,273.70001220703125,31.764986038208008,13.909903526306152,9.985156059265137,114.989
2001-08-30,275.3999938964844,30.589448928833008,13.970501899719238,9.78183364868164,114.989
2001-08-31,274.3999938964844,30.978466033935547,13.86583423614502,9.92867660522461,114.989
2001-09-01,274.3999938964844,30.978466033935547,13.86583423614502,9.92867660522461,115.466
2001-09-02,274.3999938964844,30.978466033935547,13.86583423614502,9.92867660522461,115.466
2001-09-03,274.3999938964844,30.978466033935547,13.86583423614502,9.92867660522461,115.466
2001-09-04,271.6000061035156,29.997440338134766,13.882365226745605,9.981391906738281,115.466
2001-09-05,272.0,29.87905502319336,14.378156661987305,9.985156059265137,115.466
2001-09-06,273.0,28.66967010498047,13.937443733215332,9.623699188232422,115.466
2001-09-07,273.1000061035156,28.50052833557129,13.71709156036377,9.273544311523438,115.466
2001-09-08,273.1000061035156,28.50052833557129,13.71709156036377,9.273544311523438,115.466
2001-09-09,273.1000061035156,28.50052833557129,13.71709156036377,9.273544311523438,115.466
2001-09-10,271.6000061035156,28.83881187438965,14.02008056640625,9.194476127624512,115.466
2001-09-11,271.6000061035156,28.83881187438965,14.02008056640625,9.194476127624512,115.466
2001-09-12,271.6000061035156,28.83881187438965,14.02008056640625,9.194476127624512,115.466
2001-09-13,271.6000061035156,28.83881187438965,14.02008056640625,9.194476127624512,115.466
2001-09-14,290.20001220703125,28.83881187438965,14.02008056640625,9.194476127624512,115.466
2001-09-15,290.20001220703125,28.83881187438965,14.02008056640625,9.194476127624512,115.466
2001-09-16,290.20001220703125,28.83881187438965,14.02008056640625,9.194476127624512,115.466
2001-09-17,289.79998779296875,26.38624382019043,14.00905704498291,8.339787483215332,115.466
2001-09-18,288.1000061035156,25.794248580932617,13.838289260864258,8.38873291015625,115.466
2001-09-19,291.5,25.346012115478516,13.662004470825195,8.196708679199219,115.466
2001-09-20,289.0,24.500303268432617,13.386551856994629,7.914325714111328,115.466
2001-09-21,291.8999938964844,23.840646743774414,12.992525100708008,7.94944953918457,115.466
2001-09-22,291.8999938964844,23.840646743774414,12.992525100708008,7.94944953918457,115.466
2001-09-23,291.8999938964844,23.840646743774414,12.992525100708008,7.94944953918457,115.466
2001-09-24,289.70001220703125,25.041545867919922,13.16937255859375,8.3875150680542,115.466
2001-09-25,290.5,25.1176700592041,13.235688209533691,8.410174369812012,115.466
2001-09-26,293.29998779296875,24.24658966064453,13.462272644042969,8.436609268188477,115.466
2001-09-27,291.70001220703125,24.085906982421875,13.727531433105469,8.459271430969238,115.466
2001-09-28,292.3999938964844,24.50876235961914,13.84911060333252,8.674529075622559,115.466
2001-09-29,292.3999938964844,24.50876235961914,13.84911060333252,8.674529075622559,115.466
2001-09-30,292.3999938964844,24.50876235961914,13.84911060333252,8.674529075622559,115.466
2001-10-01,292.20001220703125,24.29732322692871,13.965170860290527,8.666974067687988,115.681
2001-10-02,289.8999938964844,24.373449325561523,14.064651489257812,8.90866756439209,115.681
2001-10-03,290.5,26.21710205078125,13.948592185974121,9.222116470336914,115.681
2001-10-04,290.5,26.470821380615234,13.898850440979004,9.025736808776855,115.681
2001-10-05,291.3999938964844,26.859832763671875,14.04807186126709,9.101271629333496,115.681
2001-10-06,291.3999938964844,26.859832763671875,14.04807186126709,9.101271629333496,115.681
2001-10-07,291.3999938964844,26.859832763671875,14.04807186126709,9.101271629333496,115.681
2001-10-08,292.3999938964844,26.944419860839844,14.020438194274902,8.916218757629395,115.681
2001-10-09,288.8999938964844,26.29322624206543,13.948592185974121,8.923772811889648,115.681
2001-10-10,285.70001220703125,27.485668182373047,14.119913101196289,9.29387092590332,115.681
2001-10-11,281.79998779296875,29.34624671936035,14.020438194274902,9.592206954956055,115.681
2001-10-12,284.8999938964844,29.219383239746094,14.009387969970703,9.384502410888672,115.681
2001-10-13,284.8999938964844,29.219383239746094,14.009387969970703,9.384502410888672,115.681
2001-10-14,284.8999938964844,29.219383239746094,14.009387969970703,9.384502410888672,115.681
2001-10-15,282.1000061035156,29.092529296875,14.070176124572754,9.358071327209473,115.681
2001-10-16,282.29998779296875,29.56612777709961,13.992801666259766,9.452476501464844,115.681
2001-10-17,283.3999938964844,27.44338607788086,13.876750946044922,9.214564323425293,115.681
2001-10-18,279.20001220703125,28.1876163482666,13.981751441955566,9.214564323425293,115.681
2001-10-19,280.1000061035156,28.373680114746094,14.147541046142578,9.086160659790039,115.681
2001-10-20,280.1000061035156,28.373680114746094,14.147541046142578,9.086160659790039,115.681
2001-10-21,280.1000061035156,28.373680114746094,14.147541046142578,9.086160659790039,115.681
2001-10-22,275.5,29.134828567504883,14.285706520080566,9.290090560913086,115.681
2001-10-23,276.1000061035156,29.287044525146484,14.103337287902832,9.308974266052246,115.681
2001-10-24,275.8999938964844,29.92132568359375,14.075695037841797,9.271206855773926,115.681
2001-10-25,277.79998779296875,31.122251510620117,14.208338737487793,9.358071327209473,115.681
2001-10-26,277.8999938964844,30.454124450683594,14.158588409423828,9.456253051757812,115.681
2001-10-27,277.8999938964844,30.454124450683594,14.158588409423828,9.456253051757812,115.681
2001-10-28,277.8999938964844,30.454124450683594,14.158588409423828,9.456253051757812,115.681
2001-10-29,279.1000061035156,28.788066864013672,14.070176124572754,9.127703666687012,115.681
2001-10-30,280.6000061035156,28.229900360107422,13.920957565307617,8.953981399536133,115.681
2001-10-31,279.5,28.66967010498047,13.760702133178711,9.131481170654297,115.681
2001-11-01,279.70001220703125,29.887502670288086,14.08122730255127,9.301423072814941,115.837
2001-11-02,279.79998779296875,30.107378005981445,14.059123039245605,9.441149711608887,115.837
2001-11-03,279.79998779296875,30.107378005981445,14.059123039245605,9.441149711608887,115.837
2001-11-04,279.79998779296875,30.107378005981445,14.059123039245605,9.441149711608887,115.837
2001-11-05,278.5,31.088422775268555,14.086750984191895,9.663963317871094,115.837
2001-11-06,279.70001220703125,32.29778289794922,14.11438274383545,9.781026840209961,115.837
2001-11-07,281.0,32.255496978759766,14.130962371826172,9.713052749633789,115.837
2001-11-08,276.79998779296875,31.92565155029297,13.998333930969238,9.796135902404785,115.837
2001-11-09,277.3999938964844,31.908763885498047,14.031486511230469,9.743268966674805,115.837
2001-11-10,277.3999938964844,31.908763885498047,14.031486511230469,9.743268966674805,115.837
2001-11-11,277.3999938964844,31.908763885498047,14.031486511230469,9.743268966674805,115.837
2001-11-12,278.29998779296875,32.1370964050293,14.053586959838867,9.777251243591309,115.837
2001-11-13,277.79998779296875,33.28728103637695,14.053586959838867,10.02649974822998,115.837
2001-11-14,277.79998779296875,33.524051666259766,13.981751441955566,10.253087043762207,115.837
2001-11-15,275.1000061035156,33.38874435424805,14.064651489257812,10.253087043762207,115.837
2001-11-16,274.70001220703125,33.29571533203125,14.19175910949707,10.13979434967041,115.837
2001-11-17,274.70001220703125,33.29571533203125,14.19175910949707,10.13979434967041,115.837
2001-11-18,274.70001220703125,33.29571533203125,14.19175910949707,10.13979434967041,115.837
2001-11-19,272.70001220703125,34.242923736572266,14.230436325073242,10.47590160369873,115.837
2001-11-20,273.0,32.66143798828125,14.213857650756836,10.34749698638916,115.837
2001-11-21,272.8999938964844,32.492305755615234,14.396228790283203,10.249312400817871,115.837
2001-11-22,272.8999938964844,32.492305755615234,14.396228790283203,10.249312400817871,115.837
2001-11-23,272.8999938964844,33.2196044921875,14.440442085266113,10.366382598876953,115.837
2001-11-24,272.8999938964844,33.2196044921875,14.440442085266113,10.366382598876953,115.837
2001-11-25,272.8999938964844,33.2196044921875,14.440442085266113,10.366382598876953,115.837
2001-11-26,272.29998779296875,34.03995132446289,14.451496124267578,10.449462890625,115.837
2001-11-27,273.20001220703125,33.997657775878906,14.291234016418457,10.260640144348145,115.837
2001-11-28,274.1000061035156,32.771366119384766,14.119913101196289,10.196441650390625,115.837
2001-11-29,273.5,33.7862434387207,14.39069938659668,10.268187522888184,115.837
2001-11-30,273.8999938964844,33.532527923583984,14.368598937988281,10.34749698638916,115.837
2001-12-01,273.8999938964844,33.532527923583984,14.368598937988281,10.34749698638916,116.054
2001-12-02,273.8999938964844,33.532527923583984,14.368598937988281,10.34749698638916,116.054
2001-12-03,276.8999938964844,32.957435607910156,14.363072395324707,10.196441650390625,116.054
2001-12-04,275.3999938964844,34.53046417236328,14.368598937988281,10.423027992248535,116.054
2001-12-05,273.70001220703125,36.23879623413086,14.2359619140625,10.732695579528809,116.054
2001-12-06,274.20001220703125,36.28953552246094,14.20280647277832,10.611851692199707,116.054
2001-12-07,273.8999938964844,35.29159927368164,14.269122123718262,10.615629196166992,116.054
2001-12-08,273.8999938964844,35.29159927368164,14.269122123718262,10.615629196166992,116.054
2001-12-09,273.8999938964844,35.29159927368164,14.269122123718262,10.615629196166992,116.054
2001-12-10,272.20001220703125,34.67422866821289,13.992801666259766,10.47590160369873,116.054
2001-12-11,272.20001220703125,34.868751525878906,13.843592643737793,10.40414810180664,116.054
2001-12-12,273.79998779296875,35.14784622192383,13.871220588684082,10.423027992248535,116.054
2001-12-13,273.8999938964844,33.62553787231445,13.733067512512207,10.305953979492188,116.054
2001-12-14,278.0,33.921539306640625,13.677796363830566,10.389039993286133,116.054
2001-12-15,278.0,33.921539306640625,13.677796363830566,10.389039993286133,116.054
2001-12-16,278.0,33.921539306640625,13.677796363830566,10.389039993286133,116.054
2001-12-17,277.70001220703125,34.505096435546875,14.025968551635742,10.502335548400879,116.054
2001-12-18,280.3999938964844,34.89411544799805,13.948592185974121,10.611851692199707,116.054
2001-12-19,275.5,34.25982666015625,14.119913101196289,10.664721488952637,116.054
2001-12-20,276.0,32.805206298828125,14.142017364501953,10.600522994995117,116.054
2001-12-21,278.0,33.38874435424805,14.286210060119629,10.753334045410156,116.054
2001-12-22,278.0,33.38874435424805,14.286210060119629,10.753334045410156,116.054
2001-12-23,278.0,33.38874435424805,14.286210060119629,10.753334045410156,116.054
2001-12-24,278.0,33.25343704223633,14.280659675598145,10.79115104675293,116.054
2001-12-25,278.0,33.25343704223633,14.280659675598145,10.79115104675293,116.054
2001-12-26,279.70001220703125,33.566341400146484,14.319480895996094,10.893275260925293,116.054
2001-12-27,277.3999938964844,33.836971282958984,14.230753898620605,10.904626846313477,116.054
2001-12-28,276.5,34.107601165771484,14.169743537902832,10.984057426452637,116.054
2001-12-29,276.5,34.107601165771484,14.169743537902832,10.984057426452637,116.054
2001-12-30,276.5,34.107601165771484,14.169743537902832,10.984057426452637,116.054
2001-12-31,278.70001220703125,32.90668869018555,14.086556434631348,10.817628860473633,116.054
2002-01-01,278.70001220703125,32.90668869018555,14.086556434631348,10.817628860473633,116.436
2002-01-02,278.8999938964844,33.921539306640625,14.036643028259277,10.851669311523438,116.436
2002-01-03,278.20001220703125,35.09709930419922,13.992279052734375,10.817628860473633,116.436
2002-01-04,278.8999938964844,35.240848541259766,13.953451156616211,10.995404243469238,116.436
2002-01-05,278.8999938964844,35.240848541259766,13.953451156616211,10.995404243469238,116.436
2002-01-06,278.8999938964844,35.240848541259766,13.953451156616211,10.995404243469238,116.436
2002-01-07,278.6000061035156,34.8518180847168,13.848079681396484,10.931102752685547,116.436
2002-01-08,278.8999938964844,35.08864212036133,13.775986671447754,10.968924522399902,116.436
2002-01-09,283.3999938964844,34.76726531982422,13.825888633728027,10.817628860473633,116.436
2002-01-10,287.1000061035156,34.99559783935547,13.848079681396484,10.893275260925293,116.436
2002-01-11,287.3999938964844,34.54736328125,13.881355285644531,10.689029693603516,116.436
2002-01-12,287.3999938964844,34.54736328125,13.881355285644531,10.689029693603516,116.436
2002-01-13,287.3999938964844,34.54736328125,13.881355285644531,10.689029693603516,116.436
2002-01-14,285.3999938964844,33.79469680786133,13.992279052734375,10.609598159790039,116.436
2002-01-15,284.3999938964844,34.116065979003906,14.008920669555664,10.677679061889648,116.436
2002-01-16,287.29998779296875,32.79676055908203,13.875814437866211,10.496127128601074,116.436
2002-01-17,284.3999938964844,33.532527923583984,14.003374099731445,10.62094783782959,116.436
2002-01-18,283.1000061035156,32.63604736328125,13.947907447814941,10.590682029724121,116.436
2002-01-19,283.1000061035156,32.63604736328125,13.947907447814941,10.590682029724121,116.436
2002-01-20,283.1000061035156,32.63604736328125,13.947907447814941,10.590682029724121,116.436
2002-01-21,283.1000061035156,32.63604736328125,13.947907447814941,10.590682029724121,116.436
2002-01-22,281.5,31.629669189453125,14.103192329406738,10.658768653869629,116.436
2002-01-23,278.6000061035156,32.50075149536133,14.153104782104492,10.889492988586426,116.436
2002-01-24,278.1000061035156,32.93207550048828,13.947907447814941,10.893275260925293,116.436
2002-01-25,278.79998779296875,32.839046478271484,13.920177459716797,10.779802322387695,116.436
2002-01-26,278.79998779296875,32.839046478271484,13.920177459716797,10.779802322387695,116.436
2002-01-27,278.79998779296875,32.839046478271484,13.920177459716797,10.779802322387695,116.436
2002-01-28,278.29998779296875,33.025081634521484,13.920177459716797,10.965136528015137,116.436
2002-01-29,281.3999938964844,32.12017822265625,13.74825668334961,10.734415054321289,116.436
2002-01-30,281.8999938964844,32.36543273925781,13.914631843566895,11.00675106048584,116.436
2002-01-31,282.1000061035156,32.56840133666992,13.992279052734375,11.173172950744629,116.436
2002-02-01,286.0,32.255496978759766,14.003374099731445,11.059701919555664,116.917
2002-02-02,286.0,32.255496978759766,14.003374099731445,11.059701919555664,116.917
2002-02-03,286.0,32.255496978759766,14.003374099731445,11.059701919555664,116.917
2002-02-04,289.29998779296875,31.223726272583008,13.853629112243652,10.874369621276855,116.917
2002-02-05,298.20001220703125,30.707843780517578,14.014452934265137,10.863015174865723,116.917
2002-02-06,297.5,30.496408462524414,13.947907447814941,10.776021957397461,116.917
2002-02-07,299.70001220703125,29.760650634765625,13.798165321350098,10.647418975830078,116.917
2002-02-08,303.5,30.589448928833008,13.83144760131836,10.741984367370605,116.917
2002-02-09,303.5,30.589448928833008,13.83144760131836,10.741984367370605,116.917
2002-02-10,303.5,30.589448928833008,13.83144760131836,10.741984367370605,116.917
2002-02-11,300.1000061035156,30.978466033935547,14.053278923034668,11.063484191894531,116.917
2002-02-12,300.70001220703125,30.724763870239258,14.047735214233398,10.968924522399902,116.917
2002-02-13,299.3999938964844,31.249094009399414,14.13647174835205,11.131569862365723,116.917
2002-02-14,299.70001220703125,31.189903259277344,14.13647174835205,11.173172950744629,116.917
2002-02-15,298.3999938964844,30.259618759155273,14.142011642456055,11.044577598571777,116.917
2002-02-16,298.3999938964844,30.259618759155273,14.142011642456055,11.044577598571777,116.917
2002-02-17,298.3999938964844,30.259618759155273,14.142011642456055,11.044577598571777,116.917
2002-02-18,298.3999938964844,30.259618759155273,14.142011642456055,11.044577598571777,116.917
2002-02-19,293.20001220703125,29.329345703125,13.964544296264648,10.915968894958496,116.917
2002-02-20,292.29998779296875,29.726823806762695,14.247384071350098,11.131569862365723,116.917
2002-02-21,293.20001220703125,28.314470291137695,14.069918632507324,11.025659561157227,116.917
2002-02-22,293.20001220703125,28.45824432373047,14.302848815917969,11.040790557861328,116.917
2002-02-23,293.20001220703125,28.45824432373047,14.302848815917969,11.040790557861328,116.917
2002-02-24,293.20001220703125,28.45824432373047,14.302848815917969,11.040790557861328,116.917
2002-02-25,292.70001220703125,29.608413696289062,14.325034141540527,11.22612190246582,116.917
2002-02-26,298.0,29.498464584350586,14.319480895996094,11.347162246704102,116.917
2002-02-27,296.29998779296875,29.092529296875,14.336122512817383,11.328251838684082,116.917
2002-02-28,296.70001220703125,28.568193435668945,14.286210060119629,11.23369026184082,116.917
2002-03-01,298.0,30.225788116455078,14.557952880859375,11.339601516723633,117.93
2002-03-02,298.0,30.225788116455078,14.557952880859375,11.339601516723633,117.93
2002-03-03,298.0,30.225788116455078,14.557952880859375,11.339601516723633,117.93
2002-03-04,296.70001220703125,31.418230056762695,14.563501358032227,11.509809494018555,117.93
2002-03-05,294.0,31.646583557128906,14.308394432067871,11.173172950744629,117.93
2002-03-06,293.5,31.798799514770508,14.424854278564453,11.328251838684082,117.93
2002-03-07,290.1000061035156,31.866455078125,14.419310569763184,11.415249824523926,117.93
2002-03-08,290.1000061035156,32.7037353515625,14.369400024414062,11.479549407958984,117.93
2002-03-09,290.1000061035156,32.7037353515625,14.369400024414062,11.479549407958984,117.93
2002-03-10,290.1000061035156,32.7037353515625,14.369400024414062,11.479549407958984,117.93
2002-03-11,291.1000061035156,32.585304260253906,14.369400024414062,11.426590919494629,117.93
2002-03-12,293.6000061035156,32.1370964050293,14.36385440826416,11.449291229248047,117.93
2002-03-13,293.6000061035156,31.359027862548828,14.474764823913574,11.42281436920166,117.93
2002-03-14,291.0,31.1729679107666,14.43595027923584,11.42281436920166,117.93
2002-03-15,289.8999938964844,31.485897064208984,14.7001371383667,11.569755554199219,117.93
2002-03-16,289.8999938964844,31.485897064208984,14.7001371383667,11.569755554199219,117.93
2002-03-17,289.8999938964844,31.485897064208984,14.7001371383667,11.569755554199219,117.93
2002-03-18,292.1000061035156,31.663509368896484,14.655640602111816,11.573537826538086,117.93
2002-03-19,292.79998779296875,31.612751007080078,14.711260795593262,11.622773170471191,117.93
2002-03-20,292.1000061035156,30.496408462524414,14.422042846679688,11.577326774597168,117.93
2002-03-21,292.79998779296875,31.308292388916016,14.533282279968262,11.433416366577148,117.93
2002-03-22,297.29998779296875,31.020753860473633,14.54996395111084,11.380400657653809,117.93
2002-03-23,297.29998779296875,31.020753860473633,14.54996395111084,11.380400657653809,117.93
2002-03-24,297.29998779296875,31.020753860473633,14.54996395111084,11.380400657653809,117.93
2002-03-25,297.3999938964844,30.073562622070312,14.405364036560059,11.172103881835938,117.93
2002-03-26,296.6000061035156,30.352636337280273,14.516593933105469,11.323592185974121,117.93
2002-03-27,302.20001220703125,30.115827560424805,14.472103118896484,11.399334907531738,117.93
2002-03-28,302.6000061035156,30.496408462524414,14.516593933105469,11.376606941223145,117.93
2002-03-29,302.6000061035156,30.496408462524414,14.516593933105469,11.376606941223145,117.93
2002-03-30,302.6000061035156,30.496408462524414,14.516593933105469,11.376606941223145,117.93
2002-03-31,302.6000061035156,30.496408462524414,14.516593933105469,11.376606941223145,117.93
2002-04-01,303.20001220703125,31.079944610595703,14.488786697387695,11.164532661437988,119.21
2002-04-02,305.8999938964844,29.67606544494629,14.388669967651367,10.963813781738281,119.21
2002-04-03,302.6000061035156,29.625316619873047,14.399798393249512,10.880494117736816,119.21
2002-04-04,301.1000061035156,29.39698600769043,14.232943534851074,11.028189659118652,119.21
2002-04-05,300.1000061035156,29.06715965270996,14.11613941192627,11.096357345581055,119.21
2002-04-06,300.1000061035156,29.06715965270996,14.11613941192627,11.096357345581055,119.21
2002-04-07,300.1000061035156,29.06715965270996,14.11613941192627,11.096357345581055,119.21
2002-04-08,300.5,29.43082046508789,14.16063404083252,11.262996673583984,119.21
2002-04-09,298.79998779296875,28.407501220703125,14.149511337280273,11.34252643585205,119.21
2002-04-10,301.70001220703125,28.618915557861328,14.38310718536377,11.47507095336914,119.21
2002-04-11,302.20001220703125,27.908531188964844,14.18844223022461,11.300865173339844,119.21
2002-04-12,302.1000061035156,28.34829330444336,14.266304969787598,11.531880378723145,119.21
2002-04-13,302.1000061035156,28.34829330444336,14.266304969787598,11.531880378723145,119.21
2002-04-14,302.1000061035156,28.34829330444336,14.266304969787598,11.531880378723145,119.21
2002-04-15,300.0,28.576635360717773,14.255191802978516,11.357671737670898,119.21
2002-04-16,298.79998779296875,29.769088745117188,14.405364036560059,11.524304389953613,119.21
2002-04-17,302.1000061035156,29.616863250732422,14.194005966186523,11.40691089630127,119.21
2002-04-18,304.5,29.050220489501953,14.338603019714355,11.331162452697754,119.21
2002-04-19,302.29998779296875,29.143266677856445,14.366425514221191,11.380400657653809,119.21
2002-04-20,302.29998779296875,29.143266677856445,14.366425514221191,11.380400657653809,119.21
2002-04-21,302.29998779296875,29.143266677856445,14.366425514221191,11.380400657653809,119.21
2002-04-22,303.0,28.407501220703125,14.282992362976074,11.270567893981934,119.21
2002-04-23,304.0,27.916988372802734,14.166193962097168,11.28950309753418,119.21
2002-04-24,304.29998779296875,27.485668182373047,14.105015754699707,11.19104290008545,119.21
2002-04-25,308.1000061035156,27.41801643371582,14.149511337280273,11.221335411071777,119.21
2002-04-26,311.6000061035156,26.250932693481445,14.060513496398926,11.153166770935059,119.21
2002-04-27,311.6000061035156,26.250932693481445,14.060513496398926,11.153166770935059,119.21
2002-04-28,311.6000061035156,26.250932693481445,14.060513496398926,11.153166770935059,119.21
2002-04-29,311.20001220703125,26.318592071533203,13.915913581848145,11.031975746154785,119.21
2002-04-30,308.8999938964844,26.834470748901367,13.977094650268555,11.058485984802246,119.21
2002-05-01,309.1000061035156,26.690704345703125,14.177321434020996,11.119084358215332,120.789
2002-05-02,308.29998779296875,25.802711486816406,14.177321434020996,11.221335411071777,120.789
2002-05-03,312.20001220703125,25.15151023864746,14.043834686279297,11.069852828979492,120.789
2002-05-04,312.20001220703125,25.15151023864746,14.043834686279297,11.069852828979492,120.789
2002-05-05,312.20001220703125,25.15151023864746,14.043834686279297,11.069852828979492,120.789
2002-05-06,311.20001220703125,24.500303268432617,13.943717956542969,10.869132041931152,120.789
2002-05-07,311.6000061035156,24.271963119506836,13.749054908752441,11.028189659118652,120.789
2002-05-08,308.20001220703125,26.868303298950195,13.999333381652832,11.19104290008545,120.789
2002-05-09,309.5,26.174816131591797,13.854724884033203,11.020613670349121,120.789
2002-05-10,311.0,24.99927520751953,13.826915740966797,10.838833808898926,120.789
2002-05-11,311.0,24.99927520751953,13.826915740966797,10.838833808898926,120.789
2002-05-12,311.0,24.99927520751953,13.826915740966797,10.838833808898926,120.789
2002-05-13,310.6000061035156,26.014135360717773,13.96596622467041,10.9562349319458,120.789
2002-05-14,307.29998779296875,27.54486656188965,14.021586418151855,11.346309661865234,120.789
2002-05-15,308.70001220703125,27.747835159301758,13.815799713134766,11.278141021728516,120.789
2002-05-16,309.79998779296875,27.790130615234375,13.832476615905762,11.361458778381348,120.789
2002-05-17,310.6000061035156,27.849328994750977,13.9937744140625,11.456141471862793,120.789
2002-05-18,310.6000061035156,27.849328994750977,13.9937744140625,11.456141471862793,120.789
2002-05-19,310.6000061035156,27.849328994750977,13.9937744140625,11.456141471862793,120.789
2002-05-20,315.70001220703125,27.240413665771484,13.927032470703125,11.418268203735352,120.789
2002-05-21,315.79998779296875,26.496179580688477,13.81023120880127,11.134233474731445,120.789
2002-05-22,318.0,26.55537986755371,13.932587623596191,11.085000038146973,120.789
2002-05-23,322.5,27.088191986083984,13.977094650268555,11.19104290008545,120.789
2002-05-24,320.3999938964844,26.420080184936523,13.815799713134766,11.103935241699219,120.789
2002-05-25,320.3999938964844,26.420080184936523,13.815799713134766,11.103935241699219,120.789
2002-05-26,320.3999938964844,26.420080184936523,13.815799713134766,11.103935241699219,120.789
2002-05-27,320.3999938964844,26.420080184936523,13.815799713134766,11.103935241699219,120.789
2002-05-28,323.8999938964844,26.30167007446289,13.765741348266602,10.92972469329834,120.789
2002-05-29,325.3999938964844,25.60818862915039,13.81023120880127,10.907000541687012,120.789
2002-05-30,325.5,25.828067779541016,13.749054908752441,10.812320709228516,120.789
2002-05-31,326.5,25.405223846435547,13.821357727050781,11.00167179107666,120.789
2002-06-01,326.5,25.405223846435547,13.821357727050781,11.00167179107666,122.334
2002-06-02,326.5,25.405223846435547,13.821357727050781,11.00167179107666,122.334
2002-06-03,326.70001220703125,24.50876235961914,13.504328727722168,10.71006965637207,122.334
2002-06-04,327.79998779296875,24.83013153076172,13.487640380859375,10.6494779586792,122.334
2002-06-05,321.20001220703125,25.083847045898438,13.64337158203125,10.869132041931152,122.334
2002-06-06,324.8999938964844,24.424198150634766,13.337471008300781,10.698708534240723,122.334
2002-06-07,324.6000061035156,23.93367576599121,13.337471008300781,10.71006965637207,122.334
2002-06-08,324.6000061035156,23.93367576599121,13.337471008300781,10.71006965637207,122.334
2002-06-09,324.6000061035156,23.93367576599121,13.337471008300781,10.71006965637207,122.334
2002-06-10,318.70001220703125,23.89139175415039,13.487640380859375,10.888069152832031,122.334
2002-06-11,319.70001220703125,23.2232723236084,13.126117706298828,10.831260681152344,122.334
2002-06-12,320.29998779296875,23.56156349182129,13.114995002746582,10.922150611877441,122.334
2002-06-13,317.70001220703125,23.409337997436523,13.07606029510498,10.672200202941895,122.334
2002-06-14,319.1000061035156,23.358591079711914,13.13168716430664,10.604025840759277,122.334
2002-06-15,319.1000061035156,23.358591079711914,13.13168716430664,10.604025840759277,122.334
2002-06-16,319.1000061035156,23.358591079711914,13.13168716430664,10.604025840759277,122.334
2002-06-17,317.3999938964844,24.153566360473633,13.381969451904297,10.884278297424316,122.334
2002-06-18,319.20001220703125,24.542591094970703,13.348588943481445,10.850194931030273,122.334
2002-06-19,319.79998779296875,23.121795654296875,13.298535346984863,10.80474853515625,122.334
2002-06-20,323.20001220703125,22.377561569213867,13.18173599243164,10.645687103271484,122.334
2002-06-21,324.6000061035156,21.83631134033203,12.825809478759766,10.47912883758545,122.334
2002-06-22,324.6000061035156,21.83631134033203,12.825809478759766,10.47912883758545,122.334
2002-06-23,324.6000061035156,21.83631134033203,12.825809478759766,10.47912883758545,122.334
2002-06-24,324.29998779296875,22.267621994018555,12.697489738464355,10.592950820922852,122.334
2002-06-25,320.20001220703125,21.5318546295166,12.435284614562988,10.414630889892578,122.334
2002-06-26,320.5,21.69253921508789,12.412969589233398,10.319779396057129,122.334
2002-06-27,319.20001220703125,22.1661434173584,12.507806777954102,10.380483627319336,122.334
2002-06-28,313.5,22.073110580444336,12.412969589233398,10.422218322753906,122.334
2002-06-29,313.5,22.073110580444336,12.412969589233398,10.422218322753906,122.334
2002-06-30,313.5,22.073110580444336,12.412969589233398,10.422218322753906,122.334
2002-07-01,314.0,21.01596450805664,12.5357027053833,10.107316017150879,123.688
2002-07-02,312.79998779296875,20.25482177734375,12.452020645141602,9.966936111450195,123.688
2002-07-03,310.8999938964844,20.931394577026367,12.368343353271484,10.095932006835938,123.688
2002-07-04,310.8999938964844,20.931394577026367,12.368343353271484,10.095932006835938,123.688
2002-07-05,310.8999938964844,22.276081085205078,12.530120849609375,10.494305610656738,123.688
2002-07-06,310.8999938964844,22.276081085205078,12.530120849609375,10.494305610656738,123.688
2002-07-07,310.8999938964844,22.276081085205078,12.530120849609375,10.494305610656738,123.688
2002-07-08,312.1000061035156,21.46419906616211,12.507806777954102,10.350132942199707,123.688
2002-07-09,316.1000061035156,20.85527992248535,12.30139446258545,10.11490535736084,123.688
2002-07-10,314.70001220703125,20.212539672851562,12.050338745117188,9.784823417663574,123.688
2002-07-11,317.20001220703125,20.973684310913086,11.849504470825195,9.77723503112793,123.688
2002-07-12,315.6000061035156,20.973684310913086,11.598456382751465,9.652029037475586,123.688
2002-07-13,315.6000061035156,20.973684310913086,11.598456382751465,9.652029037475586,123.688
2002-07-14,315.6000061035156,20.973684310913086,11.598456382751465,9.652029037475586,123.688
2002-07-15,319.6000061035156,21.624874114990234,11.431086540222168,9.504064559936523,123.688
2002-07-16,317.20001220703125,21.303512573242188,11.25256633758545,9.246068000793457,123.688
2002-07-17,317.3999938964844,21.69253921508789,11.302778244018555,9.196744918823242,123.688
2002-07-18,317.0,20.91448211669922,11.046146392822266,9.04498291015625,123.688
2002-07-19,323.8999938964844,20.28864860534668,10.532894134521484,8.604875564575195,123.688
2002-07-20,323.8999938964844,20.28864860534668,10.532894134521484,8.604875564575195,123.688
2002-07-21,323.8999938964844,20.28864860534668,10.532894134521484,8.604875564575195,123.688
2002-07-22,323.6000061035156,19.789684295654297,10.62215518951416,8.464499473571777,123.688
2002-07-23,312.70001220703125,18.943971633911133,10.672364234924316,8.327910423278809,123.688
2002-07-24,311.5,19.975744247436523,11.21908950805664,8.817341804504395,123.688
2002-07-25,309.79998779296875,18.817110061645508,11.358562469482422,8.67316722869873,123.688
2002-07-26,303.3999938964844,19.172317504882812,11.408772468566895,8.775602340698242,123.688
2002-07-27,303.3999938964844,19.172317504882812,11.408772468566895,8.775602340698242,123.688
2002-07-28,303.3999938964844,19.172317504882812,11.408772468566895,8.775602340698242,123.688
2002-07-29,302.5,20.153339385986328,11.737927436828613,9.257445335388184,123.688
2002-07-30,303.70001220703125,20.559280395507812,11.620766639709473,9.223304748535156,123.688
2002-07-31,303.20001220703125,20.170255661010742,11.882975578308105,9.177775382995605,123.688
2002-08-01,304.0,19.22305679321289,11.771397590637207,8.897015571594238,124.731
2002-08-02,307.0,18.817110061645508,11.749085426330566,8.502436637878418,124.731
2002-08-03,307.0,18.817110061645508,11.749085426330566,8.502436637878418,124.731
2002-08-04,307.0,18.817110061645508,11.749085426330566,8.502436637878418,124.731
2002-08-05,307.79998779296875,18.132083892822266,11.587294578552246,8.30514907836914,124.731
2002-08-06,305.5,19.028545379638672,11.598456382751465,8.55176067352295,124.731
2002-08-07,314.29998779296875,19.282258987426758,11.866236686706543,8.67316722869873,124.731
2002-08-08,310.3999938964844,19.933456420898438,12.139603614807129,8.7869873046875,124.731
2002-08-09,314.20001220703125,19.730485916137695,12.195399284362793,8.821136474609375,124.731
2002-08-10,314.20001220703125,19.730485916137695,12.195399284362793,8.821136474609375,124.731
2002-08-11,314.20001220703125,19.730485916137695,12.195399284362793,8.821136474609375,124.731
2002-08-12,314.1000061035156,19.789684295654297,12.156342506408691,8.695932388305664,124.731
2002-08-13,314.20001220703125,19.11311912536621,12.0391845703125,8.597286224365234,124.731
2002-08-14,311.79998779296875,20.330944061279297,12.435284614562988,9.067748069763184,124.731
2002-08-15,314.29998779296875,20.745328903198242,12.32370662689209,9.439565658569336,124.731
2002-08-16,313.70001220703125,20.88911247253418,12.267918586730957,9.428183555603027,124.731
2002-08-17,313.70001220703125,20.88911247253418,12.267918586730957,9.428183555603027,124.731
2002-08-18,313.70001220703125,20.88911247253418,12.267918586730957,9.428183555603027,124.731
2002-08-19,306.0,21.39653205871582,12.362756729125977,9.648239135742188,124.731
2002-08-20,308.70001220703125,21.303512573242188,12.306971549987793,9.579947471618652,124.731
2002-08-21,307.6000061035156,21.7771053314209,12.290238380432129,9.739293098449707,124.731
2002-08-22,306.6000061035156,22.12384796142578,12.35159683227539,9.887256622314453,124.731
2002-08-23,306.70001220703125,21.269681930541992,12.156342506408691,9.614090919494629,124.731
2002-08-24,306.70001220703125,21.269681930541992,12.156342506408691,9.614090919494629,124.731
2002-08-25,306.70001220703125,21.269681930541992,12.156342506408691,9.614090919494629,124.731
2002-08-26,309.3999938964844,21.3542537689209,12.184236526489258,9.671000480651855,124.731
2002-08-27,312.29998779296875,20.610029220581055,12.150762557983398,9.473711013793945,124.731
2002-08-28,309.3999938964844,19.85733985900879,12.02245044708252,9.36368465423584,124.731
2002-08-29,312.8999938964844,20.119510650634766,11.888554573059082,9.450946807861328,124.731
2002-08-30,312.3999938964844,19.86580467224121,11.977818489074707,9.454741477966309,124.731
2002-08-31,312.3999938964844,19.86580467224121,11.977818489074707,9.454741477966309,124.731
2002-09-01,312.3999938964844,19.86580467224121,11.977818489074707,9.454741477966309,125.495
2002-09-02,312.3999938964844,19.86580467224121,11.977818489074707,9.454741477966309,125.495
2002-09-03,313.3999938964844,19.146944046020508,11.71561050415039,9.117066383361816,125.495
2002-09-04,314.8999938964844,19.22305679321289,11.81045150756836,9.287798881530762,125.495
2002-09-05,318.20001220703125,18.74945831298828,11.8048734664917,9.117066383361816,125.495
2002-09-06,319.8999938964844,19.324541091918945,11.8048734664917,9.401627540588379,125.495
2002-09-07,319.8999938964844,19.324541091918945,11.8048734664917,9.401627540588379,125.495
2002-09-08,319.8999938964844,19.324541091918945,11.8048734664917,9.401627540588379,125.495
2002-09-09,321.29998779296875,19.51905632019043,12.0391845703125,9.52682876586914,125.495
2002-09-10,317.8999938964844,20.001117706298828,12.033604621887207,9.644442558288574,125.495
2002-09-11,316.6000061035156,19.83197021484375,12.0112886428833,9.648239135742188,125.495
2002-09-12,318.8999938964844,19.290714263916016,11.855083465576172,9.40921401977539,125.495
2002-09-13,316.6000061035156,19.44293785095215,11.922029495239258,9.504064559936523,125.495
2002-09-14,316.6000061035156,19.44293785095215,11.922029495239258,9.504064559936523,125.495
2002-09-15,316.6000061035156,19.44293785095215,11.922029495239258,9.504064559936523,125.495
2002-09-16,317.1000061035156,19.163860321044922,12.094974517822266,9.530620574951172,125.495
2002-09-17,317.0,18.757915496826172,11.788137435913086,9.424389839172363,125.495
2002-09-18,320.6000061035156,18.546483993530273,11.793718338012695,9.435772895812988,125.495
2002-09-19,322.6000061035156,18.2504825592041,11.453409194946289,9.10568618774414,125.495
2002-09-20,321.8999938964844,18.326597213745117,11.454524993896484,9.242443084716797,125.495
2002-09-21,321.8999938964844,18.326597213745117,11.454524993896484,9.242443084716797,125.495
2002-09-22,321.8999938964844,18.326597213745117,11.454524993896484,9.242443084716797,125.495
2002-09-23,323.0,17.77688980102539,11.409602165222168,8.95373821258545,125.495
2002-09-24,325.8999938964844,17.78534507751465,11.224315643310547,8.81318473815918,125.495
2002-09-25,322.20001220703125,18.495737075805664,11.314149856567383,8.98792839050293,125.495
2002-09-26,320.29998779296875,18.26739501953125,11.572443962097168,9.20445728302002,125.495
2002-09-27,319.70001220703125,18.022140502929688,11.229928970336914,8.934741020202637,125.495
2002-09-28,319.70001220703125,18.022140502929688,11.229928970336914,8.934741020202637,125.495
2002-09-29,319.70001220703125,18.022140502929688,11.229928970336914,8.934741020202637,125.495
2002-09-30,323.8999938964844,17.52317237854004,11.11201286315918,8.611844062805176,125.495
2002-10-01,320.8999938964844,18.588769912719727,11.4432954788208,8.851168632507324,126.138
2002-10-02,321.5,17.971403121948242,11.381532669067383,8.65363597869873,126.138
2002-10-03,321.1000061035156,17.540081024169922,11.353453636169434,8.611844062805176,126.138
2002-10-04,322.1000061035156,17.21025848388672,11.229928970336914,8.501679420471191,126.138
2002-10-05,322.1000061035156,17.21025848388672,11.229928970336914,8.501679420471191,126.138
2002-10-06,322.1000061035156,17.21025848388672,11.229928970336914,8.501679420471191,126.138
2002-10-07,321.8999938964844,17.049570083618164,11.20746898651123,8.171186447143555,126.138
2002-10-08,318.20001220703125,17.083404541015625,11.4432954788208,8.414307594299316,126.138
2002-10-09,319.6000061035156,16.96500587463379,11.297309875488281,8.1104097366333,126.138
2002-10-10,316.5,17.82762908935547,11.347843170166016,8.254761695861816,126.138
2002-10-11,316.29998779296875,18.791732788085938,11.4769868850708,8.65363597869873,126.138
2002-10-12,316.29998779296875,18.791732788085938,11.4769868850708,8.65363597869873,126.138
2002-10-13,316.29998779296875,18.791732788085938,11.4769868850708,8.65363597869873,126.138
2002-10-14,317.79998779296875,19.011632919311523,11.667895317077637,8.722012519836426,126.138
2002-10-15,312.6000061035156,19.924997329711914,11.768963813781738,9.155073165893555,126.138
2002-10-16,314.0,19.265342712402344,11.521909713745117,8.99172592163086,126.138
2002-10-17,311.6000061035156,19.916542053222656,11.572443962097168,9.090492248535156,126.138
2002-10-18,312.70001220703125,20.136430740356445,11.70720100402832,9.215851783752441,126.138
2002-10-19,312.70001220703125,20.136430740356445,11.70720100402832,9.215851783752441,126.138
2002-10-20,312.70001220703125,20.136430740356445,11.70720100402832,9.215851783752441,126.138
2002-10-21,310.8999938964844,20.54236602783203,11.99917984008789,9.420985221862793,126.138
2002-10-22,313.0,20.41551399230957,11.791425704956055,9.367803573608398,126.138
2002-10-23,312.0,20.804534912109375,11.791425704956055,9.474174499511719,126.138
2002-10-24,310.70001220703125,20.28020477294922,11.617361068725586,9.356409072875977,126.138
2002-10-25,313.3999938964844,20.88911247253418,11.695966720581055,9.546344757080078,126.138
2002-10-26,313.3999938964844,20.88911247253418,11.695966720581055,9.546344757080078,126.138
2002-10-27,313.3999938964844,20.88911247253418,11.695966720581055,9.546344757080078,126.138
2002-10-28,315.20001220703125,20.711511611938477,11.437684059143066,9.394400596618652,126.138
2002-10-29,317.70001220703125,20.229454040527344,11.600513458251953,9.383000373840332,126.138
2002-10-30,316.5,20.770706176757812,11.651054382324219,9.219649314880371,126.138
2002-10-31,318.0,20.76224708557129,11.544366836547852,9.1930570602417,126.138
2002-11-01,318.79998779296875,21.3542537689209,11.690356254577637,9.329818725585938,126.644
2002-11-02,318.79998779296875,21.3542537689209,11.690356254577637,9.329818725585938,126.644
2002-11-03,318.79998779296875,21.3542537689209,11.690356254577637,9.329818725585938,126.644
2002-11-04,318.29998779296875,21.903972625732422,11.4264497756958,9.288031578063965,126.644
2002-11-05,318.20001220703125,22.073110580444336,11.538752555847168,9.4133882522583,126.644
2002-11-06,317.5,22.386018753051758,11.4938383102417,9.51975154876709,126.644
2002-11-07,320.5,21.59952163696289,11.465760231018066,9.288031578063965,126.644
2002-11-08,321.29998779296875,21.202022552490234,11.3927583694458,9.166465759277344,126.644
2002-11-09,321.29998779296875,21.202022552490234,11.3927583694458,9.166465759277344,126.644
2002-11-10,321.29998779296875,21.202022552490234,11.3927583694458,9.166465759277344,126.644
2002-11-11,321.20001220703125,20.559280395507812,11.359073638916016,9.018315315246582,126.644
2002-11-12,324.5,21.083629608154297,11.022175788879395,9.155073165893555,126.644
2002-11-13,318.70001220703125,21.33733558654785,11.185009002685547,9.181666374206543,126.644
2002-11-14,317.8999938964844,22.073110580444336,11.3366117477417,9.439979553222656,126.644
2002-11-15,320.70001220703125,22.360647201538086,11.41522216796875,9.515958786010742,126.644
2002-11-16,320.70001220703125,22.360647201538086,11.41522216796875,9.515958786010742,126.644
2002-11-17,320.70001220703125,22.360647201538086,11.41522216796875,9.515958786010742,126.644
2002-11-18,319.20001220703125,22.03082275390625,11.3646879196167,9.360208511352539,126.644
2002-11-19,318.6000061035156,21.69253921508789,11.432065963745117,9.166465759277344,126.644
2002-11-20,317.3999938964844,22.614360809326172,11.420827865600586,9.253843307495117,126.644
2002-11-21,317.3999938964844,23.451618194580078,11.280460357666016,9.496962547302246,126.644
2002-11-22,320.70001220703125,23.443159103393555,11.280460357666016,9.523550987243652,126.644
2002-11-23,320.70001220703125,23.443159103393555,11.280460357666016,9.523550987243652,126.644
2002-11-24,320.70001220703125,23.443159103393555,11.280460357666016,9.523550987243652,126.644
2002-11-25,317.79998779296875,23.671506881713867,11.20746898651123,9.584336280822754,126.644
2002-11-26,317.70001220703125,22.87653160095215,11.134472846984863,9.322218894958496,126.644
2002-11-27,316.79998779296875,23.60384178161621,11.291692733764648,9.709694862365723,126.644
2002-11-28,316.79998779296875,23.60384178161621,11.291692733764648,9.709694862365723,126.644
2002-11-29,316.79998779296875,23.443159103393555,11.224315643310547,9.618522644042969,126.644
2002-11-30,316.79998779296875,23.443159103393555,11.224315643310547,9.618522644042969,126.644
2002-12-01,316.79998779296875,23.443159103393555,11.224315643310547,9.618522644042969,127.152
2002-12-02,317.6000061035156,23.67995834350586,11.134472846984863,9.686901092529297,127.152
2002-12-03,320.20001220703125,22.978023529052734,11.20185661315918,9.383000373840332,127.152
2002-12-04,322.20001220703125,22.470590591430664,11.3703031539917,9.383000373840332,127.152
2002-12-05,324.79998779296875,22.157676696777344,11.258005142211914,9.31842041015625,127.152
2002-12-06,326.29998779296875,22.386018753051758,11.347843170166016,9.307024955749512,127.152
2002-12-07,326.29998779296875,22.386018753051758,11.347843170166016,9.307024955749512,127.152
2002-12-08,326.29998779296875,22.386018753051758,11.347843170166016,9.307024955749512,127.152
2002-12-09,325.79998779296875,21.328880310058594,11.314149856567383,9.003122329711914,127.152
2002-12-10,323.5,21.650249481201172,11.465760231018066,9.166465759277344,127.152
2002-12-11,324.79998779296875,21.751733779907227,11.39837646484375,9.155073165893555,127.152
2002-12-12,331.3999938964844,21.87013053894043,11.325385093688965,9.098090171813965,127.152
2002-12-13,333.20001220703125,21.176654815673828,11.33099365234375,8.934741020202637,127.152
2002-12-14,333.20001220703125,21.176654815673828,11.33099365234375,8.934741020202637,127.152
2002-12-15,333.20001220703125,21.176654815673828,11.33099365234375,8.934741020202637,127.152
2002-12-16,337.0,21.861677169799805,11.387150764465332,9.155073165893555,127.152
2002-12-17,337.3999938964844,21.9293270111084,11.269232749938965,9.022116661071777,127.152
2002-12-18,342.1000061035156,21.46419906616211,11.252379417419434,8.908156394958496,127.152
2002-12-19,345.8999938964844,21.193561553955078,11.106398582458496,8.828372955322266,127.152
2002-12-20,340.5,21.4134521484375,11.295506477355957,8.93994140625,127.152
2002-12-21,340.5,21.4134521484375,11.295506477355957,8.93994140625,127.152
2002-12-22,340.5,21.4134521484375,11.295506477355957,8.93994140625,127.152
2002-12-23,345.1000061035156,21.709463119506836,11.329370498657227,8.814291000366211,127.152
2002-12-24,346.79998779296875,21.438819885253906,11.329370498657227,8.768598556518555,127.152
2002-12-25,346.79998779296875,21.438819885253906,11.329370498657227,8.768598556518555,127.152
2002-12-26,348.8999938964844,21.37962532043457,11.323722839355469,8.867598533630371,127.152
2002-12-27,349.20001220703125,20.990598678588867,11.233410835266113,8.661993026733398,127.152
2002-12-28,349.20001220703125,20.990598678588867,11.233410835266113,8.661993026733398,127.152
2002-12-29,349.20001220703125,20.990598678588867,11.233410835266113,8.661993026733398,127.152
2002-12-30,343.3999938964844,20.829914093017578,11.301149368286133,8.745757102966309,127.152
2002-12-31,347.6000061035156,20.610029220581055,11.255990982055664,8.799062728881836,127.152
2003-01-01,347.6000061035156,20.610029220581055,11.255990982055664,8.799062728881836,127.653
2003-01-02,346.1000061035156,21.481111526489258,11.470495223999023,9.130306243896484,127.653
2003-01-03,351.20001220703125,21.717912673950195,11.459206581115723,8.920900344848633,127.653
2003-01-04,351.20001220703125,21.717912673950195,11.459206581115723,8.920900344848633,127.653
2003-01-05,351.20001220703125,21.717912673950195,11.459206581115723,8.920900344848633,127.653
2003-01-06,351.70001220703125,22.25916862487793,11.543882369995117,9.084622383117676,127.653
2003-01-07,347.29998779296875,22.538251876831055,11.442273139953613,9.035126686096191,127.653
2003-01-08,353.8999938964844,21.903972625732422,11.374537467956543,8.951358795166016,127.653
2003-01-09,353.29998779296875,22.580543518066406,11.487430572509766,9.19884204864502,127.653
2003-01-10,354.5,22.91883087158203,11.521300315856934,9.221692085266113,127.653
2003-01-11,354.5,22.91883087158203,11.521300315856934,9.221692085266113,127.653
2003-01-12,354.5,22.91883087158203,11.521300315856934,9.221692085266113,127.653
2003-01-13,354.70001220703125,22.78351593017578,11.54952335357666,9.267380714416504,127.653
2003-01-14,352.0,22.901906967163086,11.583396911621094,9.278802871704102,127.653
2003-01-15,350.70001220703125,22.614360809326172,11.470495223999023,9.16838264465332,127.653
2003-01-16,357.70001220703125,22.360647201538086,11.639849662780762,9.134119987487793,127.653
2003-01-17,356.6000061035156,21.40498924255371,11.572105407714844,9.042738914489746,127.653
2003-01-18,356.6000061035156,21.40498924255371,11.572105407714844,9.042738914489746,127.653
2003-01-19,356.6000061035156,21.40498924255371,11.572105407714844,9.042738914489746,127.653
2003-01-20,356.6000061035156,21.40498924255371,11.572105407714844,9.042738914489746,127.653
2003-01-21,357.29998779296875,21.168188095092773,11.487430572509766,8.787641525268555,127.653
2003-01-22,359.70001220703125,21.083629608154297,11.351951599121094,8.661993026733398,127.653
2003-01-23,364.5,21.574138641357422,11.272923469543457,8.863789558410645,127.653
2003-01-24,368.20001220703125,20.990598678588867,11.02454948425293,8.616303443908691,127.653
2003-01-25,368.20001220703125,20.990598678588867,11.02454948425293,8.616303443908691,127.653
2003-01-26,368.20001220703125,20.990598678588867,11.02454948425293,8.616303443908691,127.653
2003-01-27,369.3999938964844,20.745328903198242,10.877779006958008,8.479231834411621,127.653
2003-01-28,370.0,20.95676040649414,10.911652565002441,8.604880332946777,127.653
2003-01-29,366.29998779296875,21.269681930541992,10.793108940124512,8.681021690368652,127.653
2003-01-30,368.6000061035156,20.719970703125,10.595531463623047,8.433540344238281,127.653
2003-01-31,368.29998779296875,20.669227600097656,10.872135162353516,8.50588321685791,127.653
2003-02-01,368.29998779296875,20.669227600097656,10.872135162353516,8.50588321685791,128.327
2003-02-02,368.29998779296875,20.669227600097656,10.872135162353516,8.50588321685791,128.327
2003-02-03,370.79998779296875,20.711511611938477,10.911652565002441,8.536341667175293,128.327
2003-02-04,379.0,20.457794189453125,10.917291641235352,8.361201286315918,128.327
2003-02-05,376.3999938964844,20.364765167236328,10.838266372680664,8.338358879089355,128.327
2003-02-06,370.1000061035156,20.47470474243164,10.753591537475586,8.307901382446289,128.327
2003-02-07,369.8999938964844,20.136430740356445,10.680206298828125,8.24316692352295,128.327
2003-02-08,369.8999938964844,20.136430740356445,10.680206298828125,8.24316692352295,128.327
2003-02-09,369.8999938964844,20.136430740356445,10.680206298828125,8.24316692352295,128.327
2003-02-10,363.70001220703125,20.314022064208984,10.753591537475586,8.246979713439941,128.327
2003-02-11,362.5,20.423959732055664,10.550375938415527,8.277438163757324,128.327
2003-02-12,352.6000061035156,20.1448917388916,10.550375938415527,8.208901405334473,128.327
2003-02-13,357.3999938964844,20.246370315551758,10.561663627624512,8.106101036071777,128.327
2003-02-14,351.8999938964844,20.711511611938477,10.753591537475586,8.281246185302734,128.327
2003-02-15,351.8999938964844,20.711511611938477,10.753591537475586,8.281246185302734,128.327
2003-02-16,351.8999938964844,20.711511611938477,10.753591537475586,8.281246185302734,128.327
2003-02-17,351.8999938964844,20.711511611938477,10.753591537475586,8.281246185302734,128.327
2003-02-18,344.20001220703125,21.3542537689209,10.82697582244873,8.50969123840332,128.327
2003-02-19,349.8999938964844,21.210485458374023,10.742303848266602,8.391663551330566,128.327
2003-02-20,353.1000061035156,21.12590789794922,10.635046005249023,8.3117036819458,128.327
2003-02-21,351.79998779296875,21.286598205566406,10.6971435546875,8.43735122680664,128.327
2003-02-22,351.79998779296875,21.286598205566406,10.6971435546875,8.43735122680664,128.327
2003-02-23,351.79998779296875,21.286598205566406,10.6971435546875,8.43735122680664,128.327
2003-02-24,356.29998779296875,20.92293930053711,10.550375938415527,8.201289176940918,128.327
2003-02-25,352.29998779296875,20.94831085205078,10.629403114318848,8.368815422058105,128.327
2003-02-26,354.0,20.48316764831543,10.572953224182129,8.254587173461914,128.327
2003-02-27,346.1000061035156,20.94831085205078,10.584242820739746,8.368815422058105,128.327
2003-02-28,350.20001220703125,21.278141021728516,10.539085388183594,8.46781063079834,128.327
2003-03-01,350.20001220703125,21.278141021728516,10.539085388183594,8.46781063079834,129.308
2003-03-02,350.20001220703125,21.278141021728516,10.539085388183594,8.46781063079834,129.308
2003-03-03,349.20001220703125,20.84682846069336,10.454413414001465,8.338358879089355,129.308
2003-03-04,353.20001220703125,20.719970703125,10.364095687866211,8.106101036071777,129.308
2003-03-05,353.1000061035156,20.76224708557129,10.285059928894043,8.208901405334473,129.308
2003-03-06,356.79998779296875,20.711511611938477,10.217326164245605,8.113718032836914,129.308
2003-03-07,350.79998779296875,20.75379180908203,10.228615760803223,8.235556602478027,129.308
2003-03-08,350.79998779296875,20.75379180908203,10.228615760803223,8.235556602478027,129.308
2003-03-09,350.79998779296875,20.75379180908203,10.228615760803223,8.235556602478027,129.308
2003-03-10,354.70001220703125,20.305570602416992,10.059267044067383,8.04137134552002,129.308
2003-03-11,350.5,20.12797737121582,10.160873413085938,7.972838878631592,129.308
2003-03-12,346.5,20.491619110107422,10.239901542663574,7.957607746124268,129.308
2003-03-13,335.8999938964844,21.66716957092285,10.465702056884766,8.380243301391602,129.308
2003-03-14,336.5,21.751733779907227,10.44876480102539,8.395466804504395,129.308
2003-03-15,336.5,21.751733779907227,10.44876480102539,8.395466804504395,129.308
2003-03-16,336.5,21.751733779907227,10.44876480102539,8.395466804504395,129.308
2003-03-17,337.1000061035156,22.49596405029297,10.74794864654541,8.799062728881836,129.308
2003-03-18,337.6000061035156,22.775047302246094,10.668915748596191,8.741949081420898,129.308
2003-03-19,336.1000061035156,22.580543518066406,10.849554061889648,8.909475326538086,129.308
2003-03-20,332.8999938964844,22.665109634399414,10.82697582244873,8.978012084960938,129.308
2003-03-21,326.0,22.978023529052734,11.062527656555176,9.257883071899414,129.308
2003-03-22,326.0,22.978023529052734,11.062527656555176,9.257883071899414,129.308
2003-03-23,326.0,22.978023529052734,11.062527656555176,9.257883071899414,129.308
2003-03-24,329.5,22.022377014160156,10.767378807067871,8.834643363952637,129.308
2003-03-25,328.3999938964844,22.33528709411621,10.773056983947754,8.964282989501953,129.308
2003-03-26,330.29998779296875,22.46213722229004,10.733321189880371,8.975724220275879,129.308
2003-03-27,328.70001220703125,22.30145263671875,10.756027221679688,8.94140625,129.308
2003-03-28,328.70001220703125,22.056188583374023,10.642505645751953,8.849897384643555,129.308
2003-03-29,328.70001220703125,22.056188583374023,10.642505645751953,8.849897384643555,129.308
2003-03-30,328.70001220703125,22.056188583374023,10.642505645751953,8.849897384643555,129.308
2003-03-31,335.8999938964844,21.3542537689209,10.540335655212402,8.666872024536133,129.308
2003-04-01,334.29998779296875,21.523387908935547,10.506279945373535,8.769822120666504,130.488
2003-04-02,329.6000061035156,22.115394592285156,10.727643013000488,8.998601913452148,130.488
2003-04-03,324.8999938964844,22.394489288330078,10.653855323791504,9.044354438781738,130.488
2003-04-04,325.29998779296875,22.03082275390625,10.699272155761719,9.109177589416504,130.488
2003-04-05,325.29998779296875,22.03082275390625,10.699272155761719,9.109177589416504,130.488
2003-04-06,325.29998779296875,22.03082275390625,10.699272155761719,9.109177589416504,130.488
2003-04-07,321.5,22.06464958190918,10.642505645751953,9.189249038696289,130.488
2003-04-08,322.20001220703125,22.039278030395508,10.767378807067871,9.196873664855957,130.488
2003-04-09,325.6000061035156,21.5318546295166,10.682236671447754,9.074861526489258,130.488
2003-04-10,326.70001220703125,21.794021606445312,10.716290473937988,9.17780876159668,130.488
2003-04-11,327.8999938964844,21.574138641357422,10.738994598388672,9.082488059997559,130.488
2003-04-12,327.8999938964844,21.574138641357422,10.738994598388672,9.082488059997559,130.488
2003-04-13,327.8999938964844,21.574138641357422,10.738994598388672,9.082488059997559,130.488
2003-04-14,324.20001220703125,22.013914108276367,10.926308631896973,9.315074920654297,130.488
2003-04-15,324.8999938964844,22.22533416748047,10.966043472290039,9.38371467590332,130.488
2003-04-16,325.79998779296875,22.174591064453125,10.653855323791504,9.254067420959473,130.488
2003-04-17,327.20001220703125,22.682016372680664,10.841169357299805,9.429469108581543,130.488
2003-04-18,327.20001220703125,22.682016372680664,10.841169357299805,9.429469108581543,130.488
2003-04-19,327.20001220703125,22.682016372680664,10.841169357299805,9.429469108581543,130.488
2003-04-20,327.20001220703125,22.682016372680664,10.841169357299805,9.429469108581543,130.488
2003-04-21,333.5,22.766597747802734,10.761703491210938,9.433279991149902,130.488
2003-04-22,334.3999938964844,23.197906494140625,10.954682350158691,9.623923301696777,130.488
2003-04-23,331.5,23.367048263549805,10.931976318359375,9.723066329956055,130.488
2003-04-24,334.79998779296875,23.240198135375977,10.858193397521973,9.570547103881836,130.488
2003-04-25,333.3999938964844,22.791973114013672,10.69359302520752,9.425654411315918,130.488
2003-04-26,333.3999938964844,22.791973114013672,10.69359302520752,9.425654411315918,130.488
2003-04-27,333.3999938964844,22.791973114013672,10.69359302520752,9.425654411315918,130.488
2003-04-28,334.5,23.240198135375977,10.846846580505371,9.642995834350586,130.488
2003-04-29,333.70001220703125,23.451618194580078,10.94333553314209,9.723066329956055,130.488
2003-04-30,339.1000061035156,23.21482276916504,10.852522850036621,9.681121826171875,130.488
2003-05-01,342.1000061035156,23.417797088623047,10.841169357299805,9.593423843383789,131.84
2003-05-02,341.0,23.916770935058594,10.926308631896973,9.6849365234375,131.84
2003-05-03,341.0,23.916770935058594,10.926308631896973,9.6849365234375,131.84
2003-05-04,341.0,23.916770935058594,10.926308631896973,9.6849365234375,131.84
2003-05-05,342.29998779296875,23.89139175415039,10.858193397521973,9.650618553161621,131.84
2003-05-06,342.5,24.195844650268555,10.914948463439941,9.776442527770996,131.84
2003-05-07,341.8999938964844,23.925222396850586,10.94333553314209,9.768819808959961,131.84
2003-05-08,348.3999938964844,23.48544692993164,10.892251014709473,9.677308082580566,131.84
2003-05-09,348.6000061035156,24.026710510253906,11.02847671508789,9.787884712219238,131.84
2003-05-10,348.6000061035156,24.026710510253906,11.02847671508789,9.787884712219238,131.84
2003-05-11,348.6000061035156,24.026710510253906,11.02847671508789,9.787884712219238,131.84
2003-05-12,351.6000061035156,24.390357971191406,11.124968528747559,9.936594009399414,131.84
2003-05-13,350.0,24.23813247680664,11.073882102966309,9.925151824951172,131.84
2003-05-14,352.29998779296875,24.187393188476562,10.988741874694824,9.848892211914062,131.84
2003-05-15,352.6000061035156,24.45802879333496,11.073882102966309,9.871773719787598,131.84
2003-05-16,354.70001220703125,24.271963119506836,11.011442184448242,9.887019157409668,131.84
2003-05-17,354.70001220703125,24.271963119506836,11.011442184448242,9.887019157409668,131.84
2003-05-18,354.70001220703125,24.271963119506836,11.011442184448242,9.887019157409668,131.84
2003-05-19,364.20001220703125,23.417797088623047,10.903604507446289,9.589608192443848,131.84
2003-05-20,366.29998779296875,23.48544692993164,10.971712112426758,9.593423843383789,131.84
2003-05-21,372.0,23.417797088623047,11.056854248046875,9.635363578796387,131.84
2003-05-22,368.1000061035156,23.75606918334961,11.20443058013916,9.799324989318848,131.84
2003-05-23,368.79998779296875,23.76453399658203,11.14767074584961,9.765005111694336,131.84
2003-05-24,368.79998779296875,23.76453399658203,11.14767074584961,9.765005111694336,131.84
2003-05-25,368.79998779296875,23.76453399658203,11.14767074584961,9.765005111694336,131.84
2003-05-26,368.79998779296875,23.76453399658203,11.14767074584961,9.765005111694336,131.84
2003-05-27,367.79998779296875,24.610252380371094,11.255514144897461,9.989972114562988,131.84
2003-05-28,365.20001220703125,24.686368942260742,11.323619842529297,9.99378776550293,131.84
2003-05-29,369.6000061035156,24.787851333618164,11.266867637634277,9.982346534729004,131.84
2003-05-30,364.5,25.19378662109375,11.386055946350098,10.19587516784668,131.84
2003-05-31,364.5,25.19378662109375,11.386055946350098,10.19587516784668,131.84
2003-06-01,364.5,25.19378662109375,11.386055946350098,10.19587516784668,133.226
2003-06-02,366.0,25.016191482543945,11.363354682922363,10.291199684143066,133.226
2003-06-03,365.20001220703125,25.25298309326172,11.47687816619873,10.275948524475098,133.226
2003-06-04,362.6000061035156,25.72658348083496,11.56201457977295,10.436090469360352,133.226
2003-06-05,368.6000061035156,25.91264533996582,11.573369979858398,10.493287086486816,133.226
2003-06-06,363.70001220703125,25.481334686279297,11.5336332321167,10.439900398254395,133.226
2003-06-07,363.70001220703125,25.481334686279297,11.5336332321167,10.439900398254395,133.226
2003-06-08,363.70001220703125,25.481334686279297,11.5336332321167,10.439900398254395,133.226
2003-06-09,361.79998779296875,25.143043518066406,11.510931015014648,10.291199684143066,133.226
2003-06-10,352.20001220703125,25.52361488342285,11.544984817504883,10.405582427978516,133.226
2003-06-11,355.5,25.811159133911133,11.630128860473633,10.519973754882812,133.226
2003-06-12,353.29998779296875,25.921100616455078,11.669862747192383,10.584797859191895,133.226
2003-06-13,356.6000061035156,25.337566375732422,11.556341171264648,10.470403671264648,133.226
2003-06-14,356.6000061035156,25.337566375732422,11.556341171264648,10.470403671264648,133.226
2003-06-15,356.6000061035156,25.337566375732422,11.556341171264648,10.470403671264648,133.226
2003-06-16,359.0,26.115615844726562,11.78905200958252,10.714433670043945,133.226
2003-06-17,363.20001220703125,26.014135360717773,11.715266227722168,10.714433670043945,133.226
2003-06-18,357.20001220703125,26.149444580078125,11.69823932647705,10.615303039550781,133.226
2003-06-19,361.29998779296875,25.72658348083496,11.567691802978516,10.439900398254395,133.226
2003-06-20,356.29998779296875,25.692760467529297,11.568835258483887,10.454410552978516,133.226
2003-06-21,356.29998779296875,25.692760467529297,11.568835258483887,10.454410552978516,133.226
2003-06-22,356.29998779296875,25.692760467529297,11.568835258483887,10.454410552978516,133.226
2003-06-23,353.0,25.2952823638916,11.506110191345215,10.32458782196045,133.226
2003-06-24,346.29998779296875,25.10076332092285,11.631558418273926,10.32458782196045,133.226
2003-06-25,349.29998779296875,24.9654483795166,11.466203689575195,10.263498306274414,133.226
2003-06-26,343.8999938964844,25.557458877563477,11.540328979492188,10.339866638183594,133.226
2003-06-27,345.20001220703125,25.227615356445312,11.477604866027832,10.278772354125977,133.226
2003-06-28,345.20001220703125,25.227615356445312,11.477604866027832,10.278772354125977,133.226
2003-06-29,345.20001220703125,25.227615356445312,11.477604866027832,10.278772354125977,133.226
2003-06-30,346.0,25.3291072845459,11.494715690612793,10.343682289123535,133.226
2003-07-01,351.3999938964844,25.667388916015625,11.59164047241211,10.320772171020508,134.648
2003-07-02,351.29998779296875,26.191726684570312,11.66576862335205,10.41623306274414,134.648
2003-07-03,351.0,25.86190414428711,11.597338676452637,10.404780387878418,134.648
2003-07-04,351.0,25.86190414428711,11.597338676452637,10.404780387878418,134.648
2003-07-05,351.0,25.86190414428711,11.597338676452637,10.404780387878418,134.648
2003-07-06,351.0,25.86190414428711,11.597338676452637,10.404780387878418,134.648
2003-07-07,348.1000061035156,26.96979522705078,11.682868003845215,10.614777565002441,134.648
2003-07-08,344.1000061035156,27.29960823059082,11.694276809692383,10.763691902160645,134.648
2003-07-09,343.6000061035156,27.231962203979492,11.540328979492188,10.630054473876953,134.648
2003-07-10,344.29998779296875,26.72452735900879,11.494715690612793,10.492595672607422,134.648
2003-07-11,344.79998779296875,26.92750358581543,11.574535369873047,10.649141311645508,134.648
2003-07-12,344.79998779296875,26.92750358581543,11.574535369873047,10.649141311645508,134.648
2003-07-13,344.79998779296875,26.92750358581543,11.574535369873047,10.649141311645508,134.648
2003-07-14,347.70001220703125,27.248872756958008,11.546026229858398,10.706422805786133,134.648
2003-07-15,342.1000061035156,27.282695770263672,11.608744621276855,10.641508102416992,134.648
2003-07-16,343.1000061035156,27.1981258392334,11.489009857177734,10.610965728759766,134.648
2003-07-17,344.20001220703125,26.369327545166016,11.449098587036133,10.488775253295898,134.648
2003-07-18,347.20001220703125,26.453901290893555,11.551730155944824,10.557504653930664,134.648
2003-07-19,347.20001220703125,26.453901290893555,11.551730155944824,10.557504653930664,134.648
2003-07-20,347.20001220703125,26.453901290893555,11.551730155944824,10.557504653930664,134.648
2003-07-21,350.8999938964844,26.115615844726562,11.45479679107666,10.43913745880127,134.648
2003-07-22,350.6000061035156,26.504636764526367,11.574535369873047,10.515504837036133,134.648
2003-07-23,358.6000061035156,26.72452735900879,11.523219108581543,10.469685554504395,134.648
2003-07-24,362.20001220703125,26.369327545166016,11.443397521972656,10.45822811126709,134.648
2003-07-25,362.70001220703125,26.893665313720703,11.534625053405762,10.595685005187988,134.648
2003-07-26,362.70001220703125,26.893665313720703,11.534625053405762,10.595685005187988,134.648
2003-07-27,362.70001220703125,26.893665313720703,11.534625053405762,10.595685005187988,134.648
2003-07-28,364.79998779296875,26.96979522705078,11.466203689575195,10.649141311645508,134.648
2003-07-29,361.70001220703125,26.766815185546875,11.403484344482422,10.58041763305664,134.648
2003-07-30,356.20001220703125,26.572303771972656,11.477604866027832,10.511689186096191,134.648
2003-07-31,354.0,26.893665313720703,11.477604866027832,10.534597396850586,134.648
2003-08-01,346.1000061035156,26.606128692626953,11.363572120666504,10.523138046264648,135.966
2003-08-02,346.1000061035156,26.606128692626953,11.363572120666504,10.523138046264648,135.966
2003-08-03,346.1000061035156,26.606128692626953,11.363572120666504,10.523138046264648,135.966
2003-08-04,349.20001220703125,26.597671508789062,11.409187316894531,10.44295597076416,135.966
2003-08-05,349.6000061035156,25.548986434936523,11.272345542907715,10.271138191223145,135.966
2003-08-06,350.79998779296875,25.532073974609375,11.340761184692383,10.305501937866211,135.966
2003-08-07,352.5,25.63356590270996,11.437686920166016,10.393324851989746,135.966
2003-08-08,356.29998779296875,25.430587768554688,11.506110191345215,10.492595672607422,135.966
2003-08-09,356.29998779296875,25.430587768554688,11.506110191345215,10.492595672607422,135.966
2003-08-10,356.29998779296875,25.430587768554688,11.506110191345215,10.492595672607422,135.966
2003-08-11,361.70001220703125,25.709678649902344,11.489009857177734,10.538411140441895,135.966
2003-08-12,358.5,26.09870719909668,11.580233573913574,10.679689407348633,135.966
2003-08-13,362.1000061035156,26.10715675354004,11.540328979492188,10.641508102416992,135.966
2003-08-14,366.0,26.132526397705078,11.603041648864746,10.691146850585938,135.966
2003-08-15,363.20001220703125,26.360868453979492,11.642958641052246,10.767510414123535,135.966
2003-08-16,363.20001220703125,26.360868453979492,11.642958641052246,10.767510414123535,135.966
2003-08-17,363.20001220703125,26.360868453979492,11.642958641052246,10.767510414123535,135.966
2003-08-18,358.3999938964844,27.037456512451172,11.66576862335205,10.828603744506836,135.966
2003-08-19,361.6000061035156,27.375722885131836,11.603041648864746,10.840062141418457,135.966
2003-08-20,365.6000061035156,27.30807876586914,11.563131332397461,10.90496826171875,135.966
2003-08-21,360.6000061035156,27.604076385498047,11.603041648864746,10.988971710205078,135.966
2003-08-22,363.1000061035156,27.43492317199707,11.50041675567627,10.840062141418457,135.966
2003-08-23,363.1000061035156,27.43492317199707,11.50041675567627,10.840062141418457,135.966
2003-08-24,363.1000061035156,27.43492317199707,11.50041675567627,10.840062141418457,135.966
2003-08-25,361.29998779296875,27.494123458862305,11.568835258483887,10.805689811706543,135.966
2003-08-26,365.79998779296875,27.519506454467773,11.58593463897705,10.878243446350098,135.966
2003-08-27,373.5,27.7393856048584,11.631558418273926,10.893511772155762,135.966
2003-08-28,370.5,27.984638214111328,11.66576862335205,10.969879150390625,135.966
2003-08-29,375.70001220703125,28.238361358642578,11.671465873718262,11.072967529296875,135.966
2003-08-30,375.70001220703125,28.238361358642578,11.671465873718262,11.072967529296875,135.966
2003-08-31,375.70001220703125,28.238361358642578,11.671465873718262,11.072967529296875,135.966
2003-09-01,375.70001220703125,28.238361358642578,11.671465873718262,11.072967529296875,137.077
2003-09-02,373.20001220703125,28.644304275512695,11.802605628967285,11.225703239440918,137.077
2003-09-03,373.8999938964844,28.627384185791016,11.831117630004883,11.221879959106445,137.077
2003-09-04,372.8999938964844,28.889551162719727,11.888134956359863,11.256251335144043,137.077
2003-09-05,377.6000061035156,28.7034854888916,11.762689590454102,11.145515441894531,137.077
2003-09-06,377.6000061035156,28.7034854888916,11.762689590454102,11.145515441894531,137.077
2003-09-07,377.6000061035156,28.7034854888916,11.762689590454102,11.145515441894531,137.077
2003-09-08,375.1000061035156,29.17710304260254,11.796904563903809,11.149335861206055,137.077
2003-09-09,381.70001220703125,28.830366134643555,11.66576862335205,10.931694984436035,137.077
2003-09-10,380.0,28.13686752319336,11.660061836242676,10.794238090515137,137.077
2003-09-11,379.70001220703125,28.44978141784668,11.722783088684082,10.882060050964355,137.077
2003-09-12,375.79998779296875,28.602008819580078,11.7512845993042,10.84387493133545,137.077
2003-09-13,375.79998779296875,28.602008819580078,11.7512845993042,10.84387493133545,137.077
2003-09-14,375.79998779296875,28.602008819580078,11.7512845993042,10.84387493133545,137.077
2003-09-15,374.5,28.322933197021484,11.739886283874512,10.882060050964355,137.077
2003-09-16,373.5,29.092529296875,11.745591163635254,11.042423248291016,137.077
2003-09-17,376.20001220703125,28.974119186401367,11.802605628967285,11.038607597351074,137.077
2003-09-18,376.6000061035156,29.413894653320312,11.876726150512695,11.111157417297363,137.077
2003-09-19,381.79998779296875,29.244747161865234,11.8486909866333,11.045392036437988,137.077
2003-09-20,381.79998779296875,29.244747161865234,11.8486909866333,11.045392036437988,137.077
2003-09-21,381.79998779296875,29.244747161865234,11.8486909866333,11.045392036437988,137.077
2003-09-22,387.20001220703125,28.68658447265625,11.751436233520508,10.87717056274414,137.077
2003-09-23,385.8999938964844,29.194007873535156,11.820088386535645,10.976577758789062,137.077
2003-09-24,387.5,28.094587326049805,11.71710205078125,10.762473106384277,137.077
2003-09-25,385.0,27.73093605041504,11.705667495727539,10.720419883728027,137.077
2003-09-26,380.79998779296875,27.55333137512207,11.677055358886719,10.60189437866211,137.077
2003-09-27,380.79998779296875,27.55333137512207,11.677055358886719,10.60189437866211,137.077
2003-09-28,380.79998779296875,27.55333137512207,11.677055358886719,10.60189437866211,137.077
2003-09-29,382.3999938964844,28.02692985534668,11.677055358886719,10.586605072021484,137.077
2003-09-30,385.3999938964844,27.41801643371582,11.62556266784668,10.544549942016602,137.077
2003-10-01,384.29998779296875,28.035385131835938,11.837249755859375,10.835113525390625,137.977
2003-10-02,383.1000061035156,28.128414154052734,11.837249755859375,10.892464637756348,137.977
2003-10-03,369.3999938964844,28.914932250976562,11.92879581451416,11.01480770111084,137.977
2003-10-04,369.3999938964844,28.914932250976562,11.92879581451416,11.01480770111084,137.977
2003-10-05,369.3999938964844,28.914932250976562,11.92879581451416,11.01480770111084,137.977
2003-10-06,372.70001220703125,29.12635612487793,11.968836784362793,11.095100402832031,137.977
2003-10-07,377.20001220703125,29.3039608001709,12.031776428222656,11.140974998474121,137.977
2003-10-08,375.3999938964844,29.117897033691406,11.997445106506348,11.060683250427246,137.977
2003-10-09,369.20001220703125,29.337783813476562,12.01461410522461,11.202149391174316,137.977
2003-10-10,373.6000061035156,29.608413696289062,12.008890151977539,11.225086212158203,137.977
2003-10-11,373.6000061035156,29.608413696289062,12.008890151977539,11.225086212158203,137.977
2003-10-12,373.6000061035156,29.608413696289062,12.008890151977539,11.225086212158203,137.977
2003-10-13,375.20001220703125,29.802927017211914,12.054656982421875,11.339788436889648,137.977
2003-10-14,375.70001220703125,29.87905502319336,12.117596626281738,11.40095329284668,137.977
2003-10-15,372.6000061035156,29.75217628479004,12.10042667388916,11.35507869720459,137.977
2003-10-16,372.70001220703125,29.988994598388672,12.117596626281738,11.404777526855469,137.977
2003-10-17,371.79998779296875,29.2701358795166,12.043218612670898,11.24420166015625,137.977
2003-10-18,371.79998779296875,29.2701358795166,12.043218612670898,11.24420166015625,137.977
2003-10-19,371.79998779296875,29.2701358795166,12.043218612670898,11.24420166015625,137.977
2003-10-20,374.0,29.6337833404541,12.04893684387207,11.232732772827148,137.977
2003-10-21,381.70001220703125,29.811372756958008,12.031776428222656,11.267145156860352,137.977
2003-10-22,386.5,29.236297607421875,11.974556922912598,11.110386848449707,137.977
2003-10-23,384.70001220703125,28.89800453186035,11.974556922912598,11.110386848449707,137.977
2003-10-24,388.8999938964844,28.923389434814453,11.963122367858887,11.121859550476074,137.977
2003-10-25,388.8999938964844,28.923389434814453,11.963122367858887,11.121859550476074,137.977
2003-10-26,388.8999938964844,28.923389434814453,11.963122367858887,11.121859550476074,137.977
2003-10-27,387.8999938964844,28.93184471130371,11.957396507263184,11.24420166015625,137.977
2003-10-28,383.20001220703125,29.904415130615234,12.088988304138184,11.496537208557129,137.977
2003-10-29,386.79998779296875,29.870582580566406,12.146191596984863,11.473596572875977,137.977
2003-10-30,384.29998779296875,29.92978286743164,12.129032135009766,11.511834144592285,137.977
2003-10-31,384.5,29.75217628479004,12.151923179626465,11.504180908203125,137.977
2003-11-01,384.5,29.75217628479004,12.151923179626465,11.504180908203125,138.766
2003-11-02,384.5,29.75217628479004,12.151923179626465,11.504180908203125,138.766
2003-11-03,377.0,30.242694854736328,12.260623931884766,11.592121124267578,138.766
2003-11-04,379.8999938964844,30.03972053527832,12.186247825622559,11.52330493927002,138.766
2003-11-05,382.6000061035156,30.310348510742188,12.169082641601562,11.511834144592285,138.766
2003-11-06,380.6000061035156,30.39491844177246,12.243459701538086,11.595941543579102,138.766
2003-11-07,383.29998779296875,30.13275718688965,12.243459701538086,11.626526832580566,138.766
2003-11-08,383.29998779296875,30.13275718688965,12.243459701538086,11.626526832580566,138.766
2003-11-09,383.29998779296875,30.13275718688965,12.243459701538086,11.626526832580566,138.766
2003-11-10,386.6000061035156,29.760650634765625,12.20913314819336,11.488893508911133,138.766
2003-11-11,388.1000061035156,29.650697708129883,12.220579147338867,11.46977424621582,138.766
2003-11-12,394.8999938964844,30.28498649597168,12.312118530273438,11.58447551727295,138.766
2003-11-13,394.1000061035156,30.25115966796875,12.169082641601562,11.542413711547852,138.766
2003-11-14,397.79998779296875,29.6337833404541,12.10042667388916,11.416253089904785,138.766
2003-11-15,397.79998779296875,29.6337833404541,12.10042667388916,11.416253089904785,138.766
2003-11-16,397.79998779296875,29.6337833404541,12.10042667388916,11.416253089904785,138.766
2003-11-17,391.5,29.329345703125,12.111867904663086,11.313017845153809,138.766
2003-11-18,397.6000061035156,28.652751922607422,12.0660982131958,11.167736053466797,138.766
2003-11-19,394.8999938964844,28.93184471130371,12.129032135009766,11.240377426147461,138.766
2003-11-20,393.70001220703125,28.652751922607422,12.043218612670898,11.228913307189941,138.766
2003-11-21,396.0,28.948753356933594,12.071822166442871,11.278610229492188,138.766
2003-11-22,396.0,28.948753356933594,12.071822166442871,11.278610229492188,138.766
2003-11-23,396.0,28.948753356933594,12.071822166442871,11.278610229492188,138.766
2003-11-24,391.5,29.75217628479004,12.237737655639648,11.504180908203125,138.766
2003-11-25,391.1000061035156,29.75217628479004,12.26634407043457,11.615058898925781,138.766
2003-11-26,396.79998779296875,29.887502670288086,12.249185562133789,11.611233711242676,138.766
2003-11-27,396.79998779296875,29.887502670288086,12.249185562133789,11.611233711242676,138.766
2003-11-28,396.79998779296875,29.92132568359375,12.294950485229492,11.607412338256836,138.766
2003-11-29,396.79998779296875,29.92132568359375,12.294950485229492,11.607412338256836,138.766
2003-11-30,396.79998779296875,29.92132568359375,12.294950485229492,11.607412338256836,138.766
2003-12-01,402.70001220703125,30.36110496520996,12.27206802368164,11.71828556060791,139.629
2003-12-02,403.70001220703125,30.19196319580078,12.163358688354492,11.630349159240723,139.629
2003-12-03,403.8999938964844,29.811372756958008,12.169082641601562,11.58447551727295,139.629
2003-12-04,403.29998779296875,30.13275718688965,12.220579147338867,11.55771255493164,139.629
2003-12-05,406.3999938964844,29.6337833404541,12.180525779724121,11.439186096191406,139.629
2003-12-06,406.3999938964844,29.6337833404541,12.180525779724121,11.439186096191406,139.629
2003-12-07,406.3999938964844,29.6337833404541,12.180525779724121,11.439186096191406,139.629
2003-12-08,406.6000061035156,29.802927017211914,12.20913314819336,11.488893508911133,139.629
2003-12-09,408.20001220703125,29.117897033691406,12.163358688354492,11.431541442871094,139.629
2003-12-10,406.20001220703125,29.22784423828125,12.174802780151367,11.378018379211426,139.629
2003-12-11,404.6000061035156,29.853670120239258,12.169082641601562,11.553886413574219,139.629
2003-12-12,409.3999938964844,29.802927017211914,12.249185562133789,11.615058898925781,139.629
2003-12-13,409.3999938964844,29.802927017211914,12.249185562133789,11.615058898925781,139.629
2003-12-14,409.3999938964844,29.802927017211914,12.249185562133789,11.615058898925781,139.629
2003-12-15,409.20001220703125,29.413894653320312,12.169082641601562,11.565356254577637,139.629
2003-12-16,407.70001220703125,29.47310447692871,12.28923225402832,11.538594245910645,139.629
2003-12-17,412.0,29.52385711669922,12.277791023254395,11.645646095275879,139.629
2003-12-18,410.3999938964844,30.073562622070312,12.340721130371094,11.794754028320312,139.629
2003-12-19,409.20001220703125,29.988994598388672,12.295330047607422,11.830788612365723,139.629
2003-12-20,409.20001220703125,29.988994598388672,12.295330047607422,11.830788612365723,139.629
2003-12-21,409.20001220703125,29.988994598388672,12.295330047607422,11.830788612365723,139.629
2003-12-22,410.6000061035156,30.082006454467773,12.364275932312012,11.869123458862305,139.629
2003-12-23,411.0,30.310348510742188,12.37002182006836,11.907463073730469,139.629
2003-12-24,412.29998779296875,30.372974395751953,12.329805374145508,11.861454963684082,139.629
2003-12-25,412.29998779296875,30.372974395751953,12.329805374145508,11.861454963684082,139.629
2003-12-26,412.29998779296875,30.330652236938477,12.34129810333252,11.915133476257324,139.629
2003-12-27,412.29998779296875,30.330652236938477,12.34129810333252,11.915133476257324,139.629
2003-12-28,412.29998779296875,30.330652236938477,12.34129810333252,11.915133476257324,139.629
2003-12-29,414.79998779296875,30.829832077026367,12.421730995178223,12.022475242614746,139.629
2003-12-30,416.8999938964844,30.93134880065918,12.438969612121582,11.984137535095215,139.629
2003-12-31,415.70001220703125,30.846750259399414,12.513653755187988,12.072312355041504,139.629
2004-01-01,415.70001220703125,30.846750259399414,12.513653755187988,12.072312355041504,140.706
2004-01-02,415.70001220703125,30.762136459350586,12.364275932312012,11.96880054473877,140.706
2004-01-03,415.70001220703125,30.762136459350586,12.364275932312012,11.96880054473877,140.706
2004-01-04,415.70001220703125,30.762136459350586,12.364275932312012,11.96880054473877,140.706
2004-01-05,424.3999938964844,31.379745483398438,12.444708824157715,12.072312355041504,140.706
2004-01-06,422.79998779296875,31.591264724731445,12.473442077636719,12.118317604064941,140.706
2004-01-07,421.8999938964844,31.878908157348633,12.421730995178223,12.171984672546387,140.706
2004-01-08,424.0,32.13274383544922,12.404497146606445,12.13365364074707,140.706
2004-01-09,426.3999938964844,31.921215057373047,12.312561988830566,12.083815574645996,140.706
2004-01-10,426.3999938964844,31.921215057373047,12.312561988830566,12.083815574645996,140.706
2004-01-11,426.3999938964844,31.921215057373047,12.312561988830566,12.083815574645996,140.706
2004-01-12,426.29998779296875,32.428871154785156,12.37002182006836,12.056975364685059,140.706
2004-01-13,423.70001220703125,32.10736846923828,12.352787971496582,12.037809371948242,140.706
2004-01-14,421.70001220703125,32.21732711791992,12.398746490478516,12.13365364074707,140.706
2004-01-15,408.3999938964844,32.301944732666016,12.410238265991211,12.1681547164917,140.706
2004-01-16,406.70001220703125,32.63188552856445,12.404497146606445,12.1681547164917,140.706
2004-01-17,406.70001220703125,32.63188552856445,12.404497146606445,12.1681547164917,140.706
2004-01-18,406.70001220703125,32.63188552856445,12.404497146606445,12.1681547164917,140.706
2004-01-19,406.70001220703125,32.63188552856445,12.404497146606445,12.1681547164917,140.706
2004-01-20,412.70001220703125,32.60651397705078,12.364275932312012,12.07998275756836,140.706
2004-01-21,411.1000061035156,32.47114562988281,12.415982246398926,12.229493141174316,140.706
2004-01-22,410.0,32.27654266357422,12.375768661499023,12.325334548950195,140.706
2004-01-23,407.8999938964844,32.15811538696289,12.479179382324219,12.286995887756348,140.706
2004-01-24,407.8999938964844,32.15811538696289,12.479179382324219,12.286995887756348,140.706
2004-01-25,407.8999938964844,32.15811538696289,12.479179382324219,12.286995887756348,140.706
2004-01-26,406.6000061035156,32.648807525634766,12.599843978881836,12.309996604919434,140.706
2004-01-27,410.0,31.929677963256836,12.536635398864746,12.22566032409668,140.706
2004-01-28,414.5,31.388206481933594,12.410238265991211,11.93429946899414,140.706
2004-01-29,398.5,31.506668090820312,12.582608222961426,12.010973930358887,140.706
2004-01-30,402.20001220703125,31.362836837768555,12.513653755187988,12.003304481506348,140.706
2004-01-31,402.20001220703125,31.362836837768555,12.513653755187988,12.003304481506348,140.706
2004-02-01,402.20001220703125,31.362836837768555,12.513653755187988,12.003304481506348,142.029
2004-02-02,398.70001220703125,31.278221130371094,12.565373420715332,11.96880054473877,142.029
2004-02-03,399.20001220703125,31.244384765625,12.628569602966309,11.9036283493042,142.029
2004-02-04,401.0,30.736774444580078,12.703261375427246,11.888299942016602,142.029
2004-02-05,398.1000061035156,30.85521125793457,12.783700942993164,11.980303764343262,142.029
2004-02-06,403.6000061035156,31.413593292236328,12.88137149810791,12.106819152832031,142.029
2004-02-07,403.6000061035156,31.413593292236328,12.88137149810791,12.106819152832031,142.029
2004-02-08,403.6000061035156,31.413593292236328,12.88137149810791,12.106819152832031,142.029
2004-02-09,406.79998779296875,31.405147552490234,12.898606300354004,12.122150421142578,142.029
2004-02-10,406.3999938964844,31.455904006958008,12.950319290161133,12.22566032409668,142.029
2004-02-11,410.20001220703125,31.794309616088867,12.933080673217773,12.348337173461914,142.029
2004-02-12,413.70001220703125,31.515121459960938,12.956058502197266,12.286995887756348,142.029
2004-02-13,410.29998779296875,31.252843856811523,12.875621795654297,12.164318084716797,142.029
2004-02-14,410.29998779296875,31.252843856811523,12.875621795654297,12.164318084716797,142.029
2004-02-15,410.29998779296875,31.252843856811523,12.875621795654297,12.164318084716797,142.029
2004-02-16,410.29998779296875,31.252843856811523,12.875621795654297,12.164318084716797,142.029
2004-02-17,416.0,31.675867080688477,12.990531921386719,12.321503639221191,142.029
2004-02-18,412.29998779296875,31.768932342529297,12.973301887512207,12.248661994934082,142.029
2004-02-19,409.79998779296875,31.286685943603516,13.036498069763184,12.260160446166992,142.029
2004-02-20,397.5,31.185157775878906,13.13991928100586,12.1681547164917,142.029
2004-02-21,397.5,31.185157775878906,13.13991928100586,12.1681547164917,142.029
2004-02-22,397.5,31.185157775878906,13.13991928100586,12.1681547164917,142.029
2004-02-23,399.0,30.838285446166992,13.214608192443848,12.07998275756836,142.029
2004-02-24,404.5,30.762136459350586,13.134169578552246,12.102980613708496,142.029
2004-02-25,395.79998779296875,30.948272705078125,13.174381256103516,12.1681547164917,142.029
2004-02-26,395.79998779296875,31.024423599243164,13.174381256103516,12.244831085205078,142.029
2004-02-27,396.3999938964844,30.939809799194336,13.226097106933594,12.263997077941895,142.029
2004-02-28,396.3999938964844,30.939809799194336,13.226097106933594,12.263997077941895,142.029
2004-02-29,396.3999938964844,30.939809799194336,13.226097106933594,12.263997077941895,142.029
2004-03-01,399.29998779296875,31.345905303955078,13.375479698181152,12.34067440032959,144.08
2004-03-02,393.5,30.982120513916016,13.243335723876953,12.306166648864746,144.08
2004-03-03,392.3999938964844,30.812915802001953,13.312278747558594,12.317672729492188,144.08
2004-03-04,392.8999938964844,31.10056495666504,13.283557891845703,12.367508888244629,144.08
2004-03-05,401.29998779296875,30.990571975708008,13.289305686950684,12.455677032470703,144.08
2004-03-06,401.29998779296875,30.990571975708008,13.289305686950684,12.455677032470703,144.08
2004-03-07,401.29998779296875,30.990571975708008,13.289305686950684,12.455677032470703,144.08
2004-03-08,400.6000061035156,30.262971878051758,13.283557891845703,12.283162117004395,144.08
2004-03-09,404.20001220703125,30.16990852355957,13.283557891845703,12.202659606933594,144.08
2004-03-10,400.0,29.772275924682617,13.249082565307617,12.053147315979004,144.08
2004-03-11,400.70001220703125,29.501543045043945,12.9962797164917,11.830788612365723,144.08
2004-03-12,395.29998779296875,30.043001174926758,12.9962797164917,12.018636703491211,144.08
2004-03-13,395.29998779296875,30.043001174926758,12.9962797164917,12.018636703491211,144.08
2004-03-14,395.29998779296875,30.043001174926758,12.9962797164917,12.018636703491211,144.08
2004-03-15,399.3999938964844,29.518455505371094,12.869877815246582,11.780949592590332,144.08
2004-03-16,402.3999938964844,29.5692195892334,12.892864227294922,11.8844575881958,144.08
2004-03-17,406.8999938964844,30.034547805786133,13.047989845275879,12.053147315979004,144.08
2004-03-18,411.1000061035156,29.899171829223633,13.042243957519531,12.022475242614746,144.08
2004-03-19,412.5,29.400012969970703,13.014566421508789,11.954142570495605,144.08
2004-03-20,412.5,29.400012969970703,13.014566421508789,11.954142570495605,144.08
2004-03-21,412.5,29.400012969970703,13.014566421508789,11.954142570495605,144.08
2004-03-22,417.3999938964844,29.027755737304688,12.841574668884277,11.769877433776855,144.08
2004-03-23,419.79998779296875,28.790855407714844,12.818511009216309,11.746845245361328,144.08
2004-03-24,417.20001220703125,29.120813369750977,12.853110313415527,11.804426193237305,144.08
2004-03-25,416.70001220703125,29.899171829223633,13.031864166259766,12.01172161102295,144.08
2004-03-26,422.1000061035156,29.797658920288086,12.95689868927002,12.000208854675293,144.08
2004-03-27,422.1000061035156,29.797658920288086,12.95689868927002,12.000208854675293,144.08
2004-03-28,422.1000061035156,29.797658920288086,12.95689868927002,12.000208854675293,144.08
2004-03-29,417.1000061035156,30.279895782470703,13.112595558166504,12.111534118652344,144.08
2004-03-30,421.70001220703125,30.38141441345215,13.193324089050293,12.203669548034668,144.08
2004-03-31,427.29998779296875,30.322200775146484,13.193324089050293,12.188308715820312,144.08
2004-04-01,427.79998779296875,30.592941284179688,13.141422271728516,12.24205493927002,146.18
2004-04-02,421.6000061035156,31.388206481933594,13.158726692199707,12.35338020324707,146.18
2004-04-03,421.6000061035156,31.388206481933594,13.158726692199707,12.35338020324707,146.18
2004-04-04,421.6000061035156,31.388206481933594,13.158726692199707,12.35338020324707,146.18
2004-04-05,415.3999938964844,31.684314727783203,13.204849243164062,12.480062484741211,146.18
2004-04-06,418.8999938964844,31.286685943603516,13.268282890319824,12.453190803527832,146.18
2004-04-07,422.79998779296875,31.252843856811523,13.233689308166504,12.361056327819824,146.18
2004-04-08,419.8999938964844,31.252843856811523,13.164488792419434,12.284282684326172,146.18
2004-04-09,419.8999938964844,31.252843856811523,13.164488792419434,12.284282684326172,146.18
2004-04-10,419.8999938964844,31.252843856811523,13.164488792419434,12.284282684326172,146.18
2004-04-11,419.8999938964844,31.252843856811523,13.164488792419434,12.284282684326172,146.18
2004-04-12,420.1000061035156,31.44743537902832,13.216392517089844,12.387931823730469,146.18
2004-04-13,407.0,30.990571975708008,13.083760261535645,12.157597541809082,146.18
2004-04-14,399.79998779296875,31.14285659790039,13.176025390625,12.138409614562988,146.18
2004-04-15,397.70001220703125,30.584474563598633,13.216392517089844,12.126887321472168,146.18
2004-04-16,401.0,30.53370475769043,13.308643341064453,12.24205493927002,146.18
2004-04-17,401.0,30.53370475769043,13.308643341064453,12.24205493927002,146.18
2004-04-18,401.0,30.53370475769043,13.308643341064453,12.24205493927002,146.18
2004-04-19,400.6000061035156,30.905963897705078,13.349005699157715,12.249732971191406,146.18
2004-04-20,397.70001220703125,30.186838150024414,13.245213508605957,12.172959327697754,146.18
2004-04-21,390.79998779296875,30.44911766052246,13.274046897888184,12.188308715820312,146.18
2004-04-22,393.29998779296875,31.235931396484375,13.4066743850708,12.434000015258789,146.18
2004-04-23,395.1000061035156,31.481287002563477,13.418206214904785,12.384095191955566,146.18
2004-04-24,395.1000061035156,31.481287002563477,13.418206214904785,12.384095191955566,146.18
2004-04-25,395.1000061035156,31.481287002563477,13.418206214904785,12.384095191955566,146.18
2004-04-26,396.0,31.252843856811523,13.389376640319824,12.284282684326172,146.18
2004-04-27,398.6000061035156,31.19361114501953,13.423972129821777,12.36873722076416,146.18
2004-04-28,385.3999938964844,30.62678337097168,13.268282890319824,12.222857475280762,146.18
2004-04-29,386.6000061035156,30.152984619140625,13.337478637695312,12.142243385314941,146.18
2004-04-30,387.0,29.41693115234375,13.36630630493164,12.0501127243042,146.18
2004-05-01,387.0,29.41693115234375,13.36630630493164,12.0501127243042,148.335
2004-05-02,387.0,29.41693115234375,13.36630630493164,12.0501127243042,148.335
2004-05-03,387.0,29.696128845214844,13.447030067443848,12.111534118652344,148.335
2004-05-04,391.3999938964844,29.823028564453125,13.389376640319824,12.08850383758545,148.335
2004-05-05,393.3999938964844,30.05992317199707,13.412442207336426,12.115373611450195,148.335
2004-05-06,388.0,29.83148193359375,13.354782104492188,11.934948921203613,148.335
2004-05-07,378.70001220703125,29.58614730834961,13.227916717529297,11.647037506103516,148.335
2004-05-08,378.70001220703125,29.58614730834961,13.227916717529297,11.647037506103516,148.335
2004-05-09,378.70001220703125,29.58614730834961,13.227916717529297,11.647037506103516,148.335
2004-05-10,378.29998779296875,29.332334518432617,13.164488792419434,11.501161575317383,148.335
2004-05-11,376.8999938964844,29.772275924682617,13.141422271728516,11.670069694519043,148.335
2004-05-12,377.3999938964844,29.83148193359375,13.072232246398926,11.708455085754395,148.335
2004-05-13,374.79998779296875,29.619983673095703,13.04916763305664,11.670069694519043,148.335
2004-05-14,377.0,29.400012969970703,13.101058006286621,11.673908233642578,148.335
2004-05-15,377.0,29.400012969970703,13.101058006286621,11.673908233642578,148.335
2004-05-16,377.0,29.400012969970703,13.101058006286621,11.673908233642578,148.335
2004-05-17,379.5,29.120813369750977,13.014566421508789,11.48963737487793,148.335
2004-05-18,375.79998779296875,29.383087158203125,13.08952522277832,11.670069694519043,148.335
2004-05-19,382.8999938964844,29.34925079345703,13.020336151123047,11.620163917541504,148.335
2004-05-20,378.3999938964844,29.4846248626709,13.066459655761719,11.647037506103516,148.335
2004-05-21,384.79998779296875,29.628435134887695,13.072232246398926,11.70461368560791,148.335
2004-05-22,384.79998779296875,29.628435134887695,13.072232246398926,11.70461368560791,148.335
2004-05-23,384.79998779296875,29.628435134887695,13.072232246398926,11.70461368560791,148.335
2004-05-24,385.6000061035156,29.83148193359375,13.020336151123047,11.827459335327148,148.335
2004-05-25,388.29998779296875,30.423723220825195,13.176025390625,12.065465927124023,148.335
2004-05-26,388.29998779296875,30.61832046508789,13.18755054473877,12.07314682006836,148.335
2004-05-27,394.8999938964844,30.812915802001953,13.343250274658203,12.126887321472168,148.335
2004-05-28,394.0,30.922882080078125,13.29134750366211,12.126887321472168,148.335
2004-05-29,394.0,30.922882080078125,13.29134750366211,12.126887321472168,148.335
2004-05-30,394.0,30.922882080078125,13.29134750366211,12.126887321472168,148.335
2004-05-31,394.0,30.922882080078125,13.29134750366211,12.126887321472168,148.335
2004-06-01,394.6000061035156,30.88058090209961,13.29134750366211,12.115373611450195,150.52
2004-06-02,390.70001220703125,30.812915802001953,13.400908470153809,12.161441802978516,150.52
2004-06-03,388.1000061035156,30.44063377380371,13.372079849243164,12.084665298461914,150.52
2004-06-04,390.8999938964844,30.61832046508789,13.39513874053955,12.13456916809082,150.52
2004-06-05,390.8999938964844,30.61832046508789,13.39513874053955,12.13456916809082,150.52
2004-06-06,390.8999938964844,30.61832046508789,13.39513874053955,12.13456916809082,150.52
2004-06-07,393.79998779296875,31.345905303955078,13.510468482971191,12.303472518920898,150.52
2004-06-08,391.0,31.388206481933594,13.573895454406738,12.345702171325684,150.52
2004-06-09,384.5,30.948272705078125,13.522005081176758,12.253573417663574,150.52
2004-06-10,385.8999938964844,31.168245315551758,13.522005081176758,12.303472518920898,150.52
2004-06-11,385.8999938964844,31.168245315551758,13.522005081176758,12.303472518920898,150.52
2004-06-12,385.8999938964844,31.168245315551758,13.522005081176758,12.303472518920898,150.52
2004-06-13,385.8999938964844,31.168245315551758,13.522005081176758,12.303472518920898,150.52
2004-06-14,383.6000061035156,30.72830581665039,13.452805519104004,12.146084785461426,150.52
2004-06-15,388.1000061035156,31.125953674316406,13.516233444213867,12.21902084350586,150.52
2004-06-16,384.6000061035156,31.075185775756836,13.498941421508789,12.23054027557373,150.52
2004-06-17,388.8999938964844,30.787519454956055,13.447030067443848,12.261251449584961,150.52
2004-06-18,395.1000061035156,30.829832077026367,13.445298194885254,12.258176803588867,150.52
2004-06-19,395.1000061035156,30.829832077026367,13.445298194885254,12.258176803588867,150.52
2004-06-20,395.1000061035156,30.829832077026367,13.445298194885254,12.258176803588867,150.52
2004-06-21,394.0,30.584474563598633,13.42794132232666,12.215889930725098,150.52
2004-06-22,395.0,31.032875061035156,13.433727264404297,12.162075996398926,150.52
2004-06-23,395.0,31.405147552490234,13.451090812683105,12.258176803588867,150.52
2004-06-24,403.1000061035156,31.345905303955078,13.398993492126465,12.262018203735352,150.52
2004-06-25,402.8999938964844,31.58281707763672,13.271656036376953,12.250489234924316,150.52
2004-06-26,402.8999938964844,31.58281707763672,13.271656036376953,12.250489234924316,150.52
2004-06-27,402.8999938964844,31.58281707763672,13.271656036376953,12.250489234924316,150.52
2004-06-28,401.0,31.32052230834961,13.271656036376953,12.227426528930664,150.52
2004-06-29,392.5,31.616653442382812,13.283245086669922,12.135165214538574,150.52
2004-06-30,392.6000061035156,31.929677963256836,13.364273071289062,12.158233642578125,150.52
2004-07-01,396.0,31.337467193603516,13.231149673461914,12.085200309753418,152.339
2004-07-02,398.29998779296875,31.15131187438965,13.231149673461914,12.019856452941895,152.339
2004-07-03,398.29998779296875,31.15131187438965,13.231149673461914,12.019856452941895,152.339
2004-07-04,398.29998779296875,31.15131187438965,13.231149673461914,12.019856452941895,152.339
2004-07-05,398.29998779296875,31.15131187438965,13.231149673461914,12.019856452941895,152.339
2004-07-06,392.6000061035156,30.482934951782227,13.236934661865234,11.942974090576172,152.339
2004-07-07,402.29998779296875,30.54216194152832,13.248514175415039,11.908382415771484,152.339
2004-07-08,407.79998779296875,30.203763961791992,13.231149673461914,11.746938705444336,152.339
2004-07-09,407.5,30.246049880981445,13.265884399414062,11.81228256225586,152.339
2004-07-10,407.5,30.246049880981445,13.265884399414062,11.81228256225586,152.339
2004-07-11,407.5,30.246049880981445,13.265884399414062,11.81228256225586,152.339
2004-07-12,408.1000061035156,30.119136810302734,13.283245086669922,11.843032836914062,152.339
2004-07-13,402.0,30.076826095581055,13.300610542297363,11.889159202575684,152.339
2004-07-14,405.3999938964844,29.772275924682617,13.294812202453613,11.839194297790527,152.339
2004-07-15,404.20001220703125,29.670757293701172,13.208002090454102,11.78153133392334,152.339
2004-07-16,406.6000061035156,29.332334518432617,13.202214241027832,11.650840759277344,152.339
2004-07-17,406.6000061035156,29.332334518432617,13.202214241027832,11.650840759277344,152.339
2004-07-18,406.6000061035156,29.332334518432617,13.202214241027832,11.650840759277344,152.339
2004-07-19,405.6000061035156,29.273103713989258,13.208002090454102,11.604714393615723,152.339
2004-07-20,401.8999938964844,29.97531509399414,13.213785171508789,11.735405921936035,152.339
2004-07-21,397.1000061035156,29.10389518737793,13.034361839294434,11.631620407104492,152.339
2004-07-22,395.20001220703125,29.501543045043945,12.99384880065918,11.650840759277344,152.339
2004-07-23,390.5,28.943161010742188,12.802846908569336,11.581647872924805,152.339
2004-07-24,390.5,28.943161010742188,12.802846908569336,11.581647872924805,152.339
2004-07-25,390.5,28.943161010742188,12.802846908569336,11.581647872924805,152.339
2004-07-26,390.29998779296875,28.816251754760742,12.756536483764648,11.481706619262695,152.339
2004-07-27,387.0,29.213878631591797,12.889662742614746,11.677751541137695,152.339
2004-07-28,389.0,29.086973190307617,12.854934692382812,11.627779960632324,152.339
2004-07-29,387.0,29.42537498474121,12.704452514648438,11.685437202453613,152.339
2004-07-30,391.0,29.518455505371094,12.704452514648438,11.696966171264648,152.339
2004-07-31,391.0,29.518455505371094,12.704452514648438,11.696966171264648,152.339
2004-08-01,391.0,29.518455505371094,12.704452514648438,11.696966171264648,153.815
2004-08-02,391.70001220703125,29.57768440246582,12.831778526306152,11.766155242919922,153.815
2004-08-03,394.0,28.960067749023438,12.77969741821289,11.646993637084961,153.815
2004-08-04,392.20001220703125,28.968524932861328,12.80863094329834,11.585492134094238,153.815
2004-08-05,392.29998779296875,28.427074432373047,12.65815258026123,11.381771087646484,153.815
2004-08-06,399.79998779296875,27.682546615600586,12.501873016357422,11.216479301452637,153.815
2004-08-07,399.79998779296875,27.682546615600586,12.501873016357422,11.216479301452637,153.815
2004-08-08,399.79998779296875,27.682546615600586,12.501873016357422,11.216479301452637,153.815
2004-08-09,400.70001220703125,27.750226974487305,12.548173904418945,11.201101303100586,153.815
2004-08-10,400.0,28.09710121154785,12.646568298339844,11.366388320922852,153.815
2004-08-11,395.5,27.851747512817383,12.74496841430664,11.28567123413086,153.815
2004-08-12,394.29998779296875,27.471025466918945,12.716028213500977,11.131911277770996,153.815
2004-08-13,398.8999938964844,27.513338088989258,12.77390193939209,11.158821105957031,153.815
2004-08-14,398.8999938964844,27.513338088989258,12.77390193939209,11.158821105957031,153.815
2004-08-15,398.8999938964844,27.513338088989258,12.77390193939209,11.158821105957031,153.815
2004-08-16,402.8999938964844,27.826372146606445,12.854934692382812,11.42404556274414,153.815
2004-08-17,404.3999938964844,28.13939666748047,12.866511344909668,11.570114135742188,153.815
2004-08-18,404.29998779296875,28.63856315612793,12.953327178955078,11.670062065124512,153.815
2004-08-19,407.1000061035156,28.486276626586914,12.889662742614746,11.616243362426758,153.815
2004-08-20,413.20001220703125,28.77392578125,12.94754409790039,11.720026969909668,153.815
2004-08-21,413.20001220703125,28.77392578125,12.94754409790039,11.720026969909668,153.815
2004-08-22,413.20001220703125,28.77392578125,12.94754409790039,11.720026969909668,153.815
2004-08-23,410.5,28.841632843017578,12.901241302490234,11.658528327941895,153.815
2004-08-24,403.0,28.833175659179688,12.907026290893555,11.689279556274414,153.815
2004-08-25,407.8999938964844,29.230806350708008,12.982269287109375,11.777684211730957,153.815
2004-08-26,407.3999938964844,29.10389518737793,13.005417823791504,11.773845672607422,153.815
2004-08-27,403.29998779296875,29.239261627197266,12.982269287109375,11.773845672607422,153.815
2004-08-28,403.29998779296875,29.239261627197266,12.982269287109375,11.773845672607422,153.815
2004-08-29,403.29998779296875,29.239261627197266,12.982269287109375,11.773845672607422,153.815
2004-08-30,407.79998779296875,28.748559951782227,12.918603897094727,11.681588172912598,153.815
2004-08-31,410.3999938964844,28.782392501831055,12.930171966552734,11.67390251159668,153.815
2004-09-01,408.79998779296875,28.993906021118164,12.930171966552734,11.71234130859375,155.108
2004-09-02,406.0,29.42537498474121,13.08066463470459,11.896846771240234,155.108
2004-09-03,400.5,28.883928298950195,13.138541221618652,11.885313987731934,155.108
2004-09-04,400.5,28.883928298950195,13.138541221618652,11.885313987731934,155.108
2004-09-05,400.5,28.883928298950195,13.138541221618652,11.885313987731934,155.108
2004-09-06,400.5,28.883928298950195,13.138541221618652,11.885313987731934,155.108
2004-09-07,397.3999938964844,29.12928581237793,13.138541221618652,11.966032981872559,155.108
2004-09-08,399.3999938964844,29.0192928314209,12.9996337890625,11.92759895324707,155.108
2004-09-09,398.5,29.264644622802734,12.94754409790039,11.86609935760498,155.108
2004-09-10,401.8999938964844,29.713043212890625,12.959117889404297,11.973723411560059,155.108
2004-09-11,401.8999938964844,29.713043212890625,12.959117889404297,11.973723411560059,155.108
2004-09-12,401.8999938964844,29.713043212890625,12.959117889404297,11.973723411560059,155.108
2004-09-13,404.1000061035156,30.10222816467285,12.970693588256836,12.012166976928711,155.108
2004-09-14,405.70001220703125,30.144540786743164,12.976486206054688,12.065979957580566,155.108
2004-09-15,405.0,29.823028564453125,12.849152565002441,11.99678897857666,155.108
2004-09-16,404.70001220703125,29.882251739501953,12.77969741821289,12.069823265075684,155.108
2004-09-17,405.79998779296875,29.97531509399414,12.839564323425293,12.095227241516113,155.108
2004-09-18,405.79998779296875,29.97531509399414,12.839564323425293,12.095227241516113,155.108
2004-09-19,405.79998779296875,29.97531509399414,12.839564323425293,12.095227241516113,155.108
2004-09-20,405.29998779296875,29.97531509399414,12.624500274658203,12.002840042114258,155.108
2004-09-21,408.29998779296875,30.09377098083496,12.57800006866455,12.095227241516113,155.108
2004-09-22,407.20001220703125,29.5692195892334,12.479192733764648,11.933548927307129,155.108
2004-09-23,410.8999938964844,29.543834686279297,12.525691986083984,11.975893020629883,155.108
2004-09-24,408.1000061035156,29.44232177734375,12.514066696166992,12.010540962219238,155.108
2004-09-25,408.1000061035156,29.44232177734375,12.514066696166992,12.010540962219238,155.108
2004-09-26,408.1000061035156,29.44232177734375,12.514066696166992,12.010540962219238,155.108
2004-09-27,409.1000061035156,29.18851089477539,12.461759567260742,11.925849914550781,155.108
2004-09-28,412.5,29.247724533081055,12.525691986083984,11.918152809143066,155.108
2004-09-29,413.0,29.679210662841797,12.560562133789062,11.960494995117188,155.108
2004-09-30,418.70001220703125,29.72997283935547,12.589627265930176,12.010540962219238,155.108
2004-10-01,419.5,30.54216194152832,12.717501640319824,12.160674095153809,156.298
2004-10-02,419.5,30.54216194152832,12.717501640319824,12.160674095153809,156.298
2004-10-03,419.5,30.54216194152832,12.717501640319824,12.160674095153809,156.298
2004-10-04,414.0,30.719839096069336,12.68843936920166,12.276159286499023,156.298
2004-10-05,418.20001220703125,30.762136459350586,12.68843936920166,12.260759353637695,156.298
2004-10-06,418.3999938964844,31.007478713989258,12.746566772460938,12.32620620727539,156.298
2004-10-07,418.0,30.66061019897461,12.64775276184082,12.237666130065918,156.298
2004-10-08,423.1000061035156,30.10222816467285,12.560562133789062,12.141424179077148,156.298
2004-10-09,423.1000061035156,30.10222816467285,12.560562133789062,12.141424179077148,156.298
2004-10-10,423.1000061035156,30.10222816467285,12.560562133789062,12.141424179077148,156.298
2004-10-11,422.0,30.246049880981445,12.554750442504883,12.18761920928955,156.298
2004-10-12,415.1000061035156,30.19529914855957,12.519880294799805,12.156824111938477,156.298
2004-10-13,413.20001220703125,30.127593994140625,12.467570304870605,12.118326187133789,156.298
2004-10-14,418.1000061035156,29.992252349853516,12.42107105255127,12.014389038085938,156.298
2004-10-15,418.70001220703125,30.144540786743164,12.502446174621582,12.099079132080078,156.298
2004-10-16,418.70001220703125,30.144540786743164,12.502446174621582,12.099079132080078,156.298
2004-10-17,418.70001220703125,30.144540786743164,12.502446174621582,12.099079132080078,156.298
2004-10-18,416.20001220703125,30.576007843017578,12.548943519592285,12.183768272399902,156.298
2004-10-19,420.29998779296875,30.35603904724121,12.473380088806152,12.106780052185059,156.298
2004-10-20,423.5,30.499845504760742,12.508255958557129,12.041337013244629,156.298
2004-10-21,424.3999938964844,30.96519660949707,12.508255958557129,12.149121284484863,156.298
2004-10-22,424.6000061035156,30.288368225097656,12.426884651184082,12.045186996459961,156.298
2004-10-23,424.6000061035156,30.288368225097656,12.426884651184082,12.045186996459961,156.298
2004-10-24,424.6000061035156,30.288368225097656,12.426884651184082,12.045186996459961,156.298
2004-10-25,429.0,30.144540786743164,12.357131958007812,12.033638000488281,156.298
2004-10-26,426.79998779296875,30.305269241333008,12.490816116333008,12.23381233215332,156.298
2004-10-27,424.79998779296875,31.075185775756836,12.624500274658203,12.44168758392334,156.298
2004-10-28,425.1000061035156,31.2697696685791,12.682628631591797,12.510979652404785,156.298
2004-10-29,428.5,31.219017028808594,12.671002388000488,12.495585441589355,156.298
2004-10-30,428.5,31.219017028808594,12.671002388000488,12.495585441589355,156.298
2004-10-31,428.5,31.219017028808594,12.671002388000488,12.495585441589355,156.298
2004-11-01,427.29998779296875,31.337467193603516,12.64193344116211,12.545622825622559,157.495
2004-11-02,420.0,31.438962936401367,12.723310470581055,12.591815948486328,157.495
2004-11-03,424.6000061035156,31.650480270385742,12.822126388549805,12.622621536254883,157.495
2004-11-04,430.1000061035156,31.82816505432129,13.165060997009277,12.899782180786133,157.495
2004-11-05,433.6000061035156,32.115806579589844,13.223177909851074,12.945975303649902,157.495
2004-11-06,433.6000061035156,32.115806579589844,13.223177909851074,12.945975303649902,157.495
2004-11-07,433.6000061035156,32.115806579589844,13.223177909851074,12.945975303649902,157.495
2004-11-08,432.70001220703125,32.149654388427734,13.199922561645508,12.9536714553833,157.495
2004-11-09,435.70001220703125,32.08195877075195,13.194114685058594,12.96522331237793,157.495
2004-11-10,434.0,31.971973419189453,13.211557388305664,12.96522331237793,157.495
2004-11-11,434.8999938964844,32.394996643066406,13.3103609085083,13.08456039428711,157.495
2004-11-12,437.8999938964844,32.70804214477539,13.351051330566406,13.169242858886719,157.495
2004-11-13,437.8999938964844,32.70804214477539,13.351051330566406,13.169242858886719,157.495
2004-11-14,437.8999938964844,32.70804214477539,13.351051330566406,13.169242858886719,157.495
2004-11-15,437.0,32.851871490478516,13.391741752624512,13.207744598388672,157.495
2004-11-16,440.20001220703125,32.648807525634766,13.304558753967285,13.08456039428711,157.495
2004-11-17,444.79998779296875,33.08876419067383,13.316182136535645,13.096111297607422,157.495
2004-11-18,442.6000061035156,33.241050720214844,13.3103609085083,13.157700538635254,157.495
2004-11-19,446.79998779296875,32.72496032714844,13.165060997009277,12.992171287536621,157.495
2004-11-20,446.79998779296875,32.72496032714844,13.165060997009277,12.992171287536621,157.495
2004-11-21,446.79998779296875,32.72496032714844,13.165060997009277,12.992171287536621,157.495
2004-11-22,448.79998779296875,33.0379753112793,13.252238273620605,13.07300853729248,157.495
2004-11-23,447.79998779296875,32.98725128173828,13.223177909851074,13.146150588989258,157.495
2004-11-24,449.29998779296875,33.274898529052734,13.21737003326416,13.23469352722168,157.495
2004-11-25,449.29998779296875,33.274898529052734,13.21737003326416,13.23469352722168,157.495
2004-11-26,449.29998779296875,33.173377990722656,13.21737003326416,13.250086784362793,157.495
2004-11-27,449.29998779296875,33.173377990722656,13.21737003326416,13.250086784362793,157.495
2004-11-28,449.29998779296875,33.173377990722656,13.21737003326416,13.250086784362793,157.495
2004-11-29,453.70001220703125,33.16490936279297,13.083683013916016,13.161550521850586,157.495
2004-11-30,451.29998779296875,33.09722137451172,12.984867095947266,13.019124984741211,157.495
2004-12-01,454.0,33.77406692504883,13.159242630004883,13.223142623901367,158.669
2004-12-02,450.3999938964844,33.90094757080078,13.281301498413086,13.238544464111328,158.669
2004-12-03,456.0,33.951717376708984,13.258054733276367,13.196195602416992,158.669
2004-12-04,456.0,33.951717376708984,13.258054733276367,13.196195602416992,158.669
2004-12-05,456.0,33.951717376708984,13.258054733276367,13.196195602416992,158.669
2004-12-06,454.20001220703125,34.07017135620117,13.170865058898926,13.173095703125,158.669
2004-12-07,452.0,33.48638916015625,13.135990142822266,13.080711364746094,158.669
2004-12-08,437.20001220703125,33.680999755859375,13.141801834106445,13.157700538635254,158.669
2004-12-09,435.79998779296875,33.88404846191406,13.292925834655762,13.25778579711914,158.669
2004-12-10,433.8999938964844,33.782501220703125,13.316182136535645,13.242392539978027,158.669
2004-12-11,433.8999938964844,33.782501220703125,13.316182136535645,13.242392539978027,158.669
2004-12-12,433.8999938964844,33.782501220703125,13.316182136535645,13.242392539978027,158.669
2004-12-13,438.8999938964844,34.07862854003906,13.345240592956543,13.28858757019043,158.669
2004-12-14,435.8999938964844,34.247833251953125,13.467299461364746,13.357873916625977,158.669
2004-12-15,440.79998779296875,34.120933532714844,13.461491584777832,13.415621757507324,158.669
2004-12-16,436.8999938964844,33.799461364746094,13.426609992980957,13.392523765563965,158.669
2004-12-17,441.6000061035156,33.71317672729492,13.32447624206543,13.333831787109375,158.669
2004-12-18,441.6000061035156,33.71317672729492,13.32447624206543,13.333831787109375,158.669
2004-12-19,441.6000061035156,33.71317672729492,13.32447624206543,13.333831787109375,158.669
2004-12-20,442.3999938964844,33.48256301879883,13.33030891418457,13.318377494812012,158.669
2004-12-21,441.79998779296875,33.89253616333008,13.423693656921387,13.391751289367676,158.669
2004-12-22,440.29998779296875,33.93525695800781,13.476223945617676,13.48442554473877,158.669
2004-12-23,441.8999938964844,33.96086120605469,13.447049140930176,13.461257934570312,158.669
2004-12-24,441.8999938964844,33.96086120605469,13.447049140930176,13.461257934570312,158.669
2004-12-25,441.8999938964844,33.96086120605469,13.447049140930176,13.461257934570312,158.669
2004-12-26,441.8999938964844,33.96086120605469,13.447049140930176,13.461257934570312,158.669
2004-12-27,445.20001220703125,33.81566619873047,13.435368537902832,13.468979835510254,158.669
2004-12-28,444.29998779296875,34.14023971557617,13.517075538635254,13.627301216125488,158.669
2004-12-29,436.0,34.18294906616211,13.48789119720459,13.638888359069824,158.669
2004-12-30,437.5,34.15732955932617,13.517075538635254,13.677498817443848,158.669
2004-12-31,437.5,34.097537994384766,13.470385551452637,13.627301216125488,158.669
2005-01-01,437.5,34.097537994384766,13.470385551452637,13.627301216125488,160.13
2005-01-02,437.5,34.097537994384766,13.470385551452637,13.627301216125488,160.13
2005-01-03,428.70001220703125,33.738792419433594,13.470385551452637,13.538485527038574,160.13
2005-01-04,428.5,33.12383270263672,13.423693656921387,13.380165100097656,160.13
2005-01-05,426.6000061035156,32.91880798339844,13.353660583496094,13.329964637756348,160.13
2005-01-06,421.0,32.75652313232422,13.41785717010498,13.260458946228027,160.13
2005-01-07,418.8999938964844,32.927364349365234,13.482056617736816,13.256599426269531,160.13
2005-01-08,418.8999938964844,32.927364349365234,13.482056617736816,13.256599426269531,160.13
2005-01-09,418.8999938964844,32.927364349365234,13.482056617736816,13.256599426269531,160.13
2005-01-10,419.1000061035156,32.91027069091797,13.563773155212402,13.306792259216309,160.13
2005-01-11,421.8999938964844,32.67964172363281,13.505403518676758,13.221841812133789,160.13
2005-01-12,426.1000061035156,32.9530029296875,13.54625129699707,13.29907512664795,160.13
2005-01-13,424.5,32.517364501953125,13.458711624145508,13.202535629272461,160.13
2005-01-14,422.70001220703125,32.82485580444336,13.534589767456055,13.326102256774902,160.13
2005-01-15,422.70001220703125,32.82485580444336,13.534589767456055,13.326102256774902,160.13
2005-01-16,422.70001220703125,32.82485580444336,13.534589767456055,13.326102256774902,160.13
2005-01-17,422.70001220703125,32.82485580444336,13.534589767456055,13.326102256774902,160.13
2005-01-18,423.20001220703125,33.07255935668945,13.67465591430664,13.438084602355957,160.13
2005-01-19,423.0,32.52592468261719,13.651308059692383,13.302934646606445,160.13
2005-01-20,422.3999938964844,31.90238380432129,13.639641761779785,13.063526153564453,160.13
2005-01-21,426.70001220703125,31.646133422851562,13.52291488647461,13.017187118530273,160.13
2005-01-22,426.70001220703125,31.646133422851562,13.52291488647461,13.017187118530273,160.13
2005-01-23,426.70001220703125,31.646133422851562,13.52291488647461,13.017187118530273,160.13
2005-01-24,426.8999938964844,31.201980590820312,13.470385551452637,12.889750480651855,160.13
2005-01-25,422.0,31.355731964111328,13.52291488647461,12.924506187438965,160.13
2005-01-26,426.8999938964844,31.73154067993164,13.511242866516113,12.99401569366455,160.13
2005-01-27,426.29998779296875,31.6888427734375,13.587113380432129,12.96697998046875,160.13
2005-01-28,425.79998779296875,31.53509521484375,13.592941284179688,12.905198097229004,160.13
2005-01-29,425.79998779296875,31.53509521484375,13.592941284179688,12.905198097229004,160.13
2005-01-30,425.79998779296875,31.53509521484375,13.592941284179688,12.905198097229004,160.13
2005-01-31,421.79998779296875,31.94508934020996,13.627967834472656,13.04421329498291,160.13
2005-02-01,420.79998779296875,32.047584533691406,13.633807182312012,13.05579662322998,161.925
2005-02-02,421.1000061035156,32.098838806152344,13.744691848754883,13.094413757324219,161.925
2005-02-03,416.6000061035156,31.73154067993164,13.72135066986084,13.067380905151367,161.925
2005-02-04,414.0,32.244041442871094,13.797221183776855,13.18708610534668,161.925
2005-02-05,414.0,32.244041442871094,13.797221183776855,13.18708610534668,161.925
2005-02-06,414.0,32.244041442871094,13.797221183776855,13.18708610534668,161.925
2005-02-07,413.6000061035156,32.17570495605469,13.768036842346191,13.221841812133789,161.925
2005-02-08,412.6000061035156,32.235496520996094,13.785550117492676,13.190951347351074,161.925
2005-02-09,412.8999938964844,31.69738006591797,13.662984848022461,13.04421329498291,161.925
2005-02-10,417.20001220703125,31.73154067993164,13.657151222229004,13.098272323608398,161.925
2005-02-11,420.5,32.201332092285156,13.738858222961426,13.163918495178223,161.925
2005-02-12,420.5,32.201332092285156,13.738858222961426,13.163918495178223,161.925
2005-02-13,420.5,32.201332092285156,13.738858222961426,13.163918495178223,161.925
2005-02-14,425.79998779296875,32.346553802490234,13.744691848754883,13.14461612701416,161.925
2005-02-15,425.8999938964844,32.560062408447266,13.768036842346191,13.248872756958008,161.925
2005-02-16,425.5,32.44049835205078,13.803058624267578,13.22570514678955,161.925
2005-02-17,427.29998779296875,32.0048828125,13.7155122756958,13.160058975219727,161.925
2005-02-18,427.1000061035156,31.90238380432129,13.698006629943848,13.13302993774414,161.925
2005-02-19,427.1000061035156,31.90238380432129,13.698006629943848,13.13302993774414,161.925
2005-02-20,427.1000061035156,31.90238380432129,13.698006629943848,13.13302993774414,161.925
2005-02-21,427.1000061035156,31.90238380432129,13.698006629943848,13.13302993774414,161.925
2005-02-22,434.5,31.50946044921875,13.493733406066895,12.87430477142334,161.925
2005-02-23,434.8999938964844,31.552181243896484,13.528752326965332,12.955395698547363,161.925
2005-02-24,434.5,31.95362091064453,13.592941284179688,12.96697998046875,161.925
2005-02-25,434.8999938964844,32.132999420166016,13.639641761779785,13.028769493103027,161.925
2005-02-26,434.8999938964844,32.132999420166016,13.639641761779785,13.028769493103027,161.925
2005-02-27,434.8999938964844,32.132999420166016,13.639641761779785,13.028769493103027,161.925
2005-02-28,436.5,31.791330337524414,13.610452651977539,12.974699974060059,161.925
2005-03-01,432.8999938964844,32.141544342041016,13.72135066986084,13.121441841125488,164.577
2005-03-02,432.79998779296875,32.12446594238281,13.6863374710083,13.129166603088379,164.577
2005-03-03,429.8999938964844,31.85966682434082,13.779718399047852,13.113722801208496,164.577
2005-03-04,434.20001220703125,32.047584533691406,13.849752426147461,13.22570514678955,164.577
2005-03-05,434.20001220703125,32.047584533691406,13.849752426147461,13.22570514678955,164.577
2005-03-06,434.20001220703125,32.047584533691406,13.849752426147461,13.22570514678955,164.577
2005-03-07,435.0,32.508827209472656,13.808891296386719,13.237288475036621,164.577
2005-03-08,440.29998779296875,32.18424606323242,13.744691848754883,13.167778015136719,164.577
2005-03-09,442.1000061035156,32.09028244018555,13.645480155944824,13.021045684814453,164.577
2005-03-10,442.79998779296875,32.047584533691406,13.67465591430664,13.04421329498291,164.577
2005-03-11,446.20001220703125,31.74861717224121,13.569595336914062,13.028769493103027,164.577
2005-03-12,446.20001220703125,31.74861717224121,13.569595336914062,13.028769493103027,164.577
2005-03-13,446.20001220703125,31.74861717224121,13.569595336914062,13.028769493103027,164.577
2005-03-14,441.1000061035156,31.893842697143555,13.610452651977539,13.048075675964355,164.577
2005-03-15,440.8999938964844,31.637601852416992,13.528752326965332,13.063526153564453,164.577
2005-03-16,443.70001220703125,31.27885627746582,13.493733406066895,12.986291885375977,164.577
2005-03-17,438.70001220703125,31.355731964111328,13.540424346923828,12.997879028320312,164.577
2005-03-18,439.29998779296875,31.18488883972168,13.49705982208252,12.923625946044922,164.577
2005-03-19,439.29998779296875,31.18488883972168,13.49705982208252,12.923625946044922,164.577
2005-03-20,439.29998779296875,31.18488883972168,13.49705982208252,12.923625946044922,164.577
2005-03-21,431.1000061035156,31.244680404663086,13.420863151550293,12.861754417419434,164.577
2005-03-22,431.29998779296875,30.860305786132812,13.34467887878418,12.753478050231934,164.577
2005-03-23,425.20001220703125,30.971363067626953,13.432591438293457,12.7109375,164.577
2005-03-24,424.70001220703125,30.97990608215332,13.426729202270508,12.730274200439453,164.577
2005-03-25,424.70001220703125,30.97990608215332,13.426729202270508,12.730274200439453,164.577
2005-03-26,424.70001220703125,30.97990608215332,13.426729202270508,12.730274200439453,164.577
2005-03-27,424.70001220703125,30.97990608215332,13.426729202270508,12.730274200439453,164.577
2005-03-28,425.8999938964844,31.03969383239746,13.43843936920166,12.819218635559082,164.577
2005-03-29,426.0,30.79197120666504,13.40914535522461,12.656803131103516,164.577
2005-03-30,426.0,31.372833251953125,13.584962844848633,12.861754417419434,164.577
2005-03-31,428.70001220703125,31.23615837097168,13.491194725036621,12.823086738586426,164.577
2005-04-01,425.8999938964844,30.920122146606445,13.362256050109863,12.722540855407715,167.001
2005-04-02,425.8999938964844,30.920122146606445,13.362256050109863,12.722540855407715,167.001
2005-04-03,425.8999938964844,30.920122146606445,13.362256050109863,12.722540855407715,167.001
2005-04-04,423.8999938964844,31.142166137695312,13.43843936920166,12.75735092163086,167.001
2005-04-05,424.5,31.227619171142578,13.53807544708252,12.834686279296875,167.001
2005-04-06,427.1000061035156,31.17635154724121,13.502924919128418,12.780550003051758,167.001
2005-04-07,426.5,31.552181243896484,13.596687316894531,12.838550567626953,167.001
2005-04-08,426.8999938964844,31.295942306518555,13.532221794128418,12.738006591796875,167.001
2005-04-09,426.8999938964844,31.295942306518555,13.532221794128418,12.738006591796875,167.001
2005-04-10,426.8999938964844,31.295942306518555,13.532221794128418,12.738006591796875,167.001
2005-04-11,428.6000061035156,31.159282684326172,13.567384719848633,12.668401718139648,167.001
2005-04-12,427.6000061035156,31.313026428222656,13.620129585266113,12.78828239440918,167.001
2005-04-13,429.29998779296875,30.800533294677734,13.555660247802734,12.594927787780762,167.001
2005-04-14,424.0,30.364900588989258,13.526357650756836,12.420912742614746,167.001
2005-04-15,424.8999938964844,29.67305564880371,13.397420883178711,12.169556617736816,167.001
2005-04-16,424.8999938964844,29.67305564880371,13.397420883178711,12.169556617736816,167.001
2005-04-17,424.8999938964844,29.67305564880371,13.397420883178711,12.169556617736816,167.001
2005-04-18,427.5,29.681602478027344,13.309516906738281,12.192756652832031,167.001
2005-04-19,432.8999938964844,29.886594772338867,13.34467887878418,12.208229064941406,167.001
2005-04-20,435.29998779296875,29.638898849487305,13.17471694946289,12.0071382522583,167.001
2005-04-21,433.0,30.42469596862793,13.397420883178711,12.304903030395508,167.001
2005-04-22,434.29998779296875,29.97201156616211,13.256765365600586,12.119288444519043,167.001
2005-04-23,434.29998779296875,29.97201156616211,13.256765365600586,12.119288444519043,167.001
2005-04-24,434.29998779296875,29.97201156616211,13.256765365600586,12.119288444519043,167.001
2005-04-25,434.6000061035156,30.219707489013672,13.397420883178711,12.227560043334961,167.001
2005-04-26,437.8999938964844,29.937849044799805,13.297796249389648,12.142487525939941,167.001
2005-04-27,433.0,29.980546951293945,13.34467887878418,12.157954216003418,167.001
2005-04-28,433.0,29.681602478027344,13.3153715133667,11.980070114135742,167.001
2005-04-29,435.0,29.878042221069336,13.350536346435547,12.0071382522583,167.001
2005-04-30,435.0,29.878042221069336,13.350536346435547,12.0071382522583,167.001
2005-05-01,435.0,29.878042221069336,13.350536346435547,12.0071382522583,169.546
2005-05-02,429.5,29.99762535095215,13.450166702270508,12.069014549255371,169.546
2005-05-03,426.70001220703125,30.1513729095459,13.508773803710938,12.115418434143066,169.546
2005-05-04,429.0,30.51866340637207,13.596687316894531,12.374507904052734,169.546
2005-05-05,429.79998779296875,30.544296264648438,13.57324504852295,12.301033973693848,169.546
2005-05-06,426.1000061035156,30.629714965820312,13.520500183105469,12.301033973693848,169.546
2005-05-07,426.1000061035156,30.629714965820312,13.520500183105469,12.301033973693848,169.546
2005-05-08,426.1000061035156,30.629714965820312,13.520500183105469,12.301033973693848,169.546
2005-05-09,426.20001220703125,30.774887084960938,13.602535247802734,12.370644569396973,169.546
2005-05-10,427.20001220703125,30.55282974243164,13.526357650756836,12.219825744628906,169.546
2005-05-11,427.20001220703125,30.706573486328125,13.57324504852295,12.215960502624512,169.546
2005-05-12,421.6000061035156,30.621158599853516,13.508773803710938,12.15408706665039,169.546
2005-05-13,420.20001220703125,30.954261779785156,13.391565322875977,12.146352767944336,169.546
2005-05-14,420.20001220703125,30.954261779785156,13.391565322875977,12.146352767944336,169.546
2005-05-15,420.20001220703125,30.954261779785156,13.391565322875977,12.146352767944336,169.546
2005-05-16,418.8999938964844,31.159282684326172,13.520500183105469,12.297165870666504,169.546
2005-05-17,419.3999938964844,31.34718132019043,13.590827941894531,12.401575088500977,169.546
2005-05-18,421.5,31.774253845214844,13.719754219055176,12.645196914672852,169.546
2005-05-19,420.5,32.0390510559082,13.801806449890137,12.745743751525879,169.546
2005-05-20,417.3999938964844,32.167171478271484,13.78422737121582,12.7109375,169.546
2005-05-21,417.3999938964844,32.167171478271484,13.78422737121582,12.7109375,169.546
2005-05-22,417.3999938964844,32.167171478271484,13.78422737121582,12.7109375,169.546
2005-05-23,416.6000061035156,32.329444885253906,13.807672500610352,12.792147636413574,169.546
2005-05-24,417.5,32.43195724487305,13.78422737121582,12.768949508666992,169.546
2005-05-25,418.79998779296875,32.2952880859375,13.737345695495605,12.730274200439453,169.546
2005-05-26,418.0,32.61984634399414,13.749062538146973,12.796013832092285,169.546
2005-05-27,419.79998779296875,32.63694763183594,13.708030700683594,12.796013832092285,169.546
2005-05-28,419.79998779296875,32.63694763183594,13.708030700683594,12.796013832092285,169.546
2005-05-29,419.79998779296875,32.63694763183594,13.708030700683594,12.796013832092285,169.546
2005-05-30,419.79998779296875,32.63694763183594,13.708030700683594,12.796013832092285,169.546
2005-05-31,416.29998779296875,32.52592468261719,13.661151885986328,12.749613761901855,169.546
2005-06-01,415.29998779296875,32.790679931640625,13.754925727844238,12.803749084472656,172.018
2005-06-02,422.70001220703125,33.02131271362305,13.790087699890137,12.869486808776855,172.018
2005-06-03,423.70001220703125,32.54297637939453,13.678732872009277,12.776681900024414,172.018
2005-06-04,423.70001220703125,32.54297637939453,13.678732872009277,12.776681900024414,172.018
2005-06-05,423.70001220703125,32.54297637939453,13.678732872009277,12.776681900024414,172.018
2005-06-06,426.5,32.5515251159668,13.684592247009277,12.796013832092285,172.018
2005-06-07,424.79998779296875,32.2781982421875,13.737345695495605,12.815348625183105,172.018
2005-06-08,424.70001220703125,32.20987319946289,13.702178001403809,12.761213302612305,172.018
2005-06-09,424.20001220703125,32.41487121582031,13.708030700683594,12.811485290527344,172.018
2005-06-10,427.3999938964844,32.073204040527344,13.696317672729492,12.811485290527344,172.018
2005-06-11,427.3999938964844,32.073204040527344,13.696317672729492,12.811485290527344,172.018
2005-06-12,427.3999938964844,32.073204040527344,13.696317672729492,12.811485290527344,172.018
2005-06-13,429.29998779296875,32.226951599121094,13.743203163146973,12.830819129943848,172.018
2005-06-14,427.5,32.098838806152344,13.719754219055176,12.966163635253906,172.018
2005-06-15,429.1000061035156,32.201332092285156,13.725617408752441,12.966163635253906,172.018
2005-06-16,436.20001220703125,32.37216567993164,13.684592247009277,12.993229866027832,172.018
2005-06-17,438.29998779296875,32.376441955566406,13.721105575561523,13.047061920166016,172.018
2005-06-18,438.29998779296875,32.376441955566406,13.721105575561523,13.047061920166016,172.018
2005-06-19,438.29998779296875,32.376441955566406,13.721105575561523,13.047061920166016,172.018
2005-06-20,438.3999938964844,32.376441955566406,13.715224266052246,13.0548095703125,172.018
2005-06-21,438.8999938964844,32.35932540893555,13.685773849487305,13.062556266784668,172.018
2005-06-22,438.1000061035156,32.32515335083008,13.697549819946289,13.058684349060059,172.018
2005-06-23,441.70001220703125,31.966062545776367,13.526773452758789,12.830196380615234,172.018
2005-06-24,440.5,31.606990814208984,13.391335487365723,12.717885971069336,172.018
2005-06-25,440.5,31.606990814208984,13.391335487365723,12.717885971069336,172.018
2005-06-26,440.5,31.606990814208984,13.391335487365723,12.717885971069336,172.018
2005-06-27,440.29998779296875,31.46166229248047,13.379548072814941,12.659794807434082,172.018
2005-06-28,436.3999938964844,31.76088523864746,13.550326347351074,12.837937355041504,172.018
2005-06-29,436.3999938964844,31.692481994628906,13.514996528625488,12.760486602783203,172.018
2005-06-30,435.8999938964844,31.444551467895508,13.39721393585205,12.69465160369873,172.018
2005-07-01,427.79998779296875,31.401823043823242,13.44432544708252,12.725632667541504,174.1
2005-07-02,427.79998779296875,31.401823043823242,13.44432544708252,12.725632667541504,174.1
2005-07-03,427.79998779296875,31.401823043823242,13.44432544708252,12.725632667541504,174.1
2005-07-04,427.79998779296875,31.401823043823242,13.44432544708252,12.725632667541504,174.1
2005-07-05,422.8999938964844,31.726680755615234,13.520883560180664,12.845684051513672,174.1
2005-07-06,423.5,31.57279396057129,13.391335487365723,12.729500770568848,174.1
2005-07-07,423.29998779296875,31.683950424194336,13.36777114868164,12.768232345581055,174.1
2005-07-08,422.8999938964844,32.29093933105469,13.544440269470215,12.965739250183105,174.1
2005-07-09,422.8999938964844,32.29093933105469,13.544440269470215,12.965739250183105,174.1
2005-07-10,422.8999938964844,32.29093933105469,13.544440269470215,12.965739250183105,174.1
2005-07-11,425.5,32.59015655517578,13.620990753173828,13.03544807434082,174.1
2005-07-12,426.29998779296875,32.74405288696289,13.632768630981445,13.120649337768555,174.1
2005-07-13,423.8999938964844,32.820987701416016,13.685773849487305,13.085790634155273,174.1
2005-07-14,419.6000061035156,33.14588165283203,13.762325286865234,13.155497550964355,174.1
2005-07-15,420.70001220703125,33.248470306396484,13.756431579589844,13.209718704223633,174.1
2005-07-16,420.70001220703125,33.248470306396484,13.756431579589844,13.209718704223633,174.1
2005-07-17,420.70001220703125,33.248470306396484,13.756431579589844,13.209718704223633,174.1
2005-07-18,420.5,33.111690521240234,13.691651344299316,13.221333503723145,174.1
2005-07-19,419.70001220703125,33.49640655517578,13.668105125427246,13.302653312683105,174.1
2005-07-20,421.70001220703125,33.735774993896484,13.721105575561523,13.353005409240723,174.1
2005-07-21,425.3999938964844,33.74432373046875,13.668105125427246,13.322022438049316,174.1
2005-07-22,424.70001220703125,33.70157241821289,13.709329605102539,13.387855529785156,174.1
2005-07-23,424.70001220703125,33.70157241821289,13.709329605102539,13.387855529785156,174.1
2005-07-24,424.70001220703125,33.70157241821289,13.709329605102539,13.387855529785156,174.1
2005-07-25,425.70001220703125,33.57332992553711,13.662213325500488,13.28329849243164,174.1
2005-07-26,423.3999938964844,33.70157241821289,13.732879638671875,13.391737937927246,174.1
2005-07-27,424.70001220703125,33.958072662353516,13.768220901489258,13.426584243774414,174.1
2005-07-28,427.29998779296875,34.12049865722656,13.88598918914795,13.5621337890625,174.1
2005-07-29,429.8999938964844,33.83837127685547,13.827105522155762,13.414970397949219,174.1
2005-07-30,429.8999938964844,33.83837127685547,13.827105522155762,13.414970397949219,174.1
2005-07-31,429.8999938964844,33.83837127685547,13.827105522155762,13.414970397949219,174.1
2005-08-01,431.8999938964844,33.898216247558594,13.756431579589844,13.418842315673828,175.926
2005-08-02,431.8999938964844,34.26582717895508,13.803549766540527,13.484684944152832,175.926
2005-08-03,436.8999938964844,34.24874496459961,13.83299446105957,13.426584243774414,175.926
2005-08-04,437.8999938964844,33.915321350097656,13.715224266052246,13.310404777526855,175.926
2005-08-05,437.20001220703125,33.75288009643555,13.626882553100586,13.209718704223633,175.926
2005-08-06,437.20001220703125,33.75288009643555,13.626882553100586,13.209718704223633,175.926
2005-08-07,437.20001220703125,33.75288009643555,13.626882553100586,13.209718704223633,175.926
2005-08-08,434.70001220703125,33.50495910644531,13.603325843811035,13.178735733032227,175.926
2005-08-09,434.20001220703125,33.72724151611328,13.626882553100586,13.325897216796875,175.926
2005-08-10,436.5,33.43655776977539,13.603325843811035,13.31815242767334,175.926
2005-08-11,445.5,33.71013259887695,13.638660430908203,13.376249313354492,175.926
2005-08-12,445.8999938964844,33.52205276489258,13.591547966003418,13.341387748718262,175.926
2005-08-13,445.8999938964844,33.52205276489258,13.591547966003418,13.341387748718262,175.926
2005-08-14,445.8999938964844,33.52205276489258,13.591547966003418,13.341387748718262,175.926
2005-08-15,442.20001220703125,33.72724151611328,13.656328201293945,13.438210487365723,175.926
2005-08-16,446.1000061035156,33.1800537109375,13.520883560180664,13.159372329711914,175.926
2005-08-17,439.8999938964844,33.376712799072266,13.514996528625488,13.236824989318848,175.926
2005-08-18,439.5,33.205726623535156,13.668105125427246,13.18261432647705,175.926
2005-08-19,437.20001220703125,33.18861770629883,13.65044116973877,13.11677360534668,175.926
2005-08-20,437.20001220703125,33.18861770629883,13.65044116973877,13.11677360534668,175.926
2005-08-21,437.20001220703125,33.18861770629883,13.65044116973877,13.11677360534668,175.926
2005-08-22,438.1000061035156,33.205726623535156,13.691651344299316,13.109025955200195,175.926
2005-08-23,439.3999938964844,33.111690521240234,13.656328201293945,13.066431045532227,175.926
2005-08-24,437.29998779296875,32.915042877197266,13.532658576965332,12.973483085632324,175.926
2005-08-25,438.3999938964844,32.991966247558594,13.550326347351074,13.008337020874023,175.926
2005-08-26,437.3999938964844,32.880836486816406,13.514996528625488,12.954119682312012,175.926
2005-08-27,437.3999938964844,32.880836486816406,13.514996528625488,12.954119682312012,175.926
2005-08-28,437.3999938964844,32.880836486816406,13.514996528625488,12.954119682312012,175.926
2005-08-29,437.0,33.13732147216797,13.609220504760742,12.99284839630127,175.926
2005-08-30,431.20001220703125,33.01762390136719,13.538546562194824,12.861173629760742,175.926
2005-08-31,433.79998779296875,33.32541275024414,13.585657119750977,12.973483085632324,175.926
2005-09-01,442.29998779296875,33.27410888671875,13.567997932434082,12.845684051513672,177.613
2005-09-02,444.20001220703125,33.14588165283203,13.591547966003418,12.799214363098145,177.613
2005-09-03,444.20001220703125,33.14588165283203,13.591547966003418,12.799214363098145,177.613
2005-09-04,444.20001220703125,33.14588165283203,13.591547966003418,12.799214363098145,177.613
2005-09-05,444.20001220703125,33.14588165283203,13.591547966003418,12.799214363098145,177.613
2005-09-06,444.3999938964844,33.633174896240234,13.738779067993164,13.01995849609375,177.613
2005-09-07,444.8999938964844,33.69303894042969,13.7505464553833,13.112898826599121,177.613
2005-09-08,446.70001220703125,33.68449020385742,13.697549819946289,12.98897647857666,177.613
2005-09-09,449.0,33.872581481933594,13.756431579589844,13.097411155700684,177.613
2005-09-10,449.0,33.872581481933594,13.756431579589844,13.097411155700684,177.613
2005-09-11,449.0,33.872581481933594,13.756431579589844,13.097411155700684,177.613
2005-09-12,449.70001220703125,33.96662139892578,13.785879135131836,13.132259368896484,177.613
2005-09-13,446.1000061035156,33.881107330322266,13.656328201293945,12.942499160766602,177.613
2005-09-14,449.79998779296875,33.49640655517578,13.567997932434082,12.822450637817383,177.613
2005-09-15,455.5,33.47929382324219,13.620990753173828,12.845684051513672,177.613
2005-09-16,459.5,33.68449020385742,13.659461975097656,12.856935501098633,177.613
2005-09-17,459.5,33.68449020385742,13.659461975097656,12.856935501098633,177.613
2005-09-18,459.5,33.68449020385742,13.659461975097656,12.856935501098633,177.613
2005-09-19,466.70001220703125,33.4194450378418,13.57660961151123,12.701754570007324,177.613
2005-09-20,466.20001220703125,33.28267288208008,13.493746757507324,12.48061752319336,177.613
2005-09-21,468.8999938964844,32.915042877197266,13.32804012298584,12.282755851745605,177.613
2005-09-22,466.6000061035156,33.034725189208984,13.428648948669434,12.48061752319336,177.613
2005-09-23,463.5,33.1287841796875,13.452324867248535,12.527175903320312,177.613
2005-09-24,463.5,33.1287841796875,13.452324867248535,12.527175903320312,177.613
2005-09-25,463.5,33.1287841796875,13.452324867248535,12.527175903320312,177.613
2005-09-26,465.8999938964844,33.13732147216797,13.404975891113281,12.511653900146484,177.613
2005-09-27,462.6000061035156,33.060386657714844,13.547016143798828,12.50777530670166,177.613
2005-09-28,469.70001220703125,33.068912506103516,13.56477165222168,12.395264625549316,177.613
2005-09-29,472.20001220703125,33.51349639892578,13.683135986328125,12.519407272338867,177.613
2005-09-30,469.0,33.735774993896484,13.77783203125,12.604762077331543,177.613
2005-10-01,469.0,33.735774993896484,13.77783203125,12.604762077331543,178.755
2005-10-02,469.0,33.735774993896484,13.77783203125,12.604762077331543,178.755
2005-10-03,466.1000061035156,33.8212776184082,13.760062217712402,12.569846153259277,178.755
2005-10-04,466.1000061035156,33.598995208740234,13.700888633728027,12.48449993133545,178.755
2005-10-05,466.1000061035156,33.13732147216797,13.606192588806152,12.274996757507324,178.755
2005-10-06,471.8999938964844,32.701324462890625,13.52925968170166,12.286637306213379,178.755
2005-10-07,474.70001220703125,32.778263092041016,13.517425537109375,12.298276901245117,178.755
2005-10-08,474.70001220703125,32.778263092041016,13.517425537109375,12.298276901245117,178.755
2005-10-09,474.70001220703125,32.778263092041016,13.517425537109375,12.298276901245117,178.755
2005-10-10,475.1000061035156,32.59873580932617,13.470077514648438,12.20516586303711,178.755
2005-10-11,477.1000061035156,32.436279296875,13.470077514648438,12.158615112304688,178.755
2005-10-12,473.8999938964844,32.051544189453125,13.422731399536133,12.022826194763184,178.755
2005-10-13,471.1000061035156,32.29949188232422,13.38722038269043,12.057744979858398,178.755
2005-10-14,469.20001220703125,32.538875579833984,13.464157104492188,12.178011894226074,178.755
2005-10-15,469.20001220703125,32.538875579833984,13.464157104492188,12.178011894226074,178.755
2005-10-16,469.20001220703125,32.538875579833984,13.464157104492188,12.178011894226074,178.755
2005-10-17,474.1000061035156,32.64146041870117,13.612115859985352,12.201290130615234,178.755
2005-10-18,472.1000061035156,32.41062927246094,13.511506080627441,12.073262214660645,178.755
2005-10-19,463.5,33.060386657714844,13.653548240661621,12.30215835571289,178.755
2005-10-20,461.0,32.752593994140625,13.547016143798828,12.150850296020508,178.755
2005-10-21,467.0,32.95779037475586,13.535172462463379,12.135331153869629,178.755
2005-10-22,467.0,32.95779037475586,13.535172462463379,12.135331153869629,178.755
2005-10-23,467.0,32.95779037475586,13.535172462463379,12.135331153869629,178.755
2005-10-24,465.0,33.47929382324219,13.653548240661621,12.344829559326172,178.755
2005-10-25,472.79998779296875,33.3510627746582,13.606192588806152,12.255598068237305,178.755
2005-10-26,471.20001220703125,33.1800537109375,13.56477165222168,12.181891441345215,178.755
2005-10-27,473.79998779296875,32.51321792602539,13.43456745147705,11.937479972839355,178.755
2005-10-28,473.0,32.761165618896484,13.659461975097656,12.14697265625,178.755
2005-10-29,473.0,32.761165618896484,13.659461975097656,12.14697265625,178.755
2005-10-30,473.0,32.761165618896484,13.659461975097656,12.14697265625,178.755
2005-10-31,465.1000061035156,33.23136901855469,13.712728500366211,12.348710060119629,178.755
2005-11-01,458.79998779296875,33.205726623535156,13.63578987121582,12.356470108032227,179.676
2005-11-02,462.79998779296875,33.64173126220703,13.67130184173584,12.573723793029785,179.676
2005-11-03,460.1000061035156,34.146148681640625,13.724568367004395,12.57760238647461,179.676
2005-11-04,456.29998779296875,34.26582717895508,13.718647956848145,12.624160766601562,179.676
2005-11-05,456.29998779296875,34.26582717895508,13.718647956848145,12.624160766601562,179.676
2005-11-06,456.29998779296875,34.26582717895508,13.718647956848145,12.624160766601562,179.676
2005-11-07,459.0,34.308570861816406,13.748236656188965,12.725027084350586,179.676
2005-11-08,460.8999938964844,34.317138671875,13.706803321838379,12.5814847946167,179.676
2005-11-09,466.29998779296875,34.33424377441406,13.730484008789062,12.57760238647461,179.676
2005-11-10,466.6000061035156,34.71041488647461,13.890279769897461,12.767701148986816,179.676
2005-11-11,468.29998779296875,34.80445861816406,13.908031463623047,12.806499481201172,179.676
2005-11-12,468.29998779296875,34.80445861816406,13.908031463623047,12.806499481201172,179.676
2005-11-13,468.29998779296875,34.80445861816406,13.908031463623047,12.806499481201172,179.676
2005-11-14,468.20001220703125,34.80445861816406,13.85476303100586,12.814262390136719,179.676
2005-11-15,468.1000061035156,34.64200973510742,13.783747673034668,12.624160766601562,179.676
2005-11-16,478.29998779296875,34.85575866699219,13.819252967834473,12.61640453338623,179.676
2005-11-17,486.20001220703125,35.31741714477539,13.813337326049805,12.783223152160645,179.676
2005-11-18,485.6000061035156,35.437110900878906,13.848846435546875,12.868576049804688,179.676
2005-11-19,485.6000061035156,35.437110900878906,13.848846435546875,12.868576049804688,179.676
2005-11-20,485.6000061035156,35.437110900878906,13.848846435546875,12.868576049804688,179.676
2005-11-21,489.0,35.522579193115234,13.866602897644043,12.91512680053711,179.676
2005-11-22,492.6000061035156,35.65083312988281,13.961301803588867,12.973323822021484,179.676
2005-11-23,492.1000061035156,35.7363395690918,14.01456069946289,13.06643295288086,179.676
2005-11-24,492.1000061035156,35.7363395690918,14.01456069946289,13.06643295288086,179.676
2005-11-25,492.1000061035156,35.81328582763672,14.026397705078125,13.06643295288086,179.676
2005-11-26,492.1000061035156,35.81328582763672,14.026397705078125,13.06643295288086,179.676
2005-11-27,492.1000061035156,35.81328582763672,14.026397705078125,13.06643295288086,179.676
2005-11-28,498.29998779296875,35.51406478881836,13.961301803588867,12.9461669921875,179.676
2005-11-29,499.1000061035156,35.343055725097656,13.949461936950684,12.926774024963379,179.676
2005-11-30,494.6000061035156,35.2575798034668,13.837015151977539,12.84141731262207,179.676
2005-12-01,502.5,35.9158821105957,13.931707382202148,12.988842964172363,180.109
2005-12-02,503.29998779296875,36.00135803222656,13.925788879394531,13.031515121459961,180.109
2005-12-03,503.29998779296875,36.00135803222656,13.925788879394531,13.031515121459961,180.109
2005-12-04,503.29998779296875,36.00135803222656,13.925788879394531,13.031515121459961,180.109
2005-12-05,508.8999938964844,35.7363395690918,13.872525215148926,12.95392894744873,180.109
2005-12-06,510.20001220703125,35.85602569580078,13.86068344116211,12.992724418640137,180.109
2005-12-07,514.2999877929688,35.78763961791992,13.825174331665039,12.98108196258545,180.109
2005-12-08,519.2999877929688,35.531166076660156,13.801501274108887,12.926774024963379,180.109
2005-12-09,527.0,35.66793441772461,13.825174331665039,12.9461669921875,180.109
2005-12-10,527.0,35.66793441772461,13.825174331665039,12.9461669921875,180.109
2005-12-11,527.0,35.66793441772461,13.825174331665039,12.9461669921875,180.109
2005-12-12,528.4000244140625,35.79618453979492,13.85476303100586,12.961687088012695,180.109
2005-12-13,521.0,35.9415168762207,14.026397705078125,13.019875526428223,180.109
2005-12-14,506.5,35.821834564208984,14.14476490020752,13.085829734802246,180.109
2005-12-15,503.8999938964844,35.88166046142578,14.168437957763672,13.058673858642578,180.109
2005-12-16,503.3999938964844,35.63399887084961,14.156543731689453,13.02786922454834,180.109
2005-12-17,503.3999938964844,35.63399887084961,14.156543731689453,13.02786922454834,180.109
2005-12-18,503.3999938964844,35.63399887084961,14.156543731689453,13.02786922454834,180.109
2005-12-19,503.6000061035156,35.06838607788086,14.132749557495117,12.887492179870605,180.109
2005-12-20,494.6000061035156,35.094078063964844,14.049471855163574,12.86019515991211,180.109
2005-12-21,493.0,35.24834442138672,14.091110229492188,12.871893882751465,180.109
2005-12-22,502.70001220703125,35.47972869873047,14.103008270263672,12.875792503356934,180.109
2005-12-23,503.0,35.47972869873047,14.079216003417969,12.899188995361328,180.109
2005-12-24,503.0,35.47972869873047,14.079216003417969,12.899188995361328,180.109
2005-12-25,503.0,35.47972869873047,14.079216003417969,12.899188995361328,180.109
2005-12-26,503.0,35.47972869873047,14.079216003417969,12.899188995361328,180.109
2005-12-27,508.0,35.17121505737305,13.984048843383789,12.790006637573242,180.109
2005-12-28,514.2000122070312,35.12835693359375,14.001888275146484,12.813405990600586,180.109
2005-12-29,515.7000122070312,34.89698028564453,13.966201782226562,12.809502601623535,180.109
2005-12-30,517.0999755859375,34.63132858276367,13.853188514709473,12.73151683807373,180.109
2005-12-31,517.0999755859375,34.63132858276367,13.853188514709473,12.73151683807373,180.109
2006-01-01,517.0999755859375,34.63132858276367,13.853188514709473,12.73151683807373,180.828
2006-01-02,517.0999755859375,34.63132858276367,13.853188514709473,12.73151683807373,180.828
2006-01-03,530.7000122070312,35.402610778808594,13.94240665435791,12.867992401123047,180.828
2006-01-04,533.9000244140625,35.7711181640625,13.989995002746582,12.87969970703125,180.828
2006-01-05,526.2999877929688,35.925376892089844,13.91861629486084,12.89139175415039,180.828
2006-01-06,539.7000122070312,36.57670211791992,13.978097915649414,12.996674537658691,180.828
2006-01-07,539.7000122070312,36.57670211791992,13.978097915649414,12.996674537658691,180.828
2006-01-08,539.7000122070312,36.57670211791992,13.978097915649414,12.996674537658691,180.828
2006-01-09,549.0999755859375,36.72239685058594,14.04352855682373,13.129255294799805,180.828
2006-01-10,544.2999877929688,36.74810028076172,14.007833480834961,13.133150100708008,180.828
2006-01-11,548.7999877929688,37.030906677246094,14.019736289978027,13.199440956115723,180.828
2006-01-12,548.2999877929688,36.85093688964844,13.984048843383789,13.0824613571167,180.828
2006-01-13,556.0999755859375,36.833805084228516,13.966201782226562,13.086363792419434,180.828
2006-01-14,556.0999755859375,36.833805084228516,13.966201782226562,13.086363792419434,180.828
2006-01-15,556.0999755859375,36.833805084228516,13.966201782226562,13.086363792419434,180.828
2006-01-16,556.0999755859375,36.833805084228516,13.966201782226562,13.086363792419434,180.828
2006-01-17,553.4000244140625,36.593833923339844,13.91266918182373,13.016175270080566,180.828
2006-01-18,543.7000122070312,36.173885345458984,13.972146987915039,12.973278045654297,180.828
2006-01-19,558.4000244140625,36.439571380615234,13.984048843383789,13.070770263671875,180.828
2006-01-20,553.5,35.351200103759766,13.781813621520996,12.848494529724121,180.828
2006-01-21,553.5,35.351200103759766,13.781813621520996,12.848494529724121,180.828
2006-01-22,553.5,35.351200103759766,13.781813621520996,12.848494529724121,180.828
2006-01-23,558.2999877929688,35.35975646972656,13.793702125549316,12.840697288513184,180.828
2006-01-24,557.7000122070312,35.51401138305664,13.841287612915039,12.969377517700195,180.828
2006-01-25,562.2000122070312,35.35975646972656,13.853188514709473,12.922584533691406,180.828
2006-01-26,559.7000122070312,35.608280181884766,13.882929801940918,12.977178573608398,180.828
2006-01-27,558.7000122070312,36.08820724487305,13.995940208435059,13.035670280456543,180.828
2006-01-28,558.7000122070312,36.08820724487305,13.995940208435059,13.035670280456543,180.828
2006-01-29,558.7000122070312,36.08820724487305,13.995940208435059,13.035670280456543,180.828
2006-01-30,565.7999877929688,36.15675354003906,13.94240665435791,13.004469871520996,180.828
2006-01-31,570.7999877929688,35.993927001953125,13.876977920532227,12.957682609558105,180.828
2006-02-01,569.4000244140625,36.12248611450195,13.91266918182373,13.000570297241211,181.499
2006-02-02,572.5,35.50543975830078,13.906725883483887,12.984978675842285,181.499
2006-02-03,567.4000244140625,35.06838607788086,13.817500114440918,12.922584533691406,181.499
2006-02-04,567.4000244140625,35.06838607788086,13.817500114440918,12.922584533691406,181.499
2006-02-05,567.4000244140625,35.06838607788086,13.817500114440918,12.922584533691406,181.499
2006-02-06,570.2000122070312,34.97410202026367,13.787758827209473,12.918689727783203,181.499
2006-02-07,551.0,34.81985855102539,13.722326278686523,12.840697288513184,181.499
2006-02-08,550.0999755859375,35.22263717651367,13.781813621520996,12.930387496948242,181.499
2006-02-09,564.5,34.88841247558594,13.823444366455078,12.926483154296875,181.499
2006-02-10,550.2000122070312,35.1026611328125,13.8056001663208,12.973278045654297,181.499
2006-02-11,550.2000122070312,35.1026611328125,13.8056001663208,12.973278045654297,181.499
2006-02-12,550.2000122070312,35.1026611328125,13.8056001663208,12.973278045654297,181.499
2006-02-13,539.0,34.69985580444336,13.787758827209473,12.942081451416016,181.499
2006-02-14,545.9000244140625,35.05122756958008,13.960256576538086,13.086363792419434,181.499
2006-02-15,539.7000122070312,35.2740478515625,14.049471855163574,13.144851684570312,181.499
2006-02-16,546.0,35.5997314453125,14.114904403686523,13.187745094299316,181.499
2006-02-17,551.7999877929688,35.316898345947266,14.055424690246582,13.109761238098145,181.499
2006-02-18,551.7999877929688,35.316898345947266,14.055424690246582,13.109761238098145,181.499
2006-02-19,551.7999877929688,35.316898345947266,14.055424690246582,13.109761238098145,181.499
2006-02-20,551.7999877929688,35.316898345947266,14.055424690246582,13.109761238098145,181.499
2006-02-21,553.9000244140625,34.92268753051758,14.037579536437988,13.039567947387695,181.499
2006-02-22,553.9000244140625,35.35975646972656,14.150589942932129,13.137052536010742,181.499
2006-02-23,548.4000244140625,35.2654914855957,14.156543731689453,13.066864967346191,181.499
2006-02-24,558.7999877929688,35.35975646972656,14.085164070129395,13.043469429016113,181.499
2006-02-25,558.7999877929688,35.35975646972656,14.085164070129395,13.043469429016113,181.499
2006-02-26,558.7999877929688,35.35975646972656,14.085164070129395,13.043469429016113,181.499
2006-02-27,554.7000122070312,35.75397872924805,14.186285972595215,13.160443305969238,181.499
2006-02-28,561.5999755859375,35.22263717651367,13.995940208435059,13.051265716552734,181.499
2006-03-01,563.5,35.702552795410156,14.049471855163574,13.148752212524414,182.749
2006-03-02,568.2000122070312,35.728248596191406,13.972146987915039,13.062960624694824,182.749
2006-03-03,566.0,35.52259063720703,14.007833480834961,13.055168151855469,182.749
2006-03-04,566.0,35.52259063720703,14.007833480834961,13.055168151855469,182.749
2006-03-05,566.0,35.52259063720703,14.007833480834961,13.055168151855469,182.749
2006-03-06,554.9000244140625,35.214080810546875,13.960256576538086,12.973278045654297,182.749
2006-03-07,552.7000122070312,35.008399963378906,14.055424690246582,12.914790153503418,182.749
2006-03-08,542.5,35.02553939819336,14.210079193115234,12.93818187713623,182.749
2006-03-09,545.5,34.72557067871094,14.233866691589355,12.887492179870605,182.749
2006-03-10,539.9000244140625,34.75987243652344,14.364724159240723,13.00837516784668,182.749
2006-03-11,539.9000244140625,34.75987243652344,14.364724159240723,13.00837516784668,182.749
2006-03-12,539.9000244140625,34.75987243652344,14.364724159240723,13.00837516784668,182.749
2006-03-13,546.0999755859375,34.862701416015625,14.37662124633789,13.004469871520996,182.749
2006-03-14,551.7000122070312,35.454017639160156,14.340932846069336,13.144851684570312,182.749
2006-03-15,553.0999755859375,35.75397872924805,14.287403106689453,13.218939781188965,182.749
2006-03-16,554.4000244140625,35.454017639160156,14.334986686706543,13.246234893798828,182.749
2006-03-17,554.0999755859375,35.547515869140625,14.326607704162598,13.26846694946289,182.749
2006-03-18,554.0999755859375,35.547515869140625,14.326607704162598,13.26846694946289,182.749
2006-03-19,554.0999755859375,35.547515869140625,14.326607704162598,13.26846694946289,182.749
2006-03-20,555.2000122070312,35.633270263671875,14.410326957702637,13.237263679504395,182.749
2006-03-21,552.4000244140625,35.255924224853516,14.314661026000977,13.163155555725098,182.749
2006-03-22,550.9000244140625,35.34166717529297,14.446208000183105,13.206069946289062,182.749
2006-03-23,550.0999755859375,35.238773345947266,14.338577270507812,13.198259353637695,182.749
2006-03-24,560.0,35.418861389160156,14.338577270507812,13.178762435913086,182.749
2006-03-25,560.0,35.418861389160156,14.338577270507812,13.178762435913086,182.749
2006-03-26,560.0,35.418861389160156,14.338577270507812,13.178762435913086,182.749
2006-03-27,567.0,35.427452087402344,14.29073715209961,13.174864768981934,182.749
2006-03-28,566.5999755859375,35.281646728515625,14.177131652832031,13.104655265808105,182.749
2006-03-29,573.0,35.9505615234375,14.278777122497559,13.221665382385254,182.749
2006-03-30,586.7000122070312,36.062068939208984,14.165169715881348,13.167059898376465,182.749
2006-03-31,581.7999877929688,35.95915222167969,14.111355781555176,13.128064155578613,182.749
2006-04-01,581.7999877929688,35.95915222167969,14.111355781555176,13.128064155578613,183.648
2006-04-02,581.7999877929688,35.95915222167969,14.111355781555176,13.128064155578613,183.648
2006-04-03,589.4000244140625,36.00203323364258,14.15919303894043,13.081255912780762,183.648
2006-04-04,586.0,36.19929122924805,14.147232055664062,13.15535831451416,183.648
2006-04-05,587.9000244140625,36.54231643676758,14.177131652832031,13.241166114807129,183.648
2006-04-06,595.2000122070312,36.645240783691406,14.123312950134277,13.26846694946289,183.648
2006-04-07,588.4000244140625,36.29362106323242,13.997746467590332,13.209965705871582,183.648
2006-04-08,588.4000244140625,36.29362106323242,13.997746467590332,13.209965705871582,183.648
2006-04-09,588.4000244140625,36.29362106323242,13.997746467590332,13.209965705871582,183.648
2006-04-10,597.5999755859375,36.24216079711914,14.015684127807617,13.190461158752441,183.648
2006-04-11,595.2000122070312,35.9505615234375,13.88414192199707,13.085156440734863,183.648
2006-04-12,597.5,35.95915222167969,13.931975364685059,13.073461532592773,183.648
2006-04-13,596.5,36.104949951171875,13.908056259155273,13.104655265808105,183.648
2006-04-14,596.5,36.104949951171875,13.908056259155273,13.104655265808105,183.648
2006-04-15,596.5,36.104949951171875,13.908056259155273,13.104655265808105,183.648
2006-04-16,596.5,36.104949951171875,13.908056259155273,13.104655265808105,183.648
2006-04-17,615.4000244140625,35.727603912353516,13.830328941345215,13.038357734680176,183.648
2006-04-18,620.0,36.41368103027344,13.961874961853027,13.229462623596191,183.648
2006-04-19,632.5999755859375,36.576622009277344,13.979815483093262,13.182665824890137,183.648
2006-04-20,619.7999877929688,36.44798278808594,14.00372314453125,13.233366012573242,183.648
2006-04-21,632.2000122070312,36.01917266845703,14.00372314453125,13.131953239440918,183.648
2006-04-22,632.2000122070312,36.01917266845703,14.00372314453125,13.131953239440918,183.648
2006-04-23,632.2000122070312,36.01917266845703,14.00372314453125,13.131953239440918,183.648
2006-04-24,620.5999755859375,35.984886169433594,14.063521385192871,13.128064155578613,183.648
2006-04-25,631.0,35.90769958496094,14.063521385192871,13.108561515808105,183.648
2006-04-26,638.7999877929688,35.899139404296875,14.195067405700684,13.198259353637695,183.648
2006-04-27,633.2999877929688,36.24216079711914,14.213010787963867,13.303567886352539,183.648
2006-04-28,651.7999877929688,35.890525817871094,14.248884201049805,13.295769691467285,183.648
2006-04-29,651.7999877929688,35.890525817871094,14.248884201049805,13.295769691467285,183.648
2006-04-30,651.7999877929688,35.890525817871094,14.248884201049805,13.295769691467285,183.648
2006-05-01,657.5,35.5389289855957,14.242897987365723,13.221665382385254,184.38
2006-05-02,664.7000122070312,35.633270263671875,14.326607704162598,13.233366012573242,184.38
2006-05-03,665.9000244140625,35.58180618286133,14.230947494506836,13.26846694946289,184.38
2006-05-04,674.2000122070312,35.873390197753906,14.254858016967773,13.34256362915039,184.38
2006-05-05,682.2000122070312,36.15640640258789,14.386408805847168,13.498580932617188,184.38
2006-05-06,682.2000122070312,36.15640640258789,14.386408805847168,13.498580932617188,184.38
2006-05-07,682.2000122070312,36.15640640258789,14.386408805847168,13.498580932617188,184.38
2006-05-08,677.7999877929688,36.19070053100586,14.464140892028809,13.518080711364746,184.38
2006-05-09,699.4000244140625,36.05350112915039,14.506000518798828,13.557079315185547,184.38
2006-05-10,703.7000122070312,35.736183166503906,14.446208000183105,13.564882278442383,184.38
2006-05-11,719.7999877929688,34.93861770629883,14.266826629638672,13.428369522094727,184.38
2006-05-12,710.2999877929688,34.46693801879883,14.15321159362793,13.295769691467285,184.38
2006-05-13,710.2999877929688,34.46693801879883,14.15321159362793,13.295769691467285,184.38
2006-05-14,710.2999877929688,34.46693801879883,14.15321159362793,13.295769691467285,184.38
2006-05-15,683.5999755859375,34.44120788574219,14.308674812316895,13.33087158203125,184.38
2006-05-16,691.5,34.18391418457031,14.362491607666016,13.237263679504395,184.38
2006-05-17,690.5,33.7208251953125,14.183109283447266,13.053950309753418,184.38
2006-05-18,679.5999755859375,33.48927688598633,14.111355781555176,13.046154975891113,184.38
2006-05-19,656.7000122070312,33.74654006958008,14.123312950134277,13.135857582092285,184.38
2006-05-20,656.7000122070312,33.74654006958008,14.123312950134277,13.135857582092285,184.38
2006-05-21,656.7000122070312,33.74654006958008,14.123312950134277,13.135857582092285,184.38
2006-05-22,657.0,33.42066192626953,14.165169715881348,13.042256355285645,184.38
2006-05-23,673.0,33.09477233886719,14.15919303894043,12.944750785827637,184.38
2006-05-24,637.0,33.317745208740234,14.266826629638672,12.964248657226562,184.38
2006-05-25,648.4000244140625,33.75511932373047,14.404340744018555,13.089056015014648,184.38
2006-05-26,650.9000244140625,33.86662292480469,14.404340744018555,13.131953239440918,184.38
2006-05-27,650.9000244140625,33.86662292480469,14.404340744018555,13.131953239440918,184.38
2006-05-28,650.9000244140625,33.86662292480469,14.404340744018555,13.131953239440918,184.38
2006-05-29,650.9000244140625,33.86662292480469,14.404340744018555,13.131953239440918,184.38
2006-05-30,653.9000244140625,33.13764953613281,14.224961280822754,12.933051109313965,184.38
2006-05-31,642.5,33.292022705078125,14.278777122497559,13.073461532592773,184.38
2006-06-01,627.5999755859375,34.081016540527344,14.356511116027832,13.276268005371094,184.547
2006-06-02,635.5,33.995262145996094,14.326607704162598,13.248966217041016,184.547
2006-06-03,635.5,33.995262145996094,14.326607704162598,13.248966217041016,184.547
2006-06-04,635.5,33.995262145996094,14.326607704162598,13.248966217041016,184.547
2006-06-05,643.2000122070312,33.257720947265625,14.123312950134277,13.038357734680176,184.547
2006-06-06,629.4000244140625,33.23198318481445,14.165169715881348,12.972052574157715,184.547
2006-06-07,627.4000244140625,32.983280181884766,14.15919303894043,12.975951194763184,184.547
2006-06-08,609.0999755859375,32.93183517456055,14.207027435302734,12.956450462341309,184.547
2006-06-09,608.2000122070312,32.717437744140625,14.21898078918457,12.92524528503418,184.547
2006-06-10,608.2000122070312,32.717437744140625,14.21898078918457,12.92524528503418,184.547
2006-06-11,608.2000122070312,32.717437744140625,14.21898078918457,12.92524528503418,184.547
2006-06-12,606.7999877929688,32.074214935302734,14.135272026062012,12.753641128540039,184.547
2006-06-13,562.5,31.945602416992188,14.087440490722656,12.652235984802246,184.547
2006-06-14,562.2999877929688,32.271480560302734,14.147232055664062,12.710738182067871,184.547
2006-06-15,566.5,33.146236419677734,14.260846138000488,12.987648963928223,184.547
2006-06-16,578.0,32.902503967285156,14.277070999145508,12.956775665283203,184.547
2006-06-17,578.0,32.902503967285156,14.277070999145508,12.956775665283203,184.547
2006-06-18,578.0,32.902503967285156,14.277070999145508,12.956775665283203,184.547
2006-06-19,568.7999877929688,32.6364631652832,14.222968101501465,12.886422157287598,184.547
2006-06-20,576.9000244140625,32.67938232421875,14.325164794921875,12.839521408081055,184.547
2006-06-21,587.5,33.19429016113281,14.379264831542969,12.964590072631836,184.547
2006-06-22,582.2000122070312,32.77378463745117,14.355216979980469,12.862970352172852,184.547
2006-06-23,584.7999877929688,32.73945617675781,14.30713176727295,12.851247787475586,184.547
2006-06-24,584.7999877929688,32.73945617675781,14.30713176727295,12.851247787475586,184.547
2006-06-25,584.7999877929688,32.73945617675781,14.30713176727295,12.851247787475586,184.547
2006-06-26,584.7999877929688,32.82526397705078,14.38527774810791,12.917688369750977,184.547
2006-06-27,581.5999755859375,32.207374572753906,14.319149017333984,12.753533363342285,184.547
2006-06-28,578.2999877929688,32.44767761230469,14.38527774810791,12.765256881713867,184.547
2006-06-29,586.5,33.4345817565918,14.613709449768066,13.042763710021973,184.547
2006-06-30,613.5,33.271514892578125,14.541573524475098,13.050579071044922,184.547
2006-07-01,613.5,33.271514892578125,14.541573524475098,13.050579071044922,184.607
2006-07-02,613.5,33.271514892578125,14.541573524475098,13.050579071044922,184.607
2006-07-03,613.5,33.46889877319336,14.62573528289795,13.070120811462402,184.607
2006-07-04,613.5,33.46889877319336,14.62573528289795,13.070120811462402,184.607
2006-07-05,627.2999877929688,32.73945617675781,14.505508422851562,12.948959350585938,184.607
2006-07-06,634.0999755859375,32.70512008666992,14.673829078674316,12.956775665283203,184.607
2006-07-07,632.7999877929688,32.344688415527344,14.643763542175293,12.859063148498535,184.607
2006-07-08,632.7999877929688,32.344688415527344,14.643763542175293,12.859063148498535,184.607
2006-07-09,632.7999877929688,32.344688415527344,14.643763542175293,12.859063148498535,184.607
2006-07-10,624.0999755859375,32.061485290527344,14.733938217163086,12.874696731567383,184.607
2006-07-11,641.2000122070312,32.301795959472656,14.81208610534668,12.862970352172852,184.607
2006-07-12,649.4000244140625,31.692481994628906,14.69186019897461,12.65972900390625,184.607
2006-07-13,652.9000244140625,31.16041374206543,14.57163143157959,12.429122924804688,184.607
2006-07-14,666.5999755859375,30.842870712280273,14.42735767364502,12.26887321472168,184.607
2006-07-15,666.5999755859375,30.842870712280273,14.42735767364502,12.26887321472168,184.607
2006-07-16,666.5999755859375,30.842870712280273,14.42735767364502,12.26887321472168,184.607
2006-07-17,650.5999755859375,30.920108795166016,14.463424682617188,12.354865074157715,184.607
2006-07-18,628.2999877929688,31.023096084594727,14.529553413391113,12.280593872070312,184.607
2006-07-19,641.5999755859375,31.426427841186523,14.709893226623535,12.526836395263672,184.607
2006-07-20,631.7000122070312,30.96302032470703,14.721912384033203,12.362675666809082,184.607
2006-07-21,619.5999755859375,30.63690948486328,14.69186019897461,12.249329566955566,184.607
2006-07-22,619.5999755859375,30.63690948486328,14.69186019897461,12.249329566955566,184.607
2006-07-23,619.5999755859375,30.63690948486328,14.69186019897461,12.249329566955566,184.607
2006-07-24,612.7000122070312,31.246206283569336,14.800063133239746,12.515113830566406,184.607
2006-07-25,617.5999755859375,31.426427841186523,14.87220287322998,12.628463745117188,184.607
2006-07-26,621.5999755859375,31.40070915222168,14.800063133239746,12.483839988708496,184.607
2006-07-27,632.4000244140625,31.19474220275879,14.703883171081543,12.45648193359375,184.607
2006-07-28,634.7999877929688,31.846954345703125,14.842146873474121,12.60891342163086,184.607
2006-07-29,634.7999877929688,31.846954345703125,14.842146873474121,12.60891342163086,184.607
2006-07-30,634.7999877929688,31.846954345703125,14.842146873474121,12.60891342163086,184.607
2006-07-31,634.2000122070312,31.838359832763672,14.770005226135254,12.616730690002441,184.607
2006-08-01,646.2999877929688,31.306304931640625,14.697867393493652,12.499475479125977,184.404
2006-08-02,651.5999755859375,31.658157348632812,14.830114364624023,12.601096153259277,184.404
2006-08-03,644.9000244140625,31.855531692504883,14.866192817687988,12.679268836975098,184.404
2006-08-04,644.0,31.709640502929688,14.87220287322998,12.683183670043945,184.404
2006-08-05,644.0,31.709640502929688,14.87220287322998,12.683183670043945,184.404
2006-08-06,644.0,31.709640502929688,14.87220287322998,12.683183670043945,184.404
2006-08-07,647.7999877929688,31.50366973876953,14.83613395690918,12.655820846557617,184.404
2006-08-08,645.7000122070312,31.306304931640625,14.90225887298584,12.526836395263672,184.404
2006-08-09,650.5,31.34918975830078,14.806073188781738,12.354865074157715,184.404
2006-08-10,634.9000244140625,31.572328567504883,14.962372779846191,12.522928237915039,184.404
2006-08-11,633.5,31.34918975830078,14.932313919067383,12.519015312194824,184.404
2006-08-12,633.5,31.34918975830078,14.932313919067383,12.519015312194824,184.404
2006-08-13,633.5,31.34918975830078,14.932313919067383,12.519015312194824,184.404
2006-08-14,628.5,31.5551700592041,14.962372779846191,12.554195404052734,184.404
2006-08-15,622.5,32.353271484375,15.058548927307129,12.730080604553223,184.404
2006-08-16,628.7000122070312,33.11705017089844,15.076586723327637,12.859063148498535,184.404
2006-08-17,615.4000244140625,33.23720932006836,15.052536964416504,12.937236785888672,184.404
2006-08-18,612.0999755859375,33.288692474365234,15.142714500427246,12.93332576751709,184.404
2006-08-19,612.0999755859375,33.288692474365234,15.142714500427246,12.93332576751709,184.404
2006-08-20,612.0999755859375,33.288692474365234,15.142714500427246,12.93332576751709,184.404
2006-08-21,625.7000122070312,32.97115707397461,15.178771018981934,12.792614936828613,184.404
2006-08-22,624.5999755859375,32.97974395751953,15.166762351989746,12.780891418457031,184.404
2006-08-23,623.7000122070312,32.73086929321289,15.118667602539062,12.66754150390625,184.404
2006-08-24,619.5,32.82526397705078,15.196812629699707,12.601096153259277,184.404
2006-08-25,622.0,32.88533020019531,15.172773361206055,12.601096153259277,184.404
2006-08-26,622.0,32.88533020019531,15.172773361206055,12.601096153259277,184.404
2006-08-27,622.0,32.88533020019531,15.172773361206055,12.601096153259277,184.404
2006-08-28,615.2999877929688,33.134220123291016,15.232884407043457,12.72616958618164,184.404
2006-08-29,610.7000122070312,33.23720932006836,15.286983489990234,12.819976806640625,184.404
2006-08-30,617.7000122070312,33.391666412353516,15.32906723022461,12.827789306640625,184.404
2006-08-31,625.9000244140625,33.35733413696289,15.341089248657227,12.866878509521484,184.404
2006-09-01,624.4000244140625,33.537559509277344,15.425251007080078,12.972408294677734,184.198
2006-09-02,624.4000244140625,33.537559509277344,15.425251007080078,12.972408294677734,184.198
2006-09-03,624.4000244140625,33.537559509277344,15.425251007080078,12.972408294677734,184.198
2006-09-04,624.4000244140625,33.537559509277344,15.425251007080078,12.972408294677734,184.198
2006-09-05,638.5,33.8636589050293,15.37114429473877,13.011499404907227,184.198
2006-09-06,633.5,33.18570327758789,15.32906723022461,12.851247787475586,184.198
2006-09-07,617.0,33.031219482421875,15.274962425231934,12.89423942565918,184.198
2006-09-08,609.5999755859375,33.228599548339844,15.353110313415527,13.011499404907227,184.198
2006-09-09,609.5999755859375,33.228599548339844,15.353110313415527,13.011499404907227,184.198
2006-09-10,609.5999755859375,33.228599548339844,15.353110313415527,13.011499404907227,184.198
2006-09-11,590.0,33.4345817565918,15.467323303222656,13.113113403320312,184.198
2006-09-12,586.9000244140625,34.052459716796875,15.473340034484863,13.417983055114746,184.198
2006-09-13,589.0999755859375,34.284183502197266,15.359130859375,13.472702980041504,184.198
2006-09-14,579.2999877929688,34.31849670410156,15.43726921081543,13.437524795532227,184.198
2006-09-15,576.4000244140625,34.441280364990234,15.454188346862793,13.494701385498047,184.198
2006-09-16,576.4000244140625,34.441280364990234,15.454188346862793,13.494701385498047,184.198
2006-09-17,576.4000244140625,34.441280364990234,15.454188346862793,13.494701385498047,184.198
2006-09-18,586.2000122070312,34.44987106323242,15.393771171569824,13.424211502075195,184.198
2006-09-19,576.7999877929688,34.21803283691406,15.430023193359375,13.451617240905762,184.198
2006-09-20,580.0,34.716064453125,15.520642280578613,13.549522399902344,184.198
2006-09-21,582.2000122070312,34.50138473510742,15.381698608398438,13.475122451782227,184.198
2006-09-22,589.4000244140625,34.23521041870117,15.393771171569824,13.463373184204102,184.198
2006-09-23,589.4000244140625,34.23521041870117,15.393771171569824,13.463373184204102,184.198
2006-09-24,589.4000244140625,34.23521041870117,15.393771171569824,13.463373184204102,184.198
2006-09-25,589.9000244140625,34.83626937866211,15.29710578918457,13.670919418334961,184.198
2006-09-26,591.2000122070312,35.00801467895508,15.315235137939453,13.78840160369873,184.198
2006-09-27,597.2999877929688,34.965084075927734,15.411896705627441,13.764907836914062,184.198
2006-09-28,605.0,35.05953598022461,15.375651359558105,13.760990142822266,184.198
2006-09-29,598.5999755859375,34.904964447021484,15.333358764648438,13.686588287353516,184.198
2006-09-30,598.5999755859375,34.904964447021484,15.333358764648438,13.686588287353516,184.198
2006-10-01,598.5999755859375,34.904964447021484,15.333358764648438,13.686588287353516,184.054
2006-10-02,597.7000122070312,34.46704864501953,15.230658531188965,13.717912673950195,184.054
2006-10-03,576.2999877929688,34.61302185058594,15.248778343200684,13.835393905639648,184.054
2006-10-04,562.0,35.463104248046875,15.411896705627441,14.035110473632812,184.054
2006-10-05,571.0,35.634849548339844,15.35148811340332,14.074273109436035,184.054
2006-10-06,572.4000244140625,35.55756759643555,15.26689624786377,14.046853065490723,184.054
2006-10-07,572.4000244140625,35.55756759643555,15.26689624786377,14.046853065490723,184.054
2006-10-08,572.4000244140625,35.55756759643555,15.26689624786377,14.046853065490723,184.054
2006-10-09,578.4000244140625,35.67776870727539,15.321272850036621,14.14476203918457,184.054
2006-10-10,571.9000244140625,35.73788070678711,15.26689624786377,14.230910301208496,184.054
2006-10-11,572.2999877929688,35.669185638427734,15.29106616973877,14.195671081542969,184.054
2006-10-12,576.2999877929688,36.23590087890625,15.315235137939453,14.38364315032959,184.054
2006-10-13,588.7999877929688,36.43341064453125,15.285029411315918,14.344481468200684,184.054
2006-10-14,588.7999877929688,36.43341064453125,15.285029411315918,14.344481468200684,184.054
2006-10-15,588.7999877929688,36.43341064453125,15.285029411315918,14.344481468200684,184.054
2006-10-16,594.7000122070312,36.46775436401367,15.309192657470703,14.332730293273926,184.054
2006-10-17,589.7000122070312,36.064178466796875,15.278985023498535,14.281826972961426,184.054
2006-10-18,588.9000244140625,35.8924446105957,15.339404106140137,14.293572425842285,184.054
2006-10-19,599.0,35.97831344604492,15.375651359558105,14.285737991333008,184.054
2006-10-20,593.0,36.064178466796875,15.430023193359375,14.266159057617188,184.054
2006-10-21,593.0,36.064178466796875,15.430023193359375,14.266159057617188,184.054
2006-10-22,593.0,36.064178466796875,15.430023193359375,14.266159057617188,184.054
2006-10-23,579.7000122070312,36.43341064453125,15.58106803894043,14.454133033752441,184.054
2006-10-24,584.4000244140625,36.18437957763672,15.532727241516113,14.508947372436523,184.054
2006-10-25,587.5999755859375,36.43341064453125,15.635435104370117,14.458043098449707,184.054
2006-10-26,596.7999877929688,36.76828384399414,15.738147735595703,14.657764434814453,184.054
2006-10-27,598.2000122070312,36.2444953918457,15.683767318725586,14.512871742248535,184.054
2006-10-28,598.2000122070312,36.2444953918457,15.683767318725586,14.512871742248535,184.054
2006-10-29,598.2000122070312,36.2444953918457,15.683767318725586,14.512871742248535,184.054
2006-10-30,604.7000122070312,36.47633361816406,15.6173095703125,14.602940559387207,184.054
2006-10-31,604.0999755859375,36.562217712402344,15.605222702026367,14.571611404418945,184.054
2006-11-01,616.5999755859375,36.064178466796875,15.484400749206543,14.458043098449707,183.631
2006-11-02,625.4000244140625,36.0985107421875,15.46022891998291,14.442381858825684,183.631
2006-11-03,626.9000244140625,36.00408172607422,15.387735366821289,14.332730293273926,183.631
2006-11-04,626.9000244140625,36.00408172607422,15.387735366821289,14.332730293273926,183.631
2006-11-05,626.9000244140625,36.00408172607422,15.387735366821289,14.332730293273926,183.631
2006-11-06,625.7999877929688,36.52785110473633,15.44210433959961,14.508947372436523,183.631
2006-11-07,625.7000122070312,36.7768669128418,15.466272354125977,14.548108100891113,183.631
2006-11-08,616.4000244140625,36.9486083984375,15.520642280578613,14.618612289428711,183.631
2006-11-09,635.0,36.7768669128418,15.430023193359375,14.571611404418945,183.631
2006-11-10,628.4000244140625,36.9486083984375,15.436066627502441,14.618612289428711,183.631
2006-11-11,628.4000244140625,36.9486083984375,15.436066627502441,14.618612289428711,183.631
2006-11-12,628.4000244140625,36.9486083984375,15.436066627502441,14.618612289428711,183.631
2006-11-13,624.2000122070312,37.326416015625,15.387735366821289,14.638185501098633,183.631
2006-11-14,623.7999877929688,37.72140121459961,15.430023193359375,14.79874038696289,183.631
2006-11-15,622.5,37.875972747802734,15.508560180664062,14.853560447692871,183.631
2006-11-16,620.5999755859375,38.03912353515625,15.6173095703125,14.951464653015137,183.631
2006-11-17,621.5,38.03912353515625,15.641473770141602,14.924055099487305,183.631
2006-11-18,621.5,38.03912353515625,15.641473770141602,14.924055099487305,183.631
2006-11-19,621.5,38.03912353515625,15.641473770141602,14.924055099487305,183.631
2006-11-20,621.2000122070312,38.11638641357422,15.593147277832031,14.865323066711426,183.631
2006-11-21,628.2000122070312,38.16791915893555,15.568968772888184,14.908398628234863,183.631
2006-11-22,628.7000122070312,38.40834045410156,15.605222702026367,14.93972396850586,183.631
2006-11-23,628.7000122070312,38.40834045410156,15.605222702026367,14.93972396850586,183.631
2006-11-24,628.7000122070312,38.339656829833984,15.544814109802246,14.861394882202148,183.631
2006-11-25,628.7000122070312,38.339656829833984,15.544814109802246,14.861394882202148,183.631
2006-11-26,628.7000122070312,38.339656829833984,15.544814109802246,14.861394882202148,183.631
2006-11-27,628.7000122070312,37.47239303588867,15.35148811340332,14.646018028259277,183.631
2006-11-28,637.2000122070312,37.58401870727539,15.417945861816406,14.638185501098633,183.631
2006-11-29,635.5,37.84162521362305,15.550860404968262,14.739997863769531,183.631
2006-11-30,646.9000244140625,37.815853118896484,15.472315788269043,14.755667686462402,183.631
2006-12-01,644.7000122070312,37.48957443237305,15.423980712890625,14.736087799072266,183.229
2006-12-02,644.7000122070312,37.48957443237305,15.423980712890625,14.736087799072266,183.229
2006-12-03,644.7000122070312,37.48957443237305,15.423980712890625,14.736087799072266,183.229
2006-12-04,645.2000122070312,38.00477981567383,15.6475191116333,14.892724990844727,183.229
2006-12-05,642.2999877929688,38.142154693603516,15.732099533081055,15.01804256439209,183.229
2006-12-06,630.5,38.00477981567383,15.750226020812988,15.006292343139648,183.229
2006-12-07,631.9000244140625,37.52390670776367,15.720010757446289,14.935796737670898,183.229
2006-12-08,626.0999755859375,37.69566345214844,15.750226020812988,14.967137336730957,183.229
2006-12-09,626.0999755859375,37.69566345214844,15.750226020812988,14.967137336730957,183.229
2006-12-10,626.0999755859375,37.69566345214844,15.750226020812988,14.967137336730957,183.229
2006-12-11,630.0,37.833045959472656,15.78042984008789,15.021954536437988,183.229
2006-12-12,627.0,37.609779357910156,15.744189262390137,14.93972396850586,183.229
2006-12-13,627.9000244140625,37.678504943847656,15.738147735595703,15.01804256439209,183.229
2006-12-14,626.5999755859375,38.09922409057617,15.79856014251709,15.174689292907715,183.229
2006-12-15,615.0,38.197235107421875,15.824060440063477,15.111015319824219,183.229
2006-12-16,615.0,38.197235107421875,15.824060440063477,15.111015319824219,183.229
2006-12-17,615.0,38.197235107421875,15.824060440063477,15.111015319824219,183.229
2006-12-18,614.0,37.81894302368164,15.81191349029541,15.099228858947754,183.229
2006-12-19,621.5999755859375,37.69858932495117,15.824060440063477,15.10708999633789,183.229
2006-12-20,620.5999755859375,37.56104278564453,15.83620548248291,15.103157997131348,183.229
2006-12-21,618.2000122070312,37.29454040527344,15.84227180480957,15.036349296569824,183.229
2006-12-22,619.0999755859375,36.907657623291016,15.830129623413086,15.024545669555664,183.229
2006-12-23,619.0999755859375,36.907657623291016,15.830129623413086,15.024545669555664,183.229
2006-12-24,619.0999755859375,36.907657623291016,15.830129623413086,15.024545669555664,183.229
2006-12-25,619.0999755859375,36.907657623291016,15.830129623413086,15.024545669555664,183.229
2006-12-26,623.7000122070312,37.062400817871094,15.890851020812988,15.071712493896484,183.229
2006-12-27,627.2000122070312,37.25154495239258,15.945499420166016,15.16997241973877,183.229
2006-12-28,634.0999755859375,37.07101821899414,15.93942928314209,15.154247283935547,183.229
2006-12-29,635.2000122070312,37.10538864135742,15.860491752624512,15.075643539428711,183.229
2006-12-30,635.2000122070312,37.10538864135742,15.860491752624512,15.075643539428711,183.229
2006-12-31,635.2000122070312,37.10538864135742,15.860491752624512,15.075643539428711,183.229
2007-01-01,635.2000122070312,37.10538864135742,15.860491752624512,15.075643539428711,182.718
2007-01-02,635.2000122070312,37.10538864135742,15.860491752624512,15.075643539428711,182.718
2007-01-03,627.0999755859375,37.17416000366211,15.963723182678223,15.138532638549805,182.718
2007-01-04,623.9000244140625,37.879150390625,15.988007545471191,15.134592056274414,182.718
2007-01-05,604.9000244140625,37.69858932495117,15.872635841369629,15.032414436340332,182.718
2007-01-06,604.9000244140625,37.69858932495117,15.872635841369629,15.032414436340332,182.718
2007-01-07,604.9000244140625,37.69858932495117,15.872635841369629,15.032414436340332,182.718
2007-01-08,607.5,37.724403381347656,15.896927833557129,15.055996894836426,182.718
2007-01-09,613.0999755859375,37.91352081298828,15.93336009979248,15.138532638549805,182.718
2007-01-10,611.5999755859375,38.36058044433594,16.000158309936523,15.217133522033691,182.718
2007-01-11,612.4000244140625,38.75605010986328,16.12159538269043,15.38612174987793,182.718
2007-01-12,625.5,38.95380783081055,16.097305297851562,15.429348945617676,182.718
2007-01-13,625.5,38.95380783081055,16.097305297851562,15.429348945617676,182.718
2007-01-14,625.5,38.95380783081055,16.097305297851562,15.429348945617676,182.718
2007-01-15,625.5,38.95380783081055,16.097305297851562,15.429348945617676,182.718
2007-01-16,624.5999755859375,38.92801284790039,16.10944938659668,15.484376907348633,182.718
2007-01-17,632.0999755859375,38.609901428222656,16.158031463623047,15.484376907348633,182.718
2007-01-18,627.0999755859375,37.896331787109375,16.133739471435547,15.570837020874023,182.718
2007-01-19,635.5,37.97370910644531,16.158031463623047,15.566903114318848,182.718
2007-01-20,635.5,37.97370910644531,16.158031463623047,15.566903114318848,182.718
2007-01-21,635.5,37.97370910644531,16.158031463623047,15.566903114318848,182.718
2007-01-22,633.2999877929688,37.56104278564453,16.139816284179688,15.468643188476562,182.718
2007-01-23,645.2000122070312,37.46647262573242,16.170169830322266,15.523674964904785,182.718
2007-01-24,647.5999755859375,38.085479736328125,16.23089027404785,15.582627296447754,182.718
2007-01-25,647.7999877929688,37.59543991088867,16.127666473388672,15.335027694702148,182.718
2007-01-26,644.5,37.45787048339844,16.085161209106445,15.260366439819336,182.718
2007-01-27,644.5,37.45787048339844,16.085161209106445,15.260366439819336,182.718
2007-01-28,644.5,37.45787048339844,16.085161209106445,15.260366439819336,182.718
2007-01-29,643.0999755859375,37.49228286743164,16.127666473388672,15.299657821655273,182.718
2007-01-30,644.2000122070312,37.509456634521484,16.11551856994629,15.34288501739502,182.718
2007-01-31,652.0,37.88773727416992,16.18231773376465,15.507949829101562,182.718
2007-02-01,657.4000244140625,37.827552795410156,16.243040084838867,15.56296443939209,182.47
2007-02-02,646.2000122070312,37.96511459350586,16.273401260375977,15.606202125549316,182.47
2007-02-03,646.2000122070312,37.96511459350586,16.273401260375977,15.606202125549316,182.47
2007-02-04,646.2000122070312,37.96511459350586,16.273401260375977,15.606202125549316,182.47
2007-02-05,650.9000244140625,37.930721282958984,16.2187442779541,15.555112838745117,182.47
2007-02-06,653.5999755859375,37.879150390625,16.194454193115234,15.610133171081543,182.47
2007-02-07,652.2999877929688,38.223026275634766,16.158031463623047,15.684802055358887,182.47
2007-02-08,658.0,38.21443176269531,16.127666473388672,15.653364181518555,182.47
2007-02-09,667.5,37.724403381347656,16.103374481201172,15.507949829101562,182.47
2007-02-10,667.5,37.724403381347656,16.103374481201172,15.507949829101562,182.47
2007-02-11,667.5,37.724403381347656,16.103374481201172,15.507949829101562,182.47
2007-02-12,662.5999755859375,37.57822799682617,16.066944122314453,15.433282852172852,182.47
2007-02-13,663.9000244140625,37.70719528198242,16.12159538269043,15.566903114318848,182.47
2007-02-14,667.4000244140625,38.3433952331543,16.2187442779541,15.649434089660645,182.47
2007-02-15,667.2999877929688,38.56690216064453,16.3159122467041,15.70052433013916,182.47
2007-02-16,668.7999877929688,38.43795394897461,16.340190887451172,15.68087387084961,182.47
2007-02-17,668.7999877929688,38.43795394897461,16.340190887451172,15.68087387084961,182.47
2007-02-18,668.7999877929688,38.43795394897461,16.340190887451172,15.68087387084961,182.47
2007-02-19,668.7999877929688,38.43795394897461,16.340190887451172,15.68087387084961,182.47
2007-02-20,657.0999755859375,38.73025894165039,16.425203323364258,15.794854164123535,182.47
2007-02-21,680.2000122070312,38.850616455078125,16.334121704101562,15.731961250305176,182.47
2007-02-22,679.4000244140625,39.0483512878418,16.273401260375977,15.696588516235352,182.47
2007-02-23,683.0999755859375,38.91080093383789,16.285537719726562,15.661219596862793,182.47
2007-02-24,683.0999755859375,38.91080093383789,16.285537719726562,15.661219596862793,182.47
2007-02-25,683.0999755859375,38.91080093383789,16.285537719726562,15.661219596862793,182.47
2007-02-26,686.5,38.72163391113281,16.27946662902832,15.527602195739746,182.47
2007-02-27,683.9000244140625,37.13117599487305,15.90906810760498,14.993117332458496,182.47
2007-02-28,669.4000244140625,37.25154495239258,15.93336009979248,15.044205665588379,182.47
2007-03-01,662.2999877929688,37.079593658447266,15.969795227050781,14.957745552062988,182.192
2007-03-02,641.5,36.52077865600586,15.720829010009766,14.847704887390137,182.192
2007-03-03,641.5,36.52077865600586,15.720829010009766,14.847704887390137,182.192
2007-03-04,641.5,36.52077865600586,15.720829010009766,14.847704887390137,182.192
2007-03-05,636.7000122070312,36.23707580566406,15.666180610656738,14.651196479797363,182.192
2007-03-06,643.7999877929688,36.8388786315918,15.787631034851074,14.902719497680664,182.192
2007-03-07,650.5999755859375,36.69273376464844,15.72690486907959,14.887005805969238,182.192
2007-03-08,653.4000244140625,36.94203186035156,15.872635841369629,15.00490951538086,182.192
2007-03-09,650.0,36.907657623291016,15.921213150024414,15.036349296569824,182.192
2007-03-10,650.0,36.907657623291016,15.921213150024414,15.036349296569824,182.192
2007-03-11,650.0,36.907657623291016,15.921213150024414,15.036349296569824,182.192
2007-03-12,648.4000244140625,37.14836502075195,15.93942928314209,15.01669979095459,182.192
2007-03-13,647.5999755859375,36.42619705200195,15.635820388793945,14.741593360900879,182.192
2007-03-14,640.9000244140625,36.95924758911133,15.666180610656738,14.714081764221191,182.192
2007-03-15,645.7000122070312,36.873260498046875,15.866557121276855,14.745519638061523,182.192
2007-03-16,652.5999755859375,36.84489059448242,15.823235511779785,14.693554878234863,182.192
2007-03-17,652.5999755859375,36.84489059448242,15.823235511779785,14.693554878234863,182.192
2007-03-18,652.5999755859375,36.84489059448242,15.823235511779785,14.693554878234863,182.192
2007-03-19,653.0999755859375,37.22339630126953,15.92697525024414,14.910094261169434,182.192
2007-03-20,657.9000244140625,37.490081787109375,16.079540252685547,15.02033805847168,182.192
2007-03-21,659.0,38.21268844604492,16.232086181640625,15.256570816040039,182.192
2007-03-22,663.4000244140625,38.07504653930664,16.311420440673828,15.21325969696045,182.192
2007-03-23,656.7000122070312,37.954612731933594,16.348031997680664,15.221129417419434,182.192
2007-03-24,656.7000122070312,37.954612731933594,16.348031997680664,15.221129417419434,182.192
2007-03-25,656.7000122070312,37.954612731933594,16.348031997680664,15.221129417419434,182.192
2007-03-26,663.4000244140625,38.109458923339844,16.232086181640625,15.146331787109375,182.192
2007-03-27,662.0999755859375,37.84276580810547,16.15886116027832,15.051835060119629,182.192
2007-03-28,666.5,37.4384651184082,16.128358840942383,14.882536888122559,182.192
2007-03-29,661.5,37.48147964477539,16.219890594482422,14.93371868133545,182.192
2007-03-30,663.0,37.44705581665039,16.262601852416992,14.973089218139648,182.192
2007-03-31,663.0,37.44705581665039,16.262601852416992,14.973089218139648,182.192
2007-04-01,663.0,37.44705581665039,16.262601852416992,14.973089218139648,182.13
2007-04-02,665.7000122070312,37.49869155883789,16.305320739746094,15.024275779724121,182.13
2007-04-03,664.0,37.98902893066406,16.415159225463867,15.217196464538574,182.13
2007-04-04,672.0999755859375,38.14387130737305,16.488386154174805,15.173876762390137,182.13
2007-04-05,674.2000122070312,38.333126068115234,16.531108856201172,15.29593563079834,182.13
2007-04-06,674.2000122070312,38.333126068115234,16.531108856201172,15.29593563079834,182.13
2007-04-07,674.2000122070312,38.333126068115234,16.531108856201172,15.29593563079834,182.13
2007-04-08,674.2000122070312,38.333126068115234,16.531108856201172,15.29593563079834,182.13
2007-04-09,671.9000244140625,38.238494873046875,16.488386154174805,15.284125328063965,182.13
2007-04-10,676.5,38.43635940551758,16.567720413208008,15.315629959106445,182.13
2007-04-11,676.7999877929688,38.03205108642578,16.457881927490234,15.197510719299316,182.13
2007-04-12,675.0999755859375,38.333126068115234,16.47618293762207,15.303814888000488,182.13
2007-04-13,685.4000244140625,38.41055679321289,16.531108856201172,15.315629959106445,182.13
2007-04-14,685.4000244140625,38.41055679321289,16.531108856201172,15.315629959106445,182.13
2007-04-15,685.4000244140625,38.41055679321289,16.531108856201172,15.315629959106445,182.13
2007-04-16,690.0999755859375,38.76325225830078,16.567720413208008,15.469176292419434,182.13
2007-04-17,688.2000122070312,38.849300384521484,16.720272064208984,15.532167434692383,182.13
2007-04-18,689.0999755859375,38.72024917602539,16.677562713623047,15.52036190032959,182.13
2007-04-19,684.2999877929688,38.840702056884766,16.68976402282715,15.398305892944336,182.13
2007-04-20,692.0,39.055747985839844,16.842321395874023,15.57941722869873,182.13
2007-04-21,692.0,39.055747985839844,16.842321395874023,15.57941722869873,182.13
2007-04-22,692.0,39.055747985839844,16.842321395874023,15.57941722869873,182.13
2007-04-23,690.5999755859375,39.1159553527832,16.805706024169922,15.547917366027832,182.13
2007-04-24,684.2000122070312,39.3138427734375,16.799602508544922,15.492795944213867,182.13
2007-04-25,684.0999755859375,39.83858871459961,16.885028839111328,15.650280952453613,182.13
2007-04-26,674.9000244140625,40.04503631591797,16.81790542602539,15.626659393310547,182.13
2007-04-27,678.7000122070312,40.062232971191406,16.78129768371582,15.524292945861816,182.13
2007-04-28,678.7000122070312,40.062232971191406,16.78129768371582,15.524292945861816,182.13
2007-04-29,678.7000122070312,40.062232971191406,16.78129768371582,15.524292945861816,182.13
2007-04-30,680.5,39.537479400634766,16.720272064208984,15.327434539794922,182.13
2007-05-01,674.4000244140625,39.50308609008789,16.653146743774414,15.370747566223145,181.883
2007-05-02,672.2999877929688,39.933197021484375,16.65924835205078,15.547917366027832,181.883
2007-05-03,681.7999877929688,40.0794563293457,16.720272064208984,15.516419410705566,181.883
2007-05-04,687.2000122070312,40.11387634277344,16.720272064208984,15.551855087280273,181.883
2007-05-05,687.2000122070312,40.11387634277344,16.720272064208984,15.551855087280273,181.883
2007-05-06,687.2000122070312,40.11387634277344,16.720272064208984,15.551855087280273,181.883
2007-05-07,688.0,40.11387634277344,16.75078773498535,15.551855087280273,181.883
2007-05-08,685.0999755859375,40.19989013671875,16.634838104248047,15.484925270080566,181.883
2007-05-09,680.2999877929688,40.285919189453125,16.65924835205078,15.57941722869873,181.883
2007-05-10,665.0999755859375,39.7353401184082,16.555513381958008,15.410117149353027,181.883
2007-05-11,670.5999755859375,40.242916107177734,16.59823226928711,15.47310733795166,181.883
2007-05-12,670.5999755859375,40.242916107177734,16.59823226928711,15.47310733795166,181.883
2007-05-13,670.5999755859375,40.242916107177734,16.59823226928711,15.47310733795166,181.883
2007-05-14,668.5,39.967628479003906,16.537206649780273,15.47310733795166,181.883
2007-05-15,673.0,39.65793228149414,16.647043228149414,15.417993545532227,181.883
2007-05-16,660.2000122070312,40.04503631591797,16.81790542602539,15.47310733795166,181.883
2007-05-17,656.2000122070312,39.855796813964844,16.775192260742188,15.496739387512207,181.883
2007-05-18,661.0,40.182682037353516,16.897241592407227,15.638481140136719,181.883
2007-05-19,661.0,40.182682037353516,16.897241592407227,15.638481140136719,181.883
2007-05-20,661.0,40.182682037353516,16.897241592407227,15.638481140136719,181.883
2007-05-21,662.9000244140625,40.44076919555664,16.769094467163086,15.697528839111328,181.883
2007-05-22,659.0999755859375,40.47517013549805,16.799602508544922,15.681784629821777,181.883
2007-05-23,661.9000244140625,40.285919189453125,16.75078773498535,15.689650535583496,181.883
2007-05-24,653.0,39.709529876708984,16.677562713623047,15.563661575317383,181.883
2007-05-25,655.0999755859375,39.959014892578125,16.78129768371582,15.618783950805664,181.883
2007-05-26,655.0999755859375,39.959014892578125,16.78129768371582,15.618783950805664,181.883
2007-05-27,655.0999755859375,39.959014892578125,16.78129768371582,15.618783950805664,181.883
2007-05-28,655.0999755859375,39.959014892578125,16.78129768371582,15.618783950805664,181.883
2007-05-29,657.0999755859375,40.268714904785156,16.842321395874023,15.606975555419922,181.883
2007-05-30,653.0999755859375,40.59560012817383,16.921649932861328,15.748717308044434,181.883
2007-05-31,661.0,40.784881591796875,16.946060180664062,15.788084030151367,181.883
2007-06-01,671.2000122070312,40.81069564819336,17.0253849029541,15.878641128540039,181.539
2007-06-02,671.2000122070312,40.81069564819336,17.0253849029541,15.878641128540039,181.539
2007-06-03,671.2000122070312,40.81069564819336,17.0253849029541,15.878641128540039,181.539
2007-06-04,670.7000122070312,40.93111038208008,17.086408615112305,15.910138130187988,181.539
2007-06-05,669.5999755859375,40.93111038208008,16.9826717376709,15.815649032592773,181.539
2007-06-06,669.2999877929688,40.492366790771484,16.872831344604492,15.614848136901855,181.539
2007-06-07,660.0999755859375,39.86438751220703,16.65924835205078,15.32349681854248,181.539
2007-06-08,645.5,40.354740142822266,16.756885528564453,15.52036190032959,181.539
2007-06-09,645.5,40.354740142822266,16.756885528564453,15.52036190032959,181.539
2007-06-10,645.5,40.354740142822266,16.756885528564453,15.52036190032959,181.539
2007-06-11,654.2999877929688,40.27732467651367,16.84842300415039,15.469176292419434,181.539
2007-06-12,648.5,40.036434173583984,16.68976402282715,15.343180656433105,181.539
2007-06-13,648.2000122070312,40.47517013549805,16.81790542602539,15.52036190032959,181.539
2007-06-14,651.5999755859375,40.74185562133789,16.842321395874023,15.630589485168457,181.539
2007-06-15,654.5,41.11807632446289,16.878541946411133,15.709479331970215,181.539
2007-06-16,654.5,41.11807632446289,16.878541946411133,15.709479331970215,181.539
2007-06-17,654.5,41.11807632446289,16.878541946411133,15.709479331970215,181.539
2007-06-18,655.7999877929688,41.12669372558594,16.79258918762207,15.64243221282959,181.539
2007-06-19,660.7000122070312,41.11807632446289,16.66979217529297,15.693705558776855,181.539
2007-06-20,656.0999755859375,40.73065948486328,16.6513671875,15.666101455688477,181.539
2007-06-21,650.5999755859375,41.100868225097656,16.700490951538086,15.6384916305542,181.539
2007-06-22,653.5,40.71345520019531,16.60839080810547,15.535934448242188,181.539
2007-06-23,653.5,40.71345520019531,16.60839080810547,15.535934448242188,181.539
2007-06-24,653.5,40.71345520019531,16.60839080810547,15.535934448242188,181.539
2007-06-25,651.2999877929688,40.541263580322266,16.53470802307129,15.4728422164917,181.539
2007-06-26,642.0999755859375,40.30879592895508,16.491731643676758,15.366342544555664,181.539
2007-06-27,641.7000122070312,40.928680419921875,16.62067222595215,15.52410888671875,181.539
2007-06-28,647.5,40.91145706176758,16.58997344970703,15.492559432983398,181.539
2007-06-29,648.0999755859375,40.98032760620117,16.60839080810547,15.512271881103516,181.539
2007-06-30,648.0999755859375,40.98032760620117,16.60839080810547,15.512271881103516,181.539
2007-07-01,648.0999755859375,40.98032760620117,16.60839080810547,15.512271881103516,180.993
2007-07-02,656.5,41.35053634643555,16.743467330932617,15.595100402832031,180.993
2007-07-03,652.9000244140625,41.59159469604492,16.737327575683594,15.618768692016602,180.993
2007-07-04,652.9000244140625,41.59159469604492,16.737327575683594,15.618768692016602,180.993
2007-07-05,648.4000244140625,41.892913818359375,16.725048065185547,15.701584815979004,180.993
2007-07-06,652.7000122070312,42.06511306762695,16.823287963867188,15.843583106994629,180.993
2007-07-07,652.7000122070312,42.06511306762695,16.823287963867188,15.843583106994629,180.993
2007-07-08,652.7000122070312,42.06511306762695,16.823287963867188,15.843583106994629,180.993
2007-07-09,660.5,42.0909423828125,16.823287963867188,15.784420013427734,180.993
2007-07-10,662.5,41.73795700073242,16.66979217529297,15.504390716552734,180.993
2007-07-11,660.2999877929688,42.02205276489258,16.749603271484375,15.595100402832031,180.993
2007-07-12,666.7000122070312,42.667762756347656,16.89082145690918,15.717367172241211,180.993
2007-07-13,665.7999877929688,42.96048355102539,17.007482528686523,15.796253204345703,180.993
2007-07-14,665.7999877929688,42.96048355102539,17.007482528686523,15.796253204345703,180.993
2007-07-15,665.7999877929688,42.96048355102539,17.007482528686523,15.796253204345703,180.993
2007-07-16,665.0,42.917423248291016,16.939943313598633,15.733154296875,180.993
2007-07-17,664.7000122070312,43.24458312988281,16.860118865966797,15.748917579650879,180.993
2007-07-18,672.5999755859375,43.19292449951172,16.86627197265625,15.729203224182129,180.993
2007-07-19,677.2000122070312,43.322059631347656,16.92152214050293,15.764707565307617,180.993
2007-07-20,683.9000244140625,43.089630126953125,16.823287963867188,15.563544273376465,180.993
2007-07-21,683.9000244140625,43.089630126953125,16.823287963867188,15.563544273376465,180.993
2007-07-22,683.9000244140625,43.089630126953125,16.823287963867188,15.563544273376465,180.993
2007-07-23,680.7999877929688,43.106842041015625,16.823287963867188,15.587217330932617,180.993
2007-07-24,684.2000122070312,42.46974563598633,16.700490951538086,15.34267807006836,180.993
2007-07-25,673.2999877929688,42.530006408691406,16.700490951538086,15.291398048400879,180.993
2007-07-26,662.5,42.168418884277344,16.45489501953125,14.841775894165039,180.993
2007-07-27,660.0,41.31608200073242,16.233856201171875,14.6090726852417,180.993
2007-07-28,660.0,41.31608200073242,16.233856201171875,14.6090726852417,180.993
2007-07-29,660.0,41.31608200073242,16.233856201171875,14.6090726852417,180.993
2007-07-30,664.0999755859375,41.798213958740234,16.27069854736328,14.818109512329102,180.993
2007-07-31,666.9000244140625,40.920074462890625,16.135622024536133,14.593291282653809,180.993
2007-08-01,663.5999755859375,41.23862075805664,16.37507438659668,14.613020896911621,180.235
2007-08-02,664.5999755859375,41.61741638183594,16.39349365234375,14.798385620117188,180.235
2007-08-03,672.5,40.825355529785156,16.362794876098633,14.344815254211426,180.235
2007-08-04,672.5,40.825355529785156,16.362794876098633,14.344815254211426,180.235
2007-08-05,672.5,40.825355529785156,16.362794876098633,14.344815254211426,180.235
2007-08-06,671.5,41.29887390136719,16.786449432373047,14.573570251464844,180.235
2007-08-07,670.5999755859375,41.59159469604492,16.743467330932617,14.656397819519043,180.235
2007-08-08,674.5,42.04789352416992,17.038183212280273,14.82204818725586,180.235
2007-08-09,661.4000244140625,41.07503890991211,16.731189727783203,14.403975486755371,180.235
2007-08-10,670.2999877929688,40.70481872558594,16.63909339904785,14.340867042541504,180.235
2007-08-11,670.2999877929688,40.70481872558594,16.63909339904785,14.340867042541504,180.235
2007-08-12,670.2999877929688,40.70481872558594,16.63909339904785,14.340867042541504,180.235
2007-08-13,669.7000122070312,40.98032760620117,16.58997344970703,14.419745445251465,180.235
2007-08-14,668.5999755859375,40.282989501953125,16.32595443725586,14.052946090698242,180.235
2007-08-15,668.9000244140625,39.51675796508789,16.239992141723633,13.903078079223633,180.235
2007-08-16,648.2999877929688,39.129337310791016,16.28297233581543,13.922789573669434,180.235
2007-08-17,656.9000244140625,39.86973571777344,16.362794876098633,14.021393775939941,180.235
2007-08-18,656.9000244140625,39.86973571777344,16.362794876098633,14.021393775939941,180.235
2007-08-19,656.9000244140625,39.86973571777344,16.362794876098633,14.021393775939941,180.235
2007-08-20,656.7000122070312,40.05913543701172,16.48558807373047,14.096331596374512,180.235
2007-08-21,656.7000122070312,40.480995178222656,16.48558807373047,14.190984725952148,180.235
2007-08-22,659.0999755859375,41.031982421875,16.52857208251953,14.380311965942383,180.235
2007-08-23,658.9000244140625,40.920074462890625,16.53470802307129,14.325092315673828,180.235
2007-08-24,668.0,41.49689483642578,16.6513671875,14.613020896911621,180.235
2007-08-25,668.0,41.49689483642578,16.6513671875,14.613020896911621,180.235
2007-08-26,668.0,41.49689483642578,16.6513671875,14.613020896911621,180.235
2007-08-27,666.7999877929688,41.22138977050781,16.577686309814453,14.411860466003418,180.235
2007-08-28,664.4000244140625,40.23992919921875,16.387359619140625,14.064778327941895,180.235
2007-08-29,666.2999877929688,41.39358901977539,16.52857208251953,14.506525039672852,180.235
2007-08-30,665.0,41.60881805419922,16.473318099975586,14.44736099243164,180.235
2007-08-31,673.0,42.073707580566406,16.516292572021484,14.68400764465332,180.235
2007-09-01,673.0,42.073707580566406,16.516292572021484,14.68400764465332,179.122
2007-09-02,673.0,42.073707580566406,16.516292572021484,14.68400764465332,179.122
2007-09-03,673.0,42.073707580566406,16.516292572021484,14.68400764465332,179.122
2007-09-04,682.5,42.771053314208984,16.6943416595459,14.70373249053955,179.122
2007-09-05,681.7000122070312,42.34059524536133,16.54085350036621,14.471027374267578,179.122
2007-09-06,695.5999755859375,42.30617904663086,16.49787712097168,14.506525039672852,179.122
2007-09-07,700.7999877929688,41.522708892822266,16.4242000579834,14.159439086914062,179.122
2007-09-08,700.7999877929688,41.522708892822266,16.4242000579834,14.159439086914062,179.122
2007-09-09,700.7999877929688,41.522708892822266,16.4242000579834,14.159439086914062,179.122
2007-09-10,703.2999877929688,41.49689483642578,16.4671688079834,14.084501266479492,179.122
2007-09-11,712.2000122070312,42.12535858154297,16.577686309814453,14.242264747619629,179.122
2007-09-12,711.9000244140625,42.133968353271484,16.663650512695312,14.250154495239258,179.122
2007-09-13,709.5,42.34059524536133,16.7127742767334,14.44736099243164,179.122
2007-09-14,709.5999755859375,42.37503433227539,16.811006546020508,14.542016983032227,179.122
2007-09-15,709.5999755859375,42.37503433227539,16.811006546020508,14.542016983032227,179.122
2007-09-16,709.5999755859375,42.37503433227539,16.811006546020508,14.542016983032227,179.122
2007-09-17,715.7999877929688,42.02205276489258,16.7127742767334,14.364529609680176,179.122
2007-09-18,715.7999877929688,43.08100128173828,17.038183212280273,14.924600601196289,179.122
2007-09-19,722.0,43.19292449951172,17.050458908081055,14.952208518981934,179.122
2007-09-20,732.4000244140625,43.07240295410156,17.068880081176758,14.656397819519043,179.122
2007-09-21,731.4000244140625,43.37905502319336,17.077529907226562,14.661534309387207,179.122
2007-09-22,731.4000244140625,43.37905502319336,17.077529907226562,14.661534309387207,179.122
2007-09-23,731.4000244140625,43.37905502319336,17.077529907226562,14.661534309387207,179.122
2007-09-24,732.0999755859375,43.57715606689453,17.065174102783203,14.539027214050293,179.122
2007-09-25,731.5999755859375,43.99062728881836,17.040485382080078,14.349335670471191,179.122
2007-09-26,728.2999877929688,44.205963134765625,17.15779685974121,14.554830551147461,179.122
2007-09-27,732.7000122070312,44.429908752441406,17.21952247619629,14.483708381652832,179.122
2007-09-28,742.7999877929688,44.28348159790039,17.275096893310547,14.554830551147461,179.122
2007-09-29,742.7999877929688,44.28348159790039,17.275096893310547,14.554830551147461,179.122
2007-09-30,742.7999877929688,44.28348159790039,17.275096893310547,14.554830551147461,179.122
2007-10-01,747.2000122070312,44.791709899902344,17.225698471069336,14.744531631469727,177.53
2007-10-02,729.7999877929688,44.80031967163086,17.231874465942383,14.740572929382324,177.53
2007-10-03,729.2999877929688,44.4902229309082,17.188657760620117,14.82355785369873,177.53
2007-10-04,737.7999877929688,44.593597412109375,17.225698471069336,14.7484769821167,177.53
2007-10-05,741.2999877929688,45.4980354309082,17.287446975708008,15.076480865478516,177.53
2007-10-06,741.2999877929688,45.4980354309082,17.287446975708008,15.076480865478516,177.53
2007-10-07,741.2999877929688,45.4980354309082,17.287446975708008,15.076480865478516,177.53
2007-10-08,732.7999877929688,45.78230667114258,17.176307678222656,14.977686882019043,177.53
2007-10-09,737.4000244140625,45.98042678833008,17.275096893310547,15.001399993896484,177.53
2007-10-10,740.4000244140625,46.09239196777344,17.349185943603516,14.938175201416016,177.53
2007-10-11,751.2999877929688,45.36022186279297,17.39240074157715,14.870988845825195,177.53
2007-10-12,748.7000122070312,46.10961151123047,17.429447174072266,14.946077346801758,177.53
2007-10-13,748.7000122070312,46.10961151123047,17.429447174072266,14.946077346801758,177.53
2007-10-14,748.7000122070312,46.10961151123047,17.429447174072266,14.946077346801758,177.53
2007-10-15,757.0999755859375,45.756465911865234,17.373882293701172,14.708961486816406,177.53
2007-10-16,757.0,45.54111862182617,17.299785614013672,14.661534309387207,177.53
2007-10-17,757.5,46.1268424987793,17.361539840698242,14.677340507507324,177.53
2007-10-18,764.0999755859375,46.3249397277832,17.299785614013672,14.542977333068848,177.53
2007-10-19,764.0,45.17070388793945,17.120746612548828,14.218917846679688,177.53
2007-10-20,764.0,45.17070388793945,17.120746612548828,14.218917846679688,177.53
2007-10-21,764.0,45.17070388793945,17.120746612548828,14.218917846679688,177.53
2007-10-22,755.7999877929688,45.71338653564453,17.231874465942383,14.345383644104004,177.53
2007-10-23,759.0,46.66950225830078,17.287446975708008,14.412561416625977,177.53
2007-10-24,761.5999755859375,46.31635284423828,17.238052368164062,14.365144729614258,177.53
2007-10-25,767.2999877929688,45.6961669921875,17.380050659179688,14.278203010559082,177.53
2007-10-26,783.9000244140625,46.45417022705078,17.49736213684082,14.444180488586426,177.53
2007-10-27,783.9000244140625,46.45417022705078,17.49736213684082,14.444180488586426,177.53
2007-10-28,783.9000244140625,46.45417022705078,17.49736213684082,14.444180488586426,177.53
2007-10-29,789.0999755859375,46.6436882019043,17.503536224365234,14.483708381652832,177.53
2007-10-30,784.2999877929688,46.73842239379883,17.429447174072266,14.440226554870605,177.53
2007-10-31,792.0,47.401676177978516,17.54058074951172,14.483708381652832,177.53
2007-11-01,790.7000122070312,46.51445388793945,17.194833755493164,14.116181373596191,175.162
2007-11-02,805.7000122070312,46.876224517822266,17.305965423583984,14.108266830444336,175.162
2007-11-03,805.7000122070312,46.876224517822266,17.305965423583984,14.108266830444336,175.162
2007-11-04,805.7000122070312,46.876224517822266,17.305965423583984,14.108266830444336,175.162
2007-11-05,808.0999755859375,46.57476806640625,17.330659866333008,13.9185791015625,175.162
2007-11-06,820.7999877929688,47.100196838378906,17.447965621948242,14.041090965270996,175.162
2007-11-07,831.0,45.95457458496094,17.256574630737305,13.752598762512207,175.162
2007-11-08,835.2000122070312,44.559120178222656,17.380050659179688,13.713082313537598,175.162
2007-11-09,832.5,43.068931579589844,17.213346481323242,13.400882720947266,175.162
2007-11-10,832.5,43.068931579589844,17.213346481323242,13.400882720947266,175.162
2007-11-11,832.5,43.068931579589844,17.213346481323242,13.400882720947266,175.162
2007-11-12,805.7999877929688,41.97499084472656,17.225698471069336,13.420642852783203,175.162
2007-11-13,797.2000122070312,43.70637893676758,17.485010147094727,13.792119979858398,175.162
2007-11-14,813.0,43.14645767211914,17.57145118713379,13.574767112731934,175.162
2007-11-15,785.9000244140625,42.91389465332031,17.559106826782227,13.444354057312012,175.162
2007-11-16,785.7000122070312,43.31013107299805,17.639366149902344,13.440396308898926,175.162
2007-11-17,785.7000122070312,43.31013107299805,17.639366149902344,13.440396308898926,175.162
2007-11-18,785.7000122070312,43.31013107299805,17.639366149902344,13.440396308898926,175.162
2007-11-19,776.7999877929688,42.810543060302734,17.51589012145996,13.144006729125977,175.162
2007-11-20,790.2999877929688,42.982810974121094,17.657888412475586,13.155863761901855,175.162
2007-11-21,797.5999755859375,42.47459411621094,17.44179916381836,13.029404640197754,175.162
2007-11-22,797.5999755859375,42.47459411621094,17.44179916381836,13.029404640197754,175.162
2007-11-23,824.0,42.9311408996582,17.62084197998047,13.258609771728516,175.162
2007-11-24,824.0,42.9311408996582,17.62084197998047,13.258609771728516,175.162
2007-11-25,824.0,42.9311408996582,17.62084197998047,13.258609771728516,175.162
2007-11-26,826.0,42.19034957885742,17.44179916381836,12.914796829223633,175.162
2007-11-27,813.7000122070312,43.034481048583984,17.627017974853516,13.120298385620117,175.162
2007-11-28,800.0999755859375,44.343807220458984,17.90484619140625,13.630086898803711,175.162
2007-11-29,795.2999877929688,44.533287048339844,17.997459411621094,13.495725631713867,175.162
2007-11-30,782.2000122070312,44.19735336303711,18.022159576416016,13.693318367004395,175.162
2007-12-01,782.2000122070312,44.19735336303711,18.022159576416016,13.693318367004395,173.337
2007-12-02,782.2000122070312,44.19735336303711,18.022159576416016,13.693318367004395,173.337
2007-12-03,788.2999877929688,43.82697296142578,17.954248428344727,13.622185707092285,173.337
2007-12-04,801.2999877929688,43.646060943603516,17.929555892944336,13.578717231750488,173.337
2007-12-05,797.5,44.429908752441406,18.003643035888672,13.558956146240234,173.337
2007-12-06,801.2000122070312,45.06733322143555,17.997459411621094,13.67751407623291,173.337
2007-12-07,794.4000244140625,45.075958251953125,18.188854217529297,13.792119979858398,173.337
2007-12-08,794.4000244140625,45.075958251953125,18.188854217529297,13.792119979858398,173.337
2007-12-09,794.4000244140625,45.075958251953125,18.188854217529297,13.792119979858398,173.337
2007-12-10,807.7000122070312,45.256866455078125,18.20738410949707,13.800018310546875,173.337
2007-12-11,811.4000244140625,44.205963134765625,18.00981330871582,13.357410430908203,173.337
2007-12-12,813.5,44.60219955444336,18.059207916259766,13.400882720947266,173.337
2007-12-13,799.0,44.36103057861328,18.139467239379883,13.31393814086914,173.337
2007-12-14,793.2999877929688,43.90449905395508,17.917198181152344,13.140053749084473,173.337
2007-12-15,793.2999877929688,43.90449905395508,17.917198181152344,13.140053749084473,173.337
2007-12-16,793.2999877929688,43.90449905395508,17.917198181152344,13.140053749084473,173.337
2007-12-17,794.7999877929688,42.83636474609375,17.793724060058594,13.017544746398926,173.337
2007-12-18,803.0,42.97419357299805,17.713455200195312,13.140053749084473,173.337
2007-12-19,801.0999755859375,42.96558380126953,17.861637115478516,13.021496772766113,173.337
2007-12-20,799.2000122070312,43.84420394897461,17.781370162963867,13.084731101989746,173.337
2007-12-21,811.5999755859375,44.70905685424805,18.207706451416016,13.110595703125,173.337
2007-12-22,811.5999755859375,44.70905685424805,18.207706451416016,13.110595703125,173.337
2007-12-23,811.5999755859375,44.70905685424805,18.207706451416016,13.110595703125,173.337
2007-12-24,812.7999877929688,45.04533386230469,18.18288803100586,13.353387832641602,173.337
2007-12-25,812.7999877929688,45.04533386230469,18.18288803100586,13.353387832641602,173.337
2007-12-26,826.0,45.26953887939453,18.120826721191406,13.309606552124023,173.337
2007-12-27,828.5999755859375,44.726318359375,17.94706916809082,13.122539520263672,173.337
2007-12-28,839.5999755859375,44.68317794799805,18.015331268310547,13.06284236907959,173.337
2007-12-29,839.5999755859375,44.68317794799805,18.015331268310547,13.06284236907959,173.337
2007-12-30,839.5999755859375,44.68317794799805,18.015331268310547,13.06284236907959,173.337
2007-12-31,834.9000244140625,44.165809631347656,17.872594833374023,13.01507568359375,173.337
2008-01-01,834.9000244140625,44.165809631347656,17.872594833374023,13.01507568359375,171.077
2008-01-02,857.0,43.467369079589844,17.61815071105957,12.816068649291992,171.077
2008-01-03,866.4000244140625,43.6484489440918,17.525075912475586,12.672785758972168,171.077
2008-01-04,863.0999755859375,41.73419952392578,17.450611114501953,12.274768829345703,171.077
2008-01-05,863.0999755859375,41.73419952392578,17.450611114501953,12.274768829345703,171.077
2008-01-06,863.0999755859375,41.73419952392578,17.450611114501953,12.274768829345703,171.077
2008-01-07,859.5999755859375,41.535858154296875,17.655397415161133,12.318553924560547,171.077
2008-01-08,878.0,40.458030700683594,17.525075912475586,12.079743385314941,171.077
2008-01-09,879.5,41.3203010559082,17.760896682739258,12.167305946350098,171.077
2008-01-10,891.7000122070312,41.380653381347656,17.791933059692383,12.338454246520996,171.077
2008-01-11,896.0999755859375,40.570133209228516,17.543685913085938,12.043923377990723,171.077
2008-01-12,896.0999755859375,40.570133209228516,17.543685913085938,12.043923377990723,171.077
2008-01-13,896.0999755859375,40.570133209228516,17.543685913085938,12.043923377990723,171.077
2008-01-14,901.5999755859375,41.27719497680664,17.46921730041504,12.159343719482422,171.077
2008-01-15,901.0,40.138973236083984,17.283050537109375,11.936458587646484,171.077
2008-01-16,880.5999755859375,39.70783996582031,17.220989227294922,12.004118919372559,171.077
2008-01-17,879.5,39.15598678588867,17.096878051757812,11.805113792419434,171.077
2008-01-18,880.7999877929688,39.104251861572266,16.848649978637695,11.7493896484375,171.077
2008-01-19,880.7999877929688,39.104251861572266,16.848649978637695,11.7493896484375,171.077
2008-01-20,880.7999877929688,39.104251861572266,16.848649978637695,11.7493896484375,171.077
2008-01-21,880.7999877929688,39.104251861572266,16.848649978637695,11.7493896484375,171.077
2008-01-22,889.5999755859375,38.09540557861328,16.674888610839844,11.980240821838379,171.077
2008-01-23,882.5,37.94880294799805,16.879676818847656,12.41805362701416,171.077
2008-01-24,905.5,38.724849700927734,16.79900360107422,12.541438102722168,171.077
2008-01-25,910.5,37.93155288696289,16.569385528564453,12.282732963562012,171.077
2008-01-26,910.5,37.93155288696289,16.569385528564453,12.282732963562012,171.077
2008-01-27,910.5,37.93155288696289,16.569385528564453,12.282732963562012,171.077
2008-01-28,927.0999755859375,38.2247428894043,16.699708938598633,12.48571491241455,171.077
2008-01-29,925.0999755859375,38.29372024536133,16.749357223510742,12.525518417358398,171.077
2008-01-30,920.5999755859375,38.259212493896484,16.631446838378906,12.445916175842285,171.077
2008-01-31,922.7000122070312,38.91454315185547,16.879676818847656,12.967318534851074,171.077
2008-02-01,908.7000122070312,39.31120300292969,17.04722785949707,13.082740783691406,169.19
2008-02-02,908.7000122070312,39.31120300292969,17.04722785949707,13.082740783691406,169.19
2008-02-03,908.7000122070312,39.31120300292969,17.04722785949707,13.082740783691406,169.19
2008-02-04,904.9000244140625,38.75934600830078,16.941730499267578,12.895670890808105,169.19
2008-02-05,885.9000244140625,37.65563201904297,16.71211814880371,12.533478736877441,169.19
2008-02-06,900.7000122070312,36.914093017578125,16.64385223388672,12.398154258728027,169.19
2008-02-07,906.0999755859375,37.17277145385742,16.817615509033203,12.636966705322266,169.19
2008-02-08,918.4000244140625,37.59526443481445,16.631446838378906,12.565319061279297,169.19
2008-02-09,918.4000244140625,37.59526443481445,16.631446838378906,12.565319061279297,169.19
2008-02-10,918.4000244140625,37.59526443481445,16.631446838378906,12.565319061279297,169.19
2008-02-11,922.9000244140625,38.000545501708984,16.842437744140625,12.696666717529297,169.19
2008-02-12,907.4000244140625,37.78497314453125,17.065845489501953,12.720548629760742,169.19
2008-02-13,906.5,38.612762451171875,16.98516273498535,12.883733749389648,169.19
2008-02-14,907.4000244140625,37.914302825927734,16.898292541503906,12.760348320007324,169.19
2008-02-15,902.7999877929688,37.78497314453125,16.97276496887207,12.828010559082031,169.19
2008-02-16,902.7999877929688,37.78497314453125,16.97276496887207,12.828010559082031,169.19
2008-02-17,902.7999877929688,37.78497314453125,16.97276496887207,12.828010559082031,169.19
2008-02-18,902.7999877929688,37.78497314453125,16.97276496887207,12.828010559082031,169.19
2008-02-19,926.5999755859375,37.715980529785156,17.24582290649414,12.680743217468262,169.19
2008-02-20,934.5999755859375,37.8884391784668,16.879676818847656,12.85586929321289,169.19
2008-02-21,946.0999755859375,37.526275634765625,16.941730499267578,12.549400329589844,169.19
2008-02-22,944.7000122070312,37.664249420166016,17.12790870666504,12.824028968811035,169.19
2008-02-23,944.7000122070312,37.664249420166016,17.12790870666504,12.824028968811035,169.19
2008-02-24,944.7000122070312,37.664249420166016,17.12790870666504,12.824028968811035,169.19
2008-02-25,937.5999755859375,37.853946685791016,17.15272331237793,12.995176315307617,169.19
2008-02-26,946.0999755859375,38.000545501708984,17.363725662231445,13.122539520263672,169.19
2008-02-27,958.2000122070312,38.19025421142578,17.12790870666504,13.094679832458496,169.19
2008-02-28,964.5,38.04366683959961,17.1589298248291,12.784226417541504,169.19
2008-02-29,972.0999755859375,37.0347900390625,16.83623504638672,12.465819358825684,169.19
2008-03-01,972.0999755859375,37.0347900390625,16.83623504638672,12.465819358825684,167.901
2008-03-02,972.0999755859375,37.0347900390625,16.83623504638672,12.465819358825684,167.901
2008-03-03,981.5,36.793338775634766,17.0037899017334,12.437954902648926,167.901
2008-03-04,963.9000244140625,37.00029754638672,16.991374969482422,12.41805362701416,167.901
2008-03-05,986.2000122070312,37.18138122558594,17.03483009338379,12.422037124633789,167.901
2008-03-06,975.0,36.36222457885742,16.879676818847656,12.119544982910156,167.901
2008-03-07,972.2000122070312,36.2760009765625,16.79900360107422,12.004118919372559,167.901
2008-03-08,972.2000122070312,36.2760009765625,16.79900360107422,12.004118919372559,167.901
2008-03-09,972.2000122070312,36.2760009765625,16.79900360107422,12.004118919372559,167.901
2008-03-10,969.9000244140625,35.577537536621094,16.71211814880371,11.864816665649414,167.901
2008-03-11,974.2000122070312,36.931339263916016,17.065845489501953,12.187207221984863,167.901
2008-03-12,978.7999877929688,36.827816009521484,17.022401809692383,12.119544982910156,167.901
2008-03-13,992.2999877929688,37.11238479614258,17.022401809692383,12.131485939025879,167.901
2008-03-14,998.2000122070312,36.43120193481445,16.730731964111328,11.956356048583984,167.901
2008-03-15,998.2000122070312,36.43120193481445,16.730731964111328,11.956356048583984,167.901
2008-03-16,998.2000122070312,36.43120193481445,16.730731964111328,11.956356048583984,167.901
2008-03-17,1001.4000244140625,35.76723098754883,16.637645721435547,11.797152519226074,167.901
2008-03-18,1003.2000122070312,37.36245346069336,16.941730499267578,12.262833595275879,167.901
2008-03-19,944.7000122070312,36.43981170654297,17.03483009338379,12.09964370727539,167.901
2008-03-20,919.5999755859375,37.184547424316406,17.231977462768555,12.454340934753418,167.901
2008-03-21,919.5999755859375,37.184547424316406,17.231977462768555,12.454340934753418,167.901
2008-03-22,919.5999755859375,37.184547424316406,17.231977462768555,12.454340934753418,167.901
2008-03-23,919.5999755859375,37.184547424316406,17.231977462768555,12.454340934753418,167.901
2008-03-24,918.2999877929688,38.4703369140625,17.425378799438477,12.868824005126953,167.901
2008-03-25,934.5999755859375,38.68606185913086,17.46904945373535,12.765201568603516,167.901
2008-03-26,949.0,38.57390213012695,17.3255558013916,12.526080131530762,167.901
2008-03-27,948.7999877929688,37.71956253051758,17.41289710998535,12.406519889831543,167.901
2008-03-28,930.5999755859375,37.52971267700195,17.394174575805664,12.16739559173584,167.901
2008-03-29,930.5999755859375,37.52971267700195,17.394174575805664,12.16739559173584,167.901
2008-03-30,930.5999755859375,37.52971267700195,17.394174575805664,12.16739559173584,167.901
2008-03-31,916.2000122070312,37.72819137573242,17.381702423095703,12.243118286132812,167.901
2008-04-01,882.9000244140625,39.34192657470703,17.593828201293945,12.793102264404297,167.318
2008-04-02,895.2000122070312,39.25563049316406,17.600067138671875,12.793102264404297,167.318
2008-04-03,905.0,39.34192657470703,17.55015754699707,12.832954406738281,167.318
2008-04-04,909.0,39.574928283691406,17.699893951416016,12.773174285888672,167.318
2008-04-05,909.0,39.574928283691406,17.699893951416016,12.773174285888672,167.318
2008-04-06,909.0,39.574928283691406,17.699893951416016,12.773174285888672,167.318
2008-04-07,922.7000122070312,39.48861312866211,17.58759117126465,12.725351333618164,167.318
2008-04-08,914.0,39.186588287353516,17.58135986328125,12.697450637817383,167.318
2008-04-09,933.5999755859375,38.746490478515625,17.406654357910156,12.418471336364746,167.318
2008-04-10,928.2999877929688,39.29877471923828,17.450334548950195,12.549996376037598,167.318
2008-04-11,923.5999755859375,38.211456298828125,17.33803939819336,12.318840026855469,167.318
2008-04-12,923.5999755859375,38.211456298828125,17.33803939819336,12.318840026855469,167.318
2008-04-13,923.5999755859375,38.211456298828125,17.33803939819336,12.318840026855469,167.318
2008-04-14,925.4000244140625,38.03887939453125,17.33179473876953,12.231159210205078,167.318
2008-04-15,928.7000122070312,38.09064865112305,17.437856674194336,12.215218544006348,167.318
2008-04-16,945.0999755859375,39.15209197998047,17.537683486938477,12.486223220825195,167.318
2008-04-17,939.7999877929688,39.06576919555664,17.56262969970703,12.542022705078125,167.318
2008-04-18,912.2000122070312,40.308414459228516,17.4440860748291,12.781146049499512,167.318
2008-04-19,912.2000122070312,40.308414459228516,17.4440860748291,12.781146049499512,167.318
2008-04-20,912.2000122070312,40.308414459228516,17.4440860748291,12.781146049499512,167.318
2008-04-21,914.7000122070312,40.59318923950195,17.4940128326416,12.781146049499512,167.318
2008-04-22,922.2999877929688,39.9891471862793,17.387950897216797,12.597820281982422,167.318
2008-04-23,906.2000122070312,40.42925262451172,17.500240325927734,12.593827247619629,167.318
2008-04-24,886.7999877929688,40.79166793823242,17.52519416809082,12.769190788269043,167.318
2008-04-25,887.2000122070312,40.688140869140625,17.425378799438477,12.896719932556152,167.318
2008-04-26,887.2000122070312,40.688140869140625,17.425378799438477,12.896719932556152,167.318
2008-04-27,887.2000122070312,40.688140869140625,17.425378799438477,12.896719932556152,167.318
2008-04-28,892.9000244140625,40.765777587890625,17.53143882751465,12.880781173706055,167.318
2008-04-29,874.2000122070312,41.076446533203125,17.55015754699707,12.984399795532227,167.318
2008-04-30,862.7999877929688,40.73991394042969,17.250682830810547,12.534052848815918,167.318
2008-05-01,848.9000244140625,42.025691986083984,17.56262969970703,13.25540542602539,167.015
2008-05-02,856.0999755859375,42.086116790771484,17.537683486938477,13.227507591247559,167.015
2008-05-03,856.0999755859375,42.086116790771484,17.537683486938477,13.227507591247559,167.015
2008-05-04,856.0999755859375,42.086116790771484,17.537683486938477,13.227507591247559,167.015
2008-05-05,872.2999877929688,41.96527862548828,17.475296020507812,13.080048561096191,167.015
2008-05-06,876.0,42.22417449951172,17.58759117126465,13.135839462280273,167.015
2008-05-07,869.5999755859375,41.456138610839844,17.419137954711914,12.888751029968262,167.015
2008-05-08,880.5999755859375,41.766822814941406,17.46904945373535,12.908677101135254,167.015
2008-05-09,884.5,41.60285186767578,17.369224548339844,12.832954406738281,167.015
2008-05-10,884.5,41.60285186767578,17.369224548339844,12.832954406738281,167.015
2008-05-11,884.5,41.60285186767578,17.369224548339844,12.832954406738281,167.015
2008-05-12,883.7000122070312,42.36223602294922,17.56262969970703,13.095992088317871,167.015
2008-05-13,868.5,42.474430084228516,17.500240325927734,13.143811225891113,167.015
2008-05-14,865.4000244140625,42.379512786865234,17.56886863708496,13.291275978088379,167.015
2008-05-15,879.0,43.121639251708984,17.78099822998047,13.418805122375488,167.015
2008-05-16,899.0,43.156158447265625,17.77475929260254,13.327143669128418,167.015
2008-05-17,899.0,43.156158447265625,17.77475929260254,13.327143669128418,167.015
2008-05-18,899.0,43.156158447265625,17.77475929260254,13.327143669128418,167.015
2008-05-19,905.0,42.84550857543945,17.874582290649414,13.331125259399414,167.015
2008-05-20,919.5,42.51756286621094,17.606300354003906,13.123895645141602,167.015
2008-05-21,928.0,41.576961517333984,17.425378799438477,12.844908714294434,167.015
2008-05-22,917.9000244140625,41.72367477416992,17.6125431060791,12.789114952087402,167.015
2008-05-23,925.5999755859375,41.5942268371582,17.518959045410156,12.633687019348145,167.015
2008-05-24,925.5999755859375,41.5942268371582,17.518959045410156,12.633687019348145,167.015
2008-05-25,925.5999755859375,41.5942268371582,17.518959045410156,12.633687019348145,167.015
2008-05-26,925.5999755859375,41.5942268371582,17.518959045410156,12.633687019348145,167.015
2008-05-27,907.7000122070312,42.32773208618164,17.56886863708496,12.729336738586426,167.015
2008-05-28,900.5,42.50033187866211,17.593828201293945,12.729336738586426,167.015
2008-05-29,877.2000122070312,42.88002014160156,17.66244888305664,12.976428031921387,167.015
2008-05-30,887.2999877929688,43.156158447265625,17.77475929260254,12.876791954040527,167.015
2008-05-31,887.2999877929688,43.156158447265625,17.77475929260254,12.876791954040527,167.015
2008-06-01,887.2999877929688,43.156158447265625,17.77475929260254,12.876791954040527,166.534
2008-06-02,892.9000244140625,42.6297721862793,17.61878204345703,12.749261856079102,166.534
2008-06-03,881.5999755859375,42.39677047729492,17.712358474731445,12.765201568603516,166.534
2008-06-04,879.9000244140625,42.94041442871094,17.699893951416016,12.840925216674805,166.534
2008-06-05,871.7999877929688,43.62213134765625,17.880817413330078,13.008312225341797,166.534
2008-06-06,895.4000244140625,42.31047058105469,17.437856674194336,12.458333015441895,166.534
2008-06-07,895.4000244140625,42.31047058105469,17.437856674194336,12.458333015441895,166.534
2008-06-08,895.4000244140625,42.31047058105469,17.437856674194336,12.458333015441895,166.534
2008-06-09,894.7000122070312,42.086116790771484,17.500240325927734,12.450360298156738,166.534
2008-06-10,867.9000244140625,41.88763427734375,17.53143882751465,12.498183250427246,166.534
2008-06-11,879.7000122070312,40.87798309326172,17.437856674194336,12.235145568847656,166.534
2008-06-12,869.2000122070312,40.92109680175781,17.556394577026367,12.334776878356934,166.534
2008-06-13,870.2999877929688,41.74093246459961,17.543922424316406,12.641654968261719,166.534
2008-06-14,870.2999877929688,41.74093246459961,17.543922424316406,12.641654968261719,166.534
2008-06-15,870.2999877929688,41.74093246459961,17.543922424316406,12.641654968261719,166.534
2008-06-16,883.5999755859375,42.111995697021484,17.356746673583984,12.601799964904785,166.534
2008-06-17,884.2999877929688,41.88763427734375,17.30059814453125,12.474265098571777,166.534
2008-06-18,890.9000244140625,41.43889617919922,17.10718536376953,12.199277877807617,166.534
2008-06-19,901.7000122070312,42.086116790771484,17.163333892822266,12.354711532592773,166.534
2008-06-20,901.2999877929688,40.94965362548828,16.96846580505371,11.991519927978516,166.534
2008-06-21,901.2999877929688,40.94965362548828,16.96846580505371,11.991519927978516,166.534
2008-06-22,901.2999877929688,40.94965362548828,16.96846580505371,11.991519927978516,166.534
2008-06-23,884.7999877929688,40.63015365600586,16.905811309814453,11.783530235290527,166.534
2008-06-24,889.2000122070312,40.422908782958984,16.962200164794922,11.83152961730957,166.534
2008-06-25,880.0,41.0792121887207,17.34442710876465,11.919525146484375,166.534
2008-06-26,913.0999755859375,39.421180725097656,16.818082809448242,11.63953971862793,166.534
2008-06-27,929.2999877929688,39.421180725097656,16.642635345458984,11.4435453414917,166.534
2008-06-28,929.2999877929688,39.421180725097656,16.642635345458984,11.4435453414917,166.534
2008-06-29,929.2999877929688,39.421180725097656,16.642635345458984,11.4435453414917,166.534
2008-06-30,926.2000122070312,39.00667190551758,16.76168441772461,11.391549110412598,166.534
2008-07-01,942.5,39.55935287475586,16.742887496948242,11.247550010681152,165.712
2008-07-02,944.7999877929688,38.609432220458984,16.72409439086914,11.123558044433594,165.712
2008-07-03,931.9000244140625,38.54033279418945,16.711559295654297,11.21955394744873,165.712
2008-07-04,931.9000244140625,38.54033279418945,16.711559295654297,11.21955394744873,165.712
2008-07-05,931.9000244140625,38.54033279418945,16.711559295654297,11.21955394744873,165.712
2008-07-06,931.9000244140625,38.54033279418945,16.711559295654297,11.21955394744873,165.712
2008-07-07,927.2999877929688,38.77351379394531,16.88074493408203,11.091559410095215,165.712
2008-07-08,921.9000244140625,39.697509765625,17.100061416625977,11.379548072814941,165.712
2008-07-09,927.2999877929688,38.643978118896484,16.930871963500977,11.139556884765625,165.712
2008-07-10,940.9000244140625,39.101680755615234,17.05619239807129,10.943563461303711,165.712
2008-07-11,959.5,38.47991180419922,16.874479293823242,10.715574264526367,165.712
2008-07-12,959.5,38.47991180419922,16.874479293823242,10.715574264526367,165.712
2008-07-13,959.5,38.47991180419922,16.874479293823242,10.715574264526367,165.712
2008-07-14,972.7000122070312,38.194923400878906,16.88701057434082,10.659575462341309,165.712
2008-07-15,977.7000122070312,38.20356369018555,16.855682373046875,10.659575462341309,165.712
2008-07-16,961.7999877929688,39.153472900390625,17.068723678588867,11.087556838989258,165.712
2008-07-17,970.0,39.41254425048828,17.100061416625977,11.139556884765625,165.712
2008-07-18,957.2999877929688,38.50582504272461,16.811819076538086,11.483546257019043,165.712
2008-07-19,957.2999877929688,38.50582504272461,16.811819076538086,11.483546257019043,165.712
2008-07-20,957.2999877929688,38.50582504272461,16.811819076538086,11.483546257019043,165.712
2008-07-21,963.0999755859375,38.669891357421875,16.77420997619629,11.279552459716797,165.712
2008-07-22,948.0,38.669891357421875,17.068723678588867,11.57954216003418,165.712
2008-07-23,922.4000244140625,39.17938995361328,17.187772750854492,11.803528785705566,165.712
2008-07-24,922.0,38.592166900634766,17.081253051757812,11.551535606384277,165.712
2008-07-25,926.5999755859375,39.09302520751953,16.98727035522461,11.37154483795166,165.712
2008-07-26,926.5999755859375,39.09302520751953,16.98727035522461,11.37154483795166,165.712
2008-07-27,926.5999755859375,39.09302520751953,16.98727035522461,11.37154483795166,165.712
2008-07-28,927.5999755859375,38.3590087890625,16.8431453704834,11.103558540344238,165.712
2008-07-29,916.4000244140625,39.153472900390625,17.237895965576172,11.499540328979492,165.712
2008-07-30,902.9000244140625,39.35210418701172,17.43842124938965,11.487541198730469,165.712
2008-07-31,913.9000244140625,39.257110595703125,17.168977737426758,11.411545753479004,165.712
2008-08-01,909.0,38.756263732910156,17.137649536132812,11.299551010131836,164.277
2008-08-02,909.0,38.756263732910156,17.137649536132812,11.299551010131836,164.277
2008-08-03,909.0,38.756263732910156,17.137649536132812,11.299551010131836,164.277
2008-08-04,900.0999755859375,38.367645263671875,17.294296264648438,11.383544921875,164.277
2008-08-05,878.5999755859375,39.66297912597656,17.59506607055664,11.891528129577637,164.277
2008-08-06,875.5999755859375,40.26747512817383,17.783050537109375,11.83152961730957,164.277
2008-08-07,870.7000122070312,39.956573486328125,17.43842124938965,11.599533081054688,164.277
2008-08-08,857.7999877929688,40.863319396972656,17.801847457885742,12.151519775390625,164.277
2008-08-09,857.7999877929688,40.863319396972656,17.801847457885742,12.151519775390625,164.277
2008-08-10,857.7999877929688,40.863319396972656,17.801847457885742,12.151519775390625,164.277
2008-08-11,821.5,41.23464584350586,17.958498001098633,12.523504257202148,164.277
2008-08-12,808.2000122070312,41.277801513671875,18.083824157714844,12.35950756072998,164.277
2008-08-13,825.0,41.191463470458984,17.902103424072266,12.159518241882324,164.277
2008-08-14,808.2000122070312,41.666419982910156,17.98357391357422,12.34350872039795,164.277
2008-08-15,786.0,41.58868408203125,18.15901756286621,12.487503051757812,164.277
2008-08-16,786.0,41.58868408203125,18.15901756286621,12.487503051757812,164.277
2008-08-17,786.0,41.58868408203125,18.15901756286621,12.487503051757812,164.277
2008-08-18,799.7000122070312,41.10511016845703,18.083824157714844,12.27550983428955,164.277
2008-08-19,811.0999755859375,40.59560012817383,17.83945083618164,12.04751968383789,164.277
2008-08-20,810.2999877929688,40.664695739746094,17.845712661743164,11.89952564239502,164.277
2008-08-21,833.0,40.47471237182617,17.651464462280273,11.995522499084473,164.277
2008-08-22,827.4000244140625,41.01011276245117,17.971033096313477,12.27550983428955,164.277
2008-08-23,827.4000244140625,41.01011276245117,17.971033096313477,12.27550983428955,164.277
2008-08-24,827.4000244140625,41.01011276245117,17.971033096313477,12.27550983428955,164.277
2008-08-25,819.7999877929688,40.14655685424805,17.682796478271484,11.931525230407715,164.277
2008-08-26,822.2000122070312,40.09475326538086,17.613874435424805,12.023518562316895,164.277
2008-08-27,828.0999755859375,40.353816986083984,17.695331573486328,12.059516906738281,164.277
2008-08-28,830.9000244140625,40.68196487426758,17.808115005493164,12.339510917663574,164.277
2008-08-29,829.2999877929688,39.82704544067383,17.632661819458008,12.19951343536377,164.277
2008-08-30,829.2999877929688,39.82704544067383,17.632661819458008,12.19951343536377,164.277
2008-08-31,829.2999877929688,39.82704544067383,17.632661819458008,12.19951343536377,164.277
2008-09-01,829.2999877929688,39.82704544067383,17.632661819458008,12.19951343536377,161.912
2008-09-02,805.0,39.33482360839844,17.826915740966797,12.43950366973877,161.912
2008-09-03,802.7000122070312,38.96350860595703,17.695331573486328,12.50350570678711,161.912
2008-09-04,797.9000244140625,37.702693939208984,17.58254051208496,12.087515830993652,161.912
2008-09-05,797.5999755859375,37.5213623046875,17.745460510253906,12.1115140914917,161.912
2008-09-06,797.5999755859375,37.5213623046875,17.745460510253906,12.1115140914917,161.912
2008-09-07,797.5999755859375,37.5213623046875,17.745460510253906,12.1115140914917,161.912
2008-09-08,797.5,37.452274322509766,18.121421813964844,12.65949821472168,161.912
2008-09-09,787.0999755859375,36.657814025878906,18.02742576599121,12.419506072998047,161.912
2008-09-10,757.9000244140625,36.960060119628906,18.152748107910156,12.291510581970215,161.912
2008-09-11,741.2999877929688,37.650909423828125,18.22794532775879,12.479503631591797,161.912
2008-09-12,760.2999877929688,37.504085540771484,18.265535354614258,12.479503631591797,161.912
2008-09-13,760.2999877929688,37.504085540771484,18.265535354614258,12.479503631591797,161.912
2008-09-14,760.2999877929688,37.504085540771484,18.265535354614258,12.479503631591797,161.912
2008-09-15,783.0999755859375,36.33829116821289,18.04623031616211,12.059516906738281,161.912
2008-09-16,776.5,36.623268127441406,18.04623031616211,12.139516830444336,161.912
2008-09-17,846.5999755859375,34.72346878051758,17.400819778442383,11.659536361694336,161.912
2008-09-18,892.7000122070312,35.897891998291016,17.513614654541016,11.959522247314453,161.912
2008-09-19,860.5999755859375,37.07137680053711,17.47513198852539,12.122087478637695,161.912
2008-09-20,860.5999755859375,37.07137680053711,17.47513198852539,12.122087478637695,161.912
2008-09-21,860.5999755859375,37.07137680053711,17.47513198852539,12.122087478637695,161.912
2008-09-22,903.9000244140625,35.325828552246094,17.380496978759766,11.624361038208008,161.912
2008-09-23,885.5,35.05794906616211,17.14707374572754,11.459786415100098,161.912
2008-09-24,889.0,35.29991149902344,17.11553192138672,11.419652938842773,161.912
2008-09-25,877.7000122070312,35.86159133911133,17.5382137298584,11.624361038208008,161.912
2008-09-26,882.9000244140625,35.498653411865234,17.47513198852539,11.740762710571289,161.912
2008-09-27,882.9000244140625,35.498653411865234,17.47513198852539,11.740762710571289,161.912
2008-09-28,882.9000244140625,35.498653411865234,17.47513198852539,11.740762710571289,161.912
2008-09-29,888.2000122070312,32.68157196044922,16.81901741027832,10.958043098449707,161.912
2008-09-30,874.2000122070312,33.623477935791016,17.41204261779785,11.198881149291992,161.912
2008-10-01,880.7000122070312,33.26919174194336,17.5382137298584,11.198881149291992,159.163
2008-10-02,839.0,31.7569580078125,17.31740951538086,10.793474197387695,159.163
2008-10-03,828.9000244140625,31.26439666748047,17.178627014160156,10.416165351867676,159.163
2008-10-04,828.9000244140625,31.26439666748047,17.178627014160156,10.416165351867676,159.163
2008-10-05,828.9000244140625,31.26439666748047,17.178627014160156,10.416165351867676,159.163
2008-10-06,862.7000122070312,30.123748779296875,16.680240631103516,10.123148918151855,159.163
2008-10-07,878.4000244140625,28.214006423950195,16.150306701660156,9.472891807556152,159.163
2008-10-08,903.0999755859375,27.98933219909668,15.708686828613281,9.288250923156738,159.163
2008-10-09,883.0999755859375,27.237533569335938,14.7623872756958,8.698200225830078,159.163
2008-10-10,855.4000244140625,27.064701080322266,14.888557434082031,8.882841110229492,159.163
2008-10-11,855.4000244140625,27.064701080322266,14.888557434082031,8.882841110229492,159.163
2008-10-12,855.4000244140625,27.064701080322266,14.888557434082031,8.882841110229492,159.163
2008-10-13,838.9000244140625,30.35704803466797,15.582517623901367,9.232051849365234,159.163
2008-10-14,836.2999877929688,29.043567657470703,15.614062309265137,9.288250923156738,159.163
2008-10-15,835.5,26.442520141601562,15.077816009521484,8.208500862121582,159.163
2008-10-16,801.5,27.876989364624023,15.222918510437012,8.75037956237793,159.163
2008-10-17,785.0999755859375,27.91155433654785,15.336475372314453,8.926996231079102,159.163
2008-10-18,785.0999755859375,27.91155433654785,15.336475372314453,8.926996231079102,159.163
2008-10-19,785.0999755859375,27.91155433654785,15.336475372314453,8.926996231079102,159.163
2008-10-20,787.5999755859375,28.689273834228516,15.46264934539795,8.975159645080566,159.163
2008-10-21,766.0999755859375,27.202966690063477,15.31755256652832,8.874812126159668,159.163
2008-10-22,733.2999877929688,26.45115852355957,15.077816009521484,8.268706321716309,159.163
2008-10-23,713.2999877929688,26.34747314453125,15.140912055969238,8.268706321716309,159.163
2008-10-24,729.0999755859375,25.500612258911133,14.3838529586792,7.795064449310303,159.163
2008-10-25,729.0999755859375,25.500612258911133,14.3838529586792,7.795064449310303,159.163
2008-10-26,729.0999755859375,25.500612258911133,14.3838529586792,7.795064449310303,159.163
2008-10-27,741.7000122070312,24.79203224182129,14.01795482635498,7.678661823272705,159.163
2008-10-28,739.2999877929688,27.531330108642578,14.983190536499023,8.429266929626465,159.163
2008-10-29,752.7999877929688,27.462203979492188,14.692989349365234,8.6018648147583,159.163
2008-10-30,737.2000122070312,28.378192901611328,15.31124210357666,8.862771987915039,159.163
2008-10-31,716.7999877929688,28.42139434814453,15.216614723205566,9.224023818969727,159.163
2008-11-01,716.7999877929688,28.42139434814453,15.216614723205566,9.224023818969727,156.071
2008-11-02,716.7999877929688,28.42139434814453,15.216614723205566,9.224023818969727,156.071
2008-11-03,725.4000244140625,28.360902786254883,15.450037002563477,8.959105491638184,156.071
2008-11-04,756.0,29.164552688598633,15.67715072631836,9.312333106994629,156.071
2008-11-05,741.2999877929688,27.6436710357666,15.399563789367676,8.79854965209961,156.071
2008-11-06,731.2000122070312,26.407968521118164,15.235532760620117,8.332930564880371,156.071
2008-11-07,733.2000122070312,26.95236587524414,15.304935455322266,8.477437973022461,156.071
2008-11-08,733.2000122070312,26.95236587524414,15.304935455322266,8.477437973022461,156.071
2008-11-09,733.2000122070312,26.95236587524414,15.304935455322266,8.477437973022461,156.071
2008-11-10,745.5999755859375,26.589427947998047,15.349091529846191,8.280744552612305,156.071
2008-11-11,732.0,26.010459899902344,15.00211238861084,7.991746425628662,156.071
2008-11-12,717.7000122070312,24.80931282043457,14.680370330810547,7.506059169769287,156.071
2008-11-13,704.9000244140625,26.321537017822266,15.267083168029785,8.092096328735352,156.071
2008-11-14,742.4000244140625,25.042617797851562,14.812850952148438,7.698729991912842,156.071
2008-11-15,742.4000244140625,25.042617797851562,14.812850952148438,7.698729991912842,156.071
2008-11-16,742.4000244140625,25.042617797851562,14.812850952148438,7.698729991912842,156.071
2008-11-17,741.9000244140625,24.515501022338867,14.617280006408691,7.477964401245117,156.071
2008-11-18,732.5999755859375,24.489578247070312,14.718223571777344,7.441836833953857,156.071
2008-11-19,735.9000244140625,23.210660934448242,14.33969497680664,6.964178085327148,156.071
2008-11-20,748.5999755859375,22.087291717529297,13.841314315795898,6.554759502410889,156.071
2008-11-21,791.7000122070312,23.046470642089844,14.503725051879883,7.004321575164795,156.071
2008-11-22,791.7000122070312,23.046470642089844,14.503725051879883,7.004321575164795,156.071
2008-11-23,791.7000122070312,23.046470642089844,14.503725051879883,7.004321575164795,156.071
2008-11-24,819.4000244140625,24.45501136779785,14.686676979064941,7.554229736328125,156.071
2008-11-25,818.4000244140625,24.342679977416992,14.768689155578613,7.650562286376953,156.071
2008-11-26,808.5,25.36235237121582,14.957950592041016,8.10012435913086,156.071
2008-11-27,808.5,25.36235237121582,14.957950592041016,8.10012435913086,156.071
2008-11-28,816.2000122070312,25.163604736328125,15.18506908416748,8.224557876586914,156.071
2008-11-29,816.2000122070312,25.163604736328125,15.18506908416748,8.224557876586914,156.071
2008-11-30,816.2000122070312,25.163604736328125,15.18506908416748,8.224557876586914,156.071
2008-12-01,774.5999755859375,23.271148681640625,14.346013069152832,7.506059169769287,152.544
2008-12-02,781.2999877929688,24.04886817932129,14.554201126098633,7.8552751541137695,152.544
2008-12-03,768.7999877929688,24.731531143188477,14.730838775634766,8.136248588562012,152.544
2008-12-04,763.7999877929688,24.031585693359375,14.541579246520996,8.224557876586914,152.544
2008-12-05,750.5,25.00806427001953,14.951648712158203,8.46539306640625,152.544
2008-12-06,750.5,25.00806427001953,14.951648712158203,8.46539306640625,152.544
2008-12-07,750.5,25.00806427001953,14.951648712158203,8.46539306640625,152.544
2008-12-08,767.4000244140625,25.993173599243164,15.039968490600586,8.782492637634277,152.544
2008-12-09,772.4000244140625,25.932680130004883,14.749768257141113,8.605880737304688,152.544
2008-12-10,807.0999755859375,25.84626579284668,14.743461608886719,8.806580543518066,152.544
2008-12-11,824.9000244140625,25.13768196105957,14.579431533813477,8.433281898498535,152.544
2008-12-12,818.9000244140625,25.647518157958984,14.598357200622559,8.405181884765625,152.544
2008-12-13,818.9000244140625,25.647518157958984,14.598357200622559,8.405181884765625,152.544
2008-12-14,818.9000244140625,25.647518157958984,14.598357200622559,8.405181884765625,152.544
2008-12-15,835.4000244140625,25.198165893554688,14.585741996765137,8.37708568572998,152.544
2008-12-16,841.7000122070312,26.407968521118164,14.926414489746094,8.822629928588867,152.544
2008-12-17,867.5,26.088226318359375,14.850704193115234,8.870796203613281,152.544
2008-12-18,859.5999755859375,25.630245208740234,14.901176452636719,8.621933937072754,152.544
2008-12-19,836.4000244140625,25.84052848815918,14.78027629852295,8.586342811584473,152.544
2008-12-20,836.4000244140625,25.84052848815918,14.78027629852295,8.586342811584473,152.544
2008-12-21,836.4000244140625,25.84052848815918,14.78027629852295,8.586342811584473,152.544
2008-12-22,846.2000122070312,25.278017044067383,14.818458557128906,8.35581111907959,152.544
2008-12-23,837.2000122070312,25.14821434020996,14.697574615478516,8.266830444335938,152.544
2008-12-24,847.0999755859375,25.217451095581055,14.824822425842285,8.32750129699707,152.544
2008-12-25,847.0999755859375,25.217451095581055,14.824822425842285,8.32750129699707,152.544
2008-12-26,870.4000244140625,25.208799362182617,14.837543487548828,8.42052173614502,152.544
2008-12-27,870.4000244140625,25.208799362182617,14.837543487548828,8.42052173614502,152.544
2008-12-28,870.4000244140625,25.208799362182617,14.837543487548828,8.42052173614502,152.544
2008-12-29,874.5999755859375,25.001094818115234,14.805733680725098,8.258743286132812,152.544
2008-12-30,869.2999877929688,25.52033805847168,15.041142463684082,8.570161819458008,152.544
2008-12-31,883.5999755859375,25.736677169799805,15.18749713897705,8.723855018615723,152.544
2009-01-01,883.5999755859375,25.736677169799805,15.18749713897705,8.723855018615723,149.361
2009-01-02,878.7999877929688,26.8530330657959,15.403820991516113,9.160658836364746,149.361
2009-01-03,878.7999877929688,26.8530330657959,15.403820991516113,9.160658836364746,149.361
2009-01-04,878.7999877929688,26.8530330657959,15.403820991516113,9.160658836364746,149.361
2009-01-05,857.2000122070312,26.84437370300293,15.467442512512207,9.12021255493164,149.361
2009-01-06,865.4000244140625,27.112648010253906,15.238393783569336,9.273900985717773,149.361
2009-01-07,841.0999755859375,26.342451095581055,15.085686683654785,8.905854225158691,149.361
2009-01-08,853.9000244140625,26.619373321533203,14.888453483581543,8.958431243896484,149.361
2009-01-09,854.2999877929688,26.02225112915039,14.633943557739258,8.6834135055542,149.361
2009-01-10,854.2999877929688,26.02225112915039,14.633943557739258,8.6834135055542,149.361
2009-01-11,854.2999877929688,26.02225112915039,14.633943557739258,8.6834135055542,149.361
2009-01-12,820.2999877929688,25.546295166015625,14.640312194824219,8.477143287658691,149.361
2009-01-13,820.0999755859375,25.55494499206543,14.729389190673828,8.367941856384277,149.361
2009-01-14,808.2000122070312,24.776100158691406,14.40489673614502,8.040343284606934,149.361
2009-01-15,806.7000122070312,25.182836532592773,14.468517303466797,8.238525390625,149.361
2009-01-16,839.2999877929688,25.459754943847656,14.602132797241211,8.335586547851562,149.361
2009-01-17,839.2999877929688,25.459754943847656,14.602132797241211,8.335586547851562,149.361
2009-01-18,839.2999877929688,25.459754943847656,14.602132797241211,8.335586547851562,149.361
2009-01-19,839.2999877929688,25.459754943847656,14.602132797241211,8.335586547851562,149.361
2009-01-20,854.5999755859375,24.196273803710938,14.43034553527832,7.846212387084961,149.361
2009-01-21,849.5999755859375,25.226106643676758,14.500328063964844,8.084834098815918,149.361
2009-01-22,858.2000122070312,24.88860321044922,14.4876070022583,7.983724594116211,149.361
2009-01-23,895.2999877929688,25.009748458862305,14.34762954711914,7.9594550132751465,149.361
2009-01-24,895.2999877929688,25.009748458862305,14.34762954711914,7.9594550132751465,149.361
2009-01-25,895.2999877929688,25.009748458862305,14.34762954711914,7.9594550132751465,149.361
2009-01-26,908.5,25.191484451293945,14.443066596984863,8.016077995300293,149.361
2009-01-27,899.2000122070312,25.37321662902832,14.519416809082031,7.991816997528076,149.361
2009-01-28,888.0999755859375,26.264564514160156,14.665759086608887,8.331544876098633,149.361
2009-01-29,905.0999755859375,25.59821128845215,14.538509368896484,7.995851516723633,149.361
2009-01-30,927.2999877929688,25.14821434020996,14.093128204345703,7.797675132751465,149.361
2009-01-31,927.2999877929688,25.14821434020996,14.093128204345703,7.797675132751465,149.361
2009-02-01,927.2999877929688,25.14821434020996,14.093128204345703,7.797675132751465,147.616
2009-02-02,906.7000122070312,25.45110511779785,13.972234725952148,7.724876403808594,147.616
2009-02-03,892.0,25.849180221557617,14.27763843536377,7.943277359008789,147.616
2009-02-04,901.5999755859375,25.883792877197266,13.889522552490234,7.769368648529053,147.616
2009-02-05,913.5999755859375,26.4549503326416,14.086762428283691,7.914969444274902,147.616
2009-02-06,913.9000244140625,27.14726448059082,14.328543663024902,8.141450881958008,147.616
2009-02-07,913.9000244140625,27.14726448059082,14.328543663024902,8.141450881958008,147.616
2009-02-08,913.9000244140625,27.14726448059082,14.328543663024902,8.141450881958008,147.616
2009-02-09,892.4000244140625,27.25975799560547,14.188568115234375,8.117192268371582,147.616
2009-02-10,913.7000122070312,26.255922317504883,13.730459213256836,7.732970714569092,147.616
2009-02-11,943.7999877929688,26.13475799560547,13.80681037902832,7.79363489151001,147.616
2009-02-12,948.5,26.4549503326416,13.934062004089355,7.805768013000488,147.616
2009-02-13,941.5,26.333799362182617,13.717734336853027,7.680392265319824,147.616
2009-02-14,941.5,26.333799362182617,13.717734336853027,7.680392265319824,147.616
2009-02-15,941.5,26.333799362182617,13.717734336853027,7.680392265319824,147.616
2009-02-16,941.5,26.333799362182617,13.717734336853027,7.680392265319824,147.616
2009-02-17,967.0,25.286678314208984,13.520493507385254,7.389191150665283,147.616
2009-02-18,977.7000122070312,25.303985595703125,13.59048080444336,7.340658187866211,147.616
2009-02-19,976.0999755859375,24.91455841064453,13.762276649475098,7.263813495635986,147.616
2009-02-20,1001.7999877929688,24.983793258666992,13.5523042678833,7.215278148651123,147.616
2009-02-21,1001.7999877929688,24.983793258666992,13.5523042678833,7.215278148651123,147.616
2009-02-22,1001.7999877929688,24.983793258666992,13.5523042678833,7.215278148651123,147.616
2009-02-23,994.5999755859375,24.109745025634766,13.202363967895508,7.053497791290283,147.616
2009-02-24,969.0999755859375,24.90591049194336,13.456868171691895,7.360878944396973,147.616
2009-02-25,965.7000122070312,24.741483688354492,13.329614639282227,7.292123317718506,147.616
2009-02-26,941.7999877929688,24.049175262451172,13.036935806274414,7.138436794281006,147.616
2009-02-27,941.5,23.82417106628418,12.954217910766602,7.089901447296143,147.616
2009-02-28,941.5,23.82417106628418,12.954217910766602,7.089901447296143,147.616
2009-03-01,941.5,23.82417106628418,12.954217910766602,7.089901447296143,146.513
2009-03-02,939.0,23.053974151611328,12.706076622009277,6.822968006134033,146.513
2009-03-03,912.9000244140625,23.036666870117188,12.55337905883789,6.770391464233398,146.513
2009-03-04,906.0,23.651094436645508,12.79516315460205,6.920033931732178,146.513
2009-03-05,927.0,22.94147300720215,12.502477645874023,6.596478462219238,146.513
2009-03-06,942.0999755859375,22.759742736816406,12.540650367736816,6.600525379180908,146.513
2009-03-07,942.0999755859375,22.759742736816406,12.540650367736816,6.600525379180908,146.513
2009-03-08,942.0999755859375,22.759742736816406,12.540650367736816,6.600525379180908,146.513
2009-03-09,917.7000122070312,22.275121688842773,12.349777221679688,6.515592098236084,146.513
2009-03-10,895.5999755859375,23.651094436645508,12.578826904296875,6.915988445281982,146.513
2009-03-11,910.4000244140625,24.01455307006836,12.566107749938965,7.025190353393555,146.513
2009-03-12,923.7000122070312,24.810714721679688,12.89060115814209,7.284035682678223,146.513
2009-03-13,929.7999877929688,24.87128257751465,13.081473350524902,7.368965148925781,146.513
2009-03-14,929.7999877929688,24.87128257751465,13.081473350524902,7.368965148925781,146.513
2009-03-15,929.7999877929688,24.87128257751465,13.081473350524902,7.368965148925781,146.513
2009-03-16,921.5999755859375,24.455904006958008,13.285079956054688,7.195058822631836,146.513
2009-03-17,916.4000244140625,25.381874084472656,13.53322696685791,7.54287576675415,146.513
2009-03-18,888.7000122070312,25.70206642150879,13.463232040405273,7.781500339508057,146.513
2009-03-19,958.2999877929688,25.684755325317383,13.291438102722168,7.696567535400391,146.513
2009-03-20,955.7999877929688,25.29380989074707,13.165355682373047,7.5428619384765625,146.513
2009-03-21,955.7999877929688,25.29380989074707,13.165355682373047,7.5428619384765625,146.513
2009-03-22,955.7999877929688,25.29380989074707,13.165355682373047,7.5428619384765625,146.513
2009-03-23,952.0999755859375,26.784761428833008,13.741376876831055,8.075539588928223,146.513
2009-03-24,923.2999877929688,26.290660858154297,13.67737865447998,7.969818115234375,146.513
2009-03-25,935.4000244140625,26.41201400756836,13.811779975891113,8.026744842529297,146.513
2009-03-26,939.5999755859375,27.226829528808594,13.965386390686035,8.396774291992188,146.513
2009-03-27,923.0,26.71540641784668,13.830984115600586,8.17313003540039,146.513
2009-03-28,923.0,26.71540641784668,13.830984115600586,8.17313003540039,146.513
2009-03-29,923.0,26.71540641784668,13.830984115600586,8.17313003540039,146.513
2009-03-30,915.5,26.056631088256836,13.530169486999512,7.929156303405762,146.513
2009-03-31,922.5999755859375,26.281997680664062,13.504569053649902,7.990148067474365,146.513
2009-04-01,926.0999755859375,26.67206573486328,13.734977722167969,8.13653564453125,146.941
2009-04-02,907.4000244140625,27.53021240234375,14.022994995117188,8.583821296691895,146.941
2009-04-03,895.5999755859375,28.04164695739746,13.965386390686035,8.697674751281738,146.941
2009-04-04,895.5999755859375,28.04164695739746,13.965386390686035,8.697674751281738,146.941
2009-04-05,895.5999755859375,28.04164695739746,13.965386390686035,8.697674751281738,146.941
2009-04-06,871.5,27.972291946411133,14.003788948059082,8.575692176818848,146.941
2009-04-07,882.2000122070312,27.23550033569336,13.74777889251709,8.323579788208008,146.941
2009-04-08,884.7999877929688,27.694917678833008,13.862985610961914,8.559419631958008,146.941
2009-04-09,882.2000122070312,28.55306625366211,13.869390487670898,8.909117698669434,146.941
2009-04-10,882.2000122070312,28.55306625366211,13.869390487670898,8.909117698669434,146.941
2009-04-11,882.2000122070312,28.55306625366211,13.869390487670898,8.909117698669434,146.941
2009-04-12,882.2000122070312,28.55306625366211,13.869390487670898,8.909117698669434,146.941
2009-04-13,894.7000122070312,28.509721755981445,13.830984115600586,8.913187980651855,146.941
2009-04-14,890.9000244140625,28.162994384765625,13.638978004455566,8.71394157409668,146.941
2009-04-15,892.7999877929688,28.084980010986328,13.882187843322754,8.742403030395508,146.941
2009-04-16,879.2999877929688,28.813114166259766,14.067789077758789,9.047375679016113,146.941
2009-04-17,867.4000244140625,28.873794555664062,14.138197898864746,9.157159805297852,146.941
2009-04-18,867.4000244140625,28.873794555664062,14.138197898864746,9.157159805297852,146.941
2009-04-19,867.4000244140625,28.873794555664062,14.138197898864746,9.157159805297852,146.941
2009-04-20,887.0,27.94628143310547,13.862985610961914,8.807464599609375,146.941
2009-04-21,882.0999755859375,28.33635711669922,14.003788948059082,8.953845977783203,146.941
2009-04-22,891.7999877929688,28.42303466796875,13.818185806274414,9.043304443359375,146.941
2009-04-23,905.9000244140625,28.700424194335938,13.818185806274414,9.043304443359375,146.941
2009-04-24,913.5999755859375,29.20318031311035,13.760579109191895,9.266950607299805,146.941
2009-04-25,913.5999755859375,29.20318031311035,13.760579109191895,9.266950607299805,146.941
2009-04-26,913.5999755859375,29.20318031311035,13.760579109191895,9.266950607299805,146.941
2009-04-27,907.4000244140625,29.23784828186035,13.843783378601074,9.144964218139648,146.941
2009-04-28,892.7999877929688,29.02113914489746,13.90778636932373,9.144964218139648,146.941
2009-04-29,899.7999877929688,29.419879913330078,14.138197898864746,9.31167221069336,146.941
2009-04-30,890.7000122070312,29.714603424072266,14.080595970153809,9.470259666442871,146.941
2009-05-01,887.5999755859375,29.792625427246094,14.138197898864746,9.42552661895752,148.169
2009-05-02,887.5999755859375,29.792625427246094,14.138197898864746,9.42552661895752,148.169
2009-05-03,887.5999755859375,29.792625427246094,14.138197898864746,9.42552661895752,148.169
2009-05-04,901.5999755859375,30.382051467895508,14.355807304382324,9.730498313903809,148.169
2009-05-05,903.7000122070312,30.356050491333008,14.234206199645996,9.726432800292969,148.169
2009-05-06,910.5,30.364715576171875,14.323805809020996,9.828088760375977,148.169
2009-05-07,915.0,29.65392303466797,14.3814058303833,9.612577438354492,148.169
2009-05-08,914.4000244140625,29.671268463134766,14.567014694213867,9.754895210266113,148.169
2009-05-09,914.4000244140625,29.671268463134766,14.567014694213867,9.754895210266113,148.169
2009-05-10,914.4000244140625,29.671268463134766,14.567014694213867,9.754895210266113,148.169
2009-05-11,913.0,29.775291442871094,14.496606826782227,9.58411693572998,148.169
2009-05-12,923.5,29.411222457885742,14.669417381286621,9.380803108215332,148.169
2009-05-13,925.5,28.622407913208008,14.400609016418457,9.051437377929688,148.169
2009-05-14,928.0,28.943140029907227,14.451810836791992,9.063636779785156,148.169
2009-05-15,930.9000244140625,28.925792694091797,14.317401885986328,8.998573303222656,148.169
2009-05-16,930.9000244140625,28.925792694091797,14.317401885986328,8.998573303222656,148.169
2009-05-17,930.9000244140625,28.925792694091797,14.317401885986328,8.998573303222656,148.169
2009-05-18,921.2999877929688,29.679933547973633,14.618213653564453,9.441793441772461,148.169
2009-05-19,926.2999877929688,29.81863021850586,14.701420783996582,9.405196189880371,148.169
2009-05-20,937.0,29.714603424072266,14.720621109008789,9.303544998168945,148.169
2009-05-21,950.7999877929688,29.168502807617188,14.586214065551758,9.083968162536621,148.169
2009-05-22,958.5,29.073152542114258,14.675813674926758,9.181553840637207,148.169
2009-05-23,958.5,29.073152542114258,14.675813674926758,9.181553840637207,148.169
2009-05-24,958.5,29.073152542114258,14.675813674926758,9.181553840637207,148.169
2009-05-25,958.5,29.073152542114258,14.675813674926758,9.181553840637207,148.169
2009-05-26,953.0999755859375,30.15668487548828,14.861422538757324,9.490591049194336,148.169
2009-05-27,953.2000122070312,29.948652267456055,14.48381233215332,9.283209800720215,148.169
2009-05-28,961.5,30.295391082763672,14.637419700622559,9.246615409851074,148.169
2009-05-29,978.7999877929688,30.6680965423584,14.79742431640625,9.40113353729248,148.169
2009-05-30,978.7999877929688,30.6680965423584,14.79742431640625,9.40113353729248,148.169
2009-05-31,978.7999877929688,30.6680965423584,14.79742431640625,9.40113353729248,148.169
2009-06-01,978.5999755859375,31.54360008239746,15.091835975646973,9.852486610412598,149.796
2009-06-02,983.2000122070312,31.586929321289062,15.245439529418945,9.933809280395508,149.796
2009-06-03,964.5,31.491580963134766,15.168639183044434,9.803695678710938,149.796
2009-06-04,981.2000122070312,31.846988677978516,15.194235801696777,9.824019432067871,149.796
2009-06-05,961.7000122070312,31.88165283203125,15.117441177368164,9.76302433013916,149.796
2009-06-06,961.7000122070312,31.88165283203125,15.117441177368164,9.76302433013916,149.796
2009-06-07,961.7000122070312,31.88165283203125,15.117441177368164,9.76302433013916,149.796
2009-06-08,951.7000122070312,31.786314010620117,15.175039291381836,9.852486610412598,149.796
2009-06-09,954.0,32.029022216796875,15.04063606262207,9.909412384033203,149.796
2009-06-10,954.0,31.91631507873535,14.874224662780762,9.76302433013916,149.796
2009-06-11,961.2999877929688,31.91631507873535,14.938227653503418,9.714232444763184,149.796
2009-06-12,940.0999755859375,31.768966674804688,15.053438186645508,9.702032089233398,149.796
2009-06-13,940.0999755859375,31.768966674804688,15.053438186645508,9.702032089233398,149.796
2009-06-14,940.0999755859375,31.768966674804688,15.053438186645508,9.702032089233398,149.796
2009-06-15,926.9000244140625,31.118852615356445,14.688621520996094,9.506855010986328,149.796
2009-06-16,931.5999755859375,30.815462112426758,14.496606826782227,9.266950607299805,149.796
2009-06-17,935.4000244140625,31.110177993774414,14.643820762634277,9.397071838378906,149.796
2009-06-18,934.0,31.049510955810547,14.91263198852539,9.368600845336914,149.796
2009-06-19,935.5999755859375,31.38277244567871,14.762358665466309,9.4453763961792,149.796
2009-06-20,935.5999755859375,31.38277244567871,14.762358665466309,9.4453763961792,149.796
2009-06-21,935.5999755859375,31.38277244567871,14.762358665466309,9.4453763961792,149.796
2009-06-22,920.5999755859375,30.445459365844727,14.704317092895508,9.163605690002441,149.796
2009-06-23,923.9000244140625,30.376012802124023,14.614026069641113,9.069680213928223,149.796
2009-06-24,934.0999755859375,30.888092041015625,14.652725219726562,9.122771263122559,149.796
2009-06-25,939.0999755859375,31.49559783935547,14.904242515563965,9.441291809082031,149.796
2009-06-26,940.7000122070312,31.565048217773438,14.85265064239502,9.375954627990723,149.796
2009-06-27,940.7000122070312,31.565048217773438,14.85265064239502,9.375954627990723,149.796
2009-06-28,940.7000122070312,31.565048217773438,14.85265064239502,9.375954627990723,149.796
2009-06-29,940.4000244140625,31.634458541870117,14.94294548034668,9.494373321533203,149.796
2009-06-30,927.0999755859375,31.57371711730957,14.826848030090332,9.424960136413574,149.796
2009-07-01,941.0,31.591064453125,15.078375816345215,9.486209869384766,150.748
2009-07-02,930.7000122070312,30.89675521850586,14.762358665466309,9.102354049682617,150.748
2009-07-03,930.7000122070312,30.89675521850586,14.762358665466309,9.102354049682617,150.748
2009-07-04,930.7000122070312,30.89675521850586,14.762358665466309,9.102354049682617,150.748
2009-07-05,930.7000122070312,30.89675521850586,14.762358665466309,9.102354049682617,150.748
2009-07-06,924.0,30.73187255859375,15.065479278564453,9.147271156311035,150.748
2009-07-07,928.7999877929688,29.968130111694336,14.878445625305176,8.902255058288574,150.748
2009-07-08,909.0,30.12434196472168,14.94294548034668,8.975759506225586,150.748
2009-07-09,915.9000244140625,30.176410675048828,14.833303451538086,9.041096687316895,150.748
2009-07-10,912.2000122070312,30.30659294128418,14.762358665466309,9.024767875671387,150.748
2009-07-11,912.2000122070312,30.30659294128418,14.762358665466309,9.024767875671387,150.748
2009-07-12,912.2000122070312,30.30659294128418,14.762358665466309,9.024767875671387,150.748
2009-07-13,922.2000122070312,30.888092041015625,15.02678394317627,9.171772956848145,150.748
2009-07-14,922.5,31.000898361206055,15.07192325592041,9.314702033996582,150.748
2009-07-15,939.0999755859375,32.042396545410156,15.316997528076172,9.571962356567383,150.748
2009-07-16,935.0999755859375,32.42426300048828,15.420183181762695,9.69039535522461,150.748
2009-07-17,937.2000122070312,32.59782791137695,15.433079719543457,9.7067232131958,150.748
2009-07-18,937.2000122070312,32.59782791137695,15.433079719543457,9.7067232131958,150.748
2009-07-19,937.2000122070312,32.59782791137695,15.433079719543457,9.7067232131958,150.748
2009-07-20,948.5,32.91025161743164,15.478230476379395,9.910906791687012,150.748
2009-07-21,946.5999755859375,33.13589859008789,15.458876609802246,9.910906791687012,150.748
2009-07-22,953.0,33.41363525390625,15.465331077575684,9.980325698852539,150.748
2009-07-23,954.5,34.15134048461914,15.678154945373535,10.213093757629395,150.748
2009-07-24,952.7999877929688,33.89096450805664,15.820037841796875,10.204924583435059,150.748
2009-07-25,952.7999877929688,33.89096450805664,15.820037841796875,10.204924583435059,150.748
2009-07-26,952.7999877929688,33.89096450805664,15.820037841796875,10.204924583435059,150.748
2009-07-27,953.2999877929688,34.15134048461914,15.761996269226074,10.24576187133789,150.748
2009-07-28,939.0,33.91701889038086,15.78134822845459,10.213093757629395,150.748
2009-07-29,927.2000122070312,34.14265060424805,15.865189552307129,10.160006523132324,150.748
2009-07-30,934.9000244140625,34.34225845336914,15.845832824707031,10.319265365600586,150.748
2009-07-31,953.7000122070312,34.238121032714844,15.813590049743652,10.319265365600586,150.748
2009-08-01,953.7000122070312,34.238121032714844,15.813590049743652,10.319265365600586,150.668
2009-08-02,953.7000122070312,34.238121032714844,15.813590049743652,10.319265365600586,150.668
2009-08-03,956.5999755859375,34.75017547607422,15.832934379577637,10.531611442565918,150.668
2009-08-04,967.5,34.75017547607422,15.858736991882324,10.576533317565918,150.668
2009-08-05,964.2000122070312,34.48113250732422,15.755549430847168,10.4866943359375,150.668
2009-08-06,960.7000122070312,34.17737579345703,15.594318389892578,10.478520393371582,150.668
2009-08-07,957.2999877929688,34.611328125,15.658807754516602,10.821551322937012,150.668
2009-08-08,957.2999877929688,34.611328125,15.658807754516602,10.821551322937012,150.668
2009-08-09,957.2999877929688,34.611328125,15.658807754516602,10.821551322937012,150.668
2009-08-10,945.0,34.368309020996094,15.671706199645996,10.723542213439941,150.668
2009-08-11,945.7999877929688,34.0732307434082,15.671706199645996,10.609200477600098,150.668
2009-08-12,950.7000122070312,34.60264205932617,15.665263175964355,10.686788558959961,150.668
2009-08-13,954.7000122070312,34.79359817504883,15.755549430847168,10.715373992919922,150.668
2009-08-14,947.0,34.39434051513672,15.736197471618652,10.568368911743164,150.668
2009-08-15,947.0,34.39434051513672,15.736197471618652,10.568368911743164,150.668
2009-08-16,947.0,34.39434051513672,15.736197471618652,10.568368911743164,150.668
2009-08-17,934.2999877929688,33.396278381347656,15.574971199035645,10.23350715637207,150.668
2009-08-18,937.7000122070312,33.87360763549805,15.600763320922852,10.347854614257812,150.668
2009-08-19,943.2999877929688,34.107933044433594,15.703951835632324,10.45402717590332,150.668
2009-08-20,940.2999877929688,34.50716781616211,15.78134822845459,10.531611442565918,150.668
2009-08-21,953.2000122070312,34.96715545654297,15.955475807189941,10.748045921325684,150.668
2009-08-22,953.2000122070312,34.96715545654297,15.955475807189941,10.748045921325684,150.668
2009-08-23,953.2000122070312,34.96715545654297,15.955475807189941,10.748045921325684,150.668
2009-08-24,942.2999877929688,34.93242263793945,15.96192455291748,10.670453071594238,150.668
2009-08-25,944.5,35.03657150268555,15.987717628479004,10.78071403503418,150.668
2009-08-26,944.2999877929688,34.97581100463867,16.039316177368164,10.84196662902832,150.668
2009-08-27,945.5,35.0626220703125,16.039316177368164,10.862381935119629,150.668
2009-08-28,957.0,35.09734344482422,15.974817276000977,10.866467475891113,150.668
2009-08-29,957.0,35.09734344482422,15.974817276000977,10.866467475891113,150.668
2009-08-30,957.0,35.09734344482422,15.974817276000977,10.866467475891113,150.668
2009-08-31,951.7000122070312,34.74148941040039,16.00707244873047,10.682703971862793,150.668
2009-09-01,954.7000122070312,34.090579986572266,15.858736991882324,10.490777015686035,149.626
2009-09-02,976.5999755859375,34.06452941894531,15.871634483337402,10.437690734863281,149.626
2009-09-03,995.7999877929688,34.290191650390625,15.903876304626465,10.547947883605957,149.626
2009-09-04,994.9000244140625,35.02789306640625,16.019969940185547,10.739877700805664,149.626
2009-09-05,994.9000244140625,35.02789306640625,16.019969940185547,10.739877700805664,149.626
2009-09-06,994.9000244140625,35.02789306640625,16.019969940185547,10.739877700805664,149.626
2009-09-07,994.9000244140625,35.02789306640625,16.019969940185547,10.739877700805664,149.626
2009-09-08,997.9000244140625,35.357704162597656,16.1554012298584,10.833799362182617,149.626
2009-09-09,995.2999877929688,35.661460876464844,16.14895248413086,10.948139190673828,149.626
2009-09-10,995.4000244140625,35.99993133544922,16.265045166015625,11.095152854919434,149.626
2009-09-11,1004.9000244140625,36.034645080566406,16.33597755432129,11.058398246765137,149.626
2009-09-12,1004.9000244140625,36.034645080566406,16.33597755432129,11.058398246765137,149.626
2009-09-13,1004.9000244140625,36.034645080566406,16.33597755432129,11.058398246765137,149.626
2009-09-14,999.9000244140625,36.17351150512695,16.297290802001953,11.095152854919434,149.626
2009-09-15,1005.0,36.28633117675781,16.21343994140625,11.148236274719238,149.626
2009-09-16,1018.9000244140625,36.81574249267578,16.342430114746094,11.360584259033203,149.626
2009-09-17,1012.2999877929688,36.80706787109375,16.284385681152344,11.348335266113281,149.626
2009-09-18,1009.2000122070312,36.868743896484375,16.498083114624023,11.389305114746094,149.626
2009-09-19,1009.2000122070312,36.868743896484375,16.498083114624023,11.389305114746094,149.626
2009-09-20,1009.2000122070312,36.868743896484375,16.498083114624023,11.389305114746094,149.626
2009-09-21,1003.7000122070312,36.981685638427734,16.446121215820312,11.34423828125,149.626
2009-09-22,1014.2000122070312,37.051185607910156,16.47859764099121,11.389305114746094,149.626
2009-09-23,1013.0,36.87742233276367,16.47859764099121,11.22542953491211,149.626
2009-09-24,997.5,36.54731369018555,16.394161224365234,11.118908882141113,149.626
2009-09-25,990.2000122070312,36.22589874267578,16.394161224365234,11.053359031677246,149.626
2009-09-26,990.2000122070312,36.22589874267578,16.394161224365234,11.053359031677246,149.626
2009-09-27,990.2000122070312,36.22589874267578,16.394161224365234,11.053359031677246,149.626
2009-09-28,992.5,36.842681884765625,16.426631927490234,11.262301445007324,149.626
2009-09-29,993.0999755859375,36.6776237487793,16.504575729370117,11.315558433532715,149.626
2009-09-30,1008.0,36.70369338989258,16.53705596923828,11.254106521606445,149.626
2009-10-01,999.5,35.61778259277344,16.387659072875977,11.008291244506836,148.583
2009-10-02,1003.2000122070312,35.513519287109375,16.43963050842285,10.869002342224121,148.583
2009-10-03,1003.2000122070312,35.513519287109375,16.43963050842285,10.869002342224121,148.583
2009-10-04,1003.2000122070312,35.513519287109375,16.43963050842285,10.869002342224121,148.583
2009-10-05,1016.7000122070312,35.80021286010742,16.47859764099121,11.036970138549805,148.583
2009-10-06,1038.5999755859375,36.434391021728516,16.62799072265625,11.204943656921387,148.583
2009-10-07,1043.300048828125,36.53863525390625,16.69942855834961,11.21313762664795,148.583
2009-10-08,1055.4000244140625,36.69502258300781,16.79686737060547,11.393394470214844,148.583
2009-10-09,1047.800048828125,36.903499603271484,16.835830688476562,11.389305114746094,148.583
2009-10-10,1047.800048828125,36.903499603271484,16.835830688476562,11.389305114746094,148.583
2009-10-11,1047.800048828125,36.903499603271484,16.835830688476562,11.389305114746094,148.583
2009-10-12,1056.699951171875,36.981685638427734,16.90728759765625,11.446660041809082,148.583
2009-10-13,1064.199951171875,36.990352630615234,16.848831176757812,11.467141151428223,148.583
2009-10-14,1063.9000244140625,37.494239807128906,16.90728759765625,11.61053466796875,148.583
2009-10-15,1049.800048828125,37.40736389160156,17.037193298339844,11.626922607421875,148.583
2009-10-16,1050.699951171875,37.16411209106445,17.128122329711914,11.606435775756836,148.583
2009-10-17,1050.699951171875,37.16411209106445,17.128122329711914,11.606435775756836,148.583
2009-10-18,1050.699951171875,37.16411209106445,17.128122329711914,11.606435775756836,148.583
2009-10-19,1057.300048828125,37.53765106201172,17.225561141967773,11.737532615661621,148.583
2009-10-20,1057.800048828125,37.54634475708008,17.206071853637695,11.618724822998047,148.583
2009-10-21,1063.699951171875,37.47686004638672,17.0761661529541,11.467141151428223,148.583
2009-10-22,1057.800048828125,37.62454605102539,17.10214614868164,11.618724822998047,148.583
2009-10-23,1055.5999755859375,37.46818161010742,16.933273315429688,11.57365894317627,148.583
2009-10-24,1055.5999755859375,37.46818161010742,16.933273315429688,11.57365894317627,148.583
2009-10-25,1055.5999755859375,37.46818161010742,16.933273315429688,11.57365894317627,148.583
2009-10-26,1042.0999755859375,37.34654235839844,16.803363800048828,11.504014015197754,148.583
2009-10-27,1034.699951171875,36.781864166259766,16.816349029541016,11.307364463806152,148.583
2009-10-28,1029.9000244140625,35.956600189208984,16.770885467529297,10.987811088562012,148.583
2009-10-29,1046.4000244140625,36.56467819213867,17.043684005737305,11.282783508300781,148.583
2009-10-30,1039.699951171875,35.583038330078125,16.77738380432129,10.987811088562012,148.583
2009-10-31,1039.699951171875,35.583038330078125,16.77738380432129,10.987811088562012,148.583
2009-11-01,1039.699951171875,35.583038330078125,16.77738380432129,10.987811088562012,147.938
2009-11-02,1053.4000244140625,35.730716705322266,16.93976402282715,11.094330787658691,147.938
2009-11-03,1084.300048828125,35.8436393737793,16.829341888427734,11.10252571105957,147.938
2009-11-04,1086.699951171875,35.90446472167969,16.894298553466797,11.10661792755127,147.938
2009-11-05,1088.699951171875,36.79057312011719,16.97223663330078,11.409785270690918,147.938
2009-11-06,1095.0999755859375,37.00774002075195,17.017704010009766,11.51220703125,147.938
2009-11-07,1095.0999755859375,37.00774002075195,17.017704010009766,11.51220703125,147.938
2009-11-08,1095.0999755859375,37.00774002075195,17.017704010009766,11.51220703125,147.938
2009-11-09,1100.800048828125,37.79828643798828,17.297000885009766,11.76211929321289,147.938
2009-11-10,1101.9000244140625,37.89384460449219,17.290512084960938,11.803083419799805,147.938
2009-11-11,1114.0,38.137088775634766,17.34247398376465,11.81537914276123,147.938
2009-11-12,1106.0,37.91990280151367,17.23854637145996,11.684276580810547,147.938
2009-11-13,1116.0999755859375,38.23264694213867,17.3554630279541,11.88912582397461,147.938
2009-11-14,1116.0999755859375,38.23264694213867,17.3554630279541,11.88912582397461,147.938
2009-11-15,1116.0999755859375,38.23264694213867,17.3554630279541,11.88912582397461,147.938
2009-11-16,1138.5999755859375,38.62356948852539,17.45289421081543,12.081671714782715,147.938
2009-11-17,1138.800048828125,38.74518585205078,17.537334442138672,11.98334789276123,147.938
2009-11-18,1140.699951171875,38.52800369262695,17.524337768554688,11.95057201385498,147.938
2009-11-19,1141.4000244140625,37.9285888671875,17.439897537231445,11.81537914276123,147.938
2009-11-20,1146.4000244140625,37.73747253417969,17.465885162353516,11.753924369812012,147.938
2009-11-21,1146.4000244140625,37.73747253417969,17.465885162353516,11.753924369812012,147.938
2009-11-22,1146.4000244140625,37.73747253417969,17.465885162353516,11.753924369812012,147.938
2009-11-23,1164.300048828125,38.34556579589844,17.61527442932129,11.856341361999512,147.938
2009-11-24,1165.5,38.21529006958008,17.654247283935547,11.84405517578125,147.938
2009-11-25,1186.9000244140625,38.38032531738281,17.621768951416016,11.958765983581543,147.938
2009-11-26,1186.9000244140625,38.38032531738281,17.621768951416016,11.958765983581543,147.938
2009-11-27,1174.199951171875,37.79828643798828,17.45939064025879,11.725245475769043,147.938
2009-11-28,1174.199951171875,37.79828643798828,17.45939064025879,11.725245475769043,147.938
2009-11-29,1174.199951171875,37.79828643798828,17.45939064025879,11.725245475769043,147.938
2009-11-30,1181.0999755859375,37.84172439575195,17.394437789916992,11.725245475769043,147.938
2009-12-01,1199.0999755859375,38.23264694213867,17.634767532348633,11.909605979919434,146.666
2009-12-02,1212.0,38.28477096557617,17.61527442932129,11.946474075317383,146.666
2009-12-03,1217.4000244140625,38.1284065246582,17.47887420654297,11.864540100097656,146.666
2009-12-04,1168.800048828125,38.328208923339844,17.56980323791504,11.942380905151367,146.666
2009-12-05,1168.800048828125,38.328208923339844,17.56980323791504,11.942380905151367,146.666
2009-12-06,1168.800048828125,38.328208923339844,17.56980323791504,11.942380905151367,146.666
2009-12-07,1163.4000244140625,38.14576721191406,17.550315856933594,11.979252815246582,146.666
2009-12-08,1142.800048828125,37.91122055053711,17.348962783813477,11.88912582397461,146.666
2009-12-09,1120.4000244140625,38.2934455871582,17.381441116333008,11.88912582397461,146.666
2009-12-10,1125.699951171875,38.48456954956055,17.439897537231445,12.073481559753418,146.666
2009-12-11,1119.4000244140625,38.33689880371094,17.537334442138672,12.192289352416992,146.666
2009-12-12,1119.4000244140625,38.33689880371094,17.537334442138672,12.192289352416992,146.666
2009-12-13,1119.4000244140625,38.33689880371094,17.537334442138672,12.192289352416992,146.666
2009-12-14,1123.300048828125,38.701751708984375,17.6022891998291,12.286516189575195,146.666
2009-12-15,1122.4000244140625,38.48456954956055,17.53083610534668,12.27013111114502,146.666
2009-12-16,1135.5,38.536720275878906,17.44640350341797,12.282418251037598,146.666
2009-12-17,1106.800048828125,38.067588806152344,17.23854637145996,12.134931564331055,146.666
2009-12-18,1110.800048828125,38.688026428222656,17.205108642578125,12.197131156921387,146.666
2009-12-19,1110.800048828125,38.688026428222656,17.205108642578125,12.197131156921387,146.666
2009-12-20,1110.800048828125,38.688026428222656,17.205108642578125,12.197131156921387,146.666
2009-12-21,1095.4000244140625,39.12310791015625,17.296897888183594,12.353670120239258,146.666
2009-12-22,1086.0,39.35805130004883,17.414934158325195,12.345426559448242,146.666
2009-12-23,1093.300048828125,39.64522933959961,17.428035736083984,12.423693656921387,146.666
2009-12-24,1104.0999755859375,40.01068878173828,17.493600845336914,12.431930541992188,146.666
2009-12-25,1104.0999755859375,40.01068878173828,17.493600845336914,12.431930541992188,146.666
2009-12-26,1104.0999755859375,40.01068878173828,17.493600845336914,12.431930541992188,146.666
2009-12-27,1104.0999755859375,40.01068878173828,17.493600845336914,12.431930541992188,146.666
2009-12-28,1107.199951171875,40.21951675415039,17.526395797729492,12.423693656921387,146.666
2009-12-29,1097.0,40.0541877746582,17.559179306030273,12.464886665344238,146.666
2009-12-30,1091.5,40.176025390625,17.526395797729492,12.37838363647461,146.666
2009-12-31,1095.199951171875,39.8105583190918,17.355920791625977,12.263045310974121,146.666
2010-01-01,1095.199951171875,39.8105583190918,17.355920791625977,12.263045310974121,145.003
2010-01-02,1095.199951171875,39.8105583190918,17.355920791625977,12.263045310974121,145.003
2010-01-03,1095.199951171875,39.8105583190918,17.355920791625977,12.263045310974121,145.003
2010-01-04,1117.699951171875,40.393577575683594,17.48705291748047,12.35778522491455,145.003
2010-01-05,1118.0999755859375,40.393577575683594,17.493600845336914,12.403095245361328,145.003
2010-01-06,1135.9000244140625,40.14991760253906,17.480497360229492,12.419577598571777,145.003
2010-01-07,1133.0999755859375,40.176025390625,17.480497360229492,12.522552490234375,145.003
2010-01-08,1138.199951171875,40.50667953491211,17.421478271484375,12.518436431884766,145.003
2010-01-09,1138.199951171875,40.50667953491211,17.421478271484375,12.518436431884766,145.003
2010-01-10,1138.199951171875,40.50667953491211,17.421478271484375,12.518436431884766,145.003
2010-01-11,1150.699951171875,40.34135818481445,17.467388153076172,12.493721008300781,145.003
2010-01-12,1128.9000244140625,39.8366584777832,17.565732955932617,12.33306884765625,145.003
2010-01-13,1136.4000244140625,40.3326530456543,17.6903076171875,12.473122596740723,145.003
2010-01-14,1142.5999755859375,40.36747360229492,17.63785743713379,12.473122596740723,145.003
2010-01-15,1130.0999755859375,39.89757537841797,17.552608489990234,12.3495454788208,145.003
2010-01-16,1130.0999755859375,39.89757537841797,17.552608489990234,12.3495454788208,145.003
2010-01-17,1130.0999755859375,39.89757537841797,17.552608489990234,12.3495454788208,145.003
2010-01-18,1130.0999755859375,39.89757537841797,17.552608489990234,12.3495454788208,145.003
2010-01-19,1139.699951171875,40.5414924621582,17.657535552978516,12.514313697814941,145.003
2010-01-20,1112.300048828125,39.95848083496094,17.526395797729492,12.345426559448242,145.003
2010-01-21,1102.699951171875,39.58428955078125,17.277238845825195,12.188896179199219,145.003
2010-01-22,1089.199951171875,38.42695236206055,17.23788833618164,11.954097747802734,145.003
2010-01-23,1089.199951171875,38.42695236206055,17.23788833618164,11.954097747802734,145.003
2010-01-24,1089.199951171875,38.42695236206055,17.23788833618164,11.954097747802734,145.003
2010-01-25,1095.199951171875,38.557498931884766,17.270675659179688,12.015881538391113,145.003
2010-01-26,1097.9000244140625,38.59230041503906,17.251007080078125,12.032362937927246,145.003
2010-01-27,1084.4000244140625,38.89686584472656,17.29034423828125,12.052958488464355,145.003
2010-01-28,1083.5999755859375,37.896156311035156,17.244447708129883,11.982933044433594,145.003
2010-01-29,1083.0,37.23482131958008,17.178876876831055,11.908785820007324,145.003
2010-01-30,1083.0,37.23482131958008,17.178876876831055,11.908785820007324,145.003
2010-01-31,1083.0,37.23482131958008,17.178876876831055,11.908785820007324,145.003
2010-02-01,1104.300048828125,37.643829345703125,17.31001853942871,12.061197280883789,143.056
2010-02-02,1117.4000244140625,37.983177185058594,17.559179306030273,12.230091094970703,143.056
2010-02-03,1111.4000244140625,38.1920280456543,17.434600830078125,12.238324165344238,143.056
2010-02-04,1062.4000244140625,37.086910247802734,17.080530166625977,11.884068489074707,143.056
2010-02-05,1052.199951171875,37.400177001953125,17.034631729125977,11.851117134094238,143.056
2010-02-06,1052.199951171875,37.400177001953125,17.034631729125977,11.851117134094238,143.056
2010-02-07,1052.199951171875,37.400177001953125,17.034631729125977,11.851117134094238,143.056
2010-02-08,1065.699951171875,37.130401611328125,17.014963150024414,11.776968955993652,143.056
2010-02-09,1076.699951171875,37.51328659057617,17.218223571777344,11.958213806152344,143.056
2010-02-10,1075.800048828125,37.43497085571289,17.198545455932617,11.908785820007324,143.056
2010-02-11,1094.199951171875,38.00059509277344,17.336246490478516,12.048835754394531,143.056
2010-02-12,1089.5,38.078880310058594,17.336246490478516,12.048835754394531,143.056
2010-02-13,1089.5,38.078880310058594,17.336246490478516,12.048835754394531,143.056
2010-02-14,1089.5,38.078880310058594,17.336246490478516,12.048835754394531,143.056
2010-02-15,1089.5,38.078880310058594,17.336246490478516,12.048835754394531,143.056
2010-02-16,1119.300048828125,38.56621170043945,17.51327896118164,12.242440223693848,143.056
2010-02-17,1119.5,38.78376007080078,17.63785743713379,12.341307640075684,143.056
2010-02-18,1118.0,39.027381896972656,17.742767333984375,12.419577598571777,143.056
2010-02-19,1121.300048828125,39.00998306274414,17.7821102142334,12.448407173156738,143.056
2010-02-20,1121.300048828125,39.00998306274414,17.7821102142334,12.448407173156738,143.056
2010-02-21,1121.300048828125,39.00998306274414,17.7821102142334,12.448407173156738,143.056
2010-02-22,1112.5999755859375,38.93168258666992,17.7821102142334,12.444291114807129,143.056
2010-02-23,1102.699951171875,38.42695236206055,17.68375015258789,12.370139122009277,143.056
2010-02-24,1096.5,38.818538665771484,17.795225143432617,12.530791282653809,143.056
2010-02-25,1107.800048828125,38.809844970703125,17.80833625793457,12.55138874053955,143.056
2010-02-26,1118.300048828125,38.94908142089844,17.723098754882812,12.571988105773926,143.056
2010-02-27,1118.300048828125,38.94908142089844,17.723098754882812,12.571988105773926,143.056
2010-02-28,1118.300048828125,38.94908142089844,17.723098754882812,12.571988105773926,143.056
2010-03-01,1117.800048828125,39.51469039916992,17.847675323486328,12.769713401794434,143.596
2010-03-02,1136.9000244140625,39.636512756347656,17.91324234008789,12.703803062438965,143.596
2010-03-03,1142.699951171875,39.68003463745117,17.919801712036133,12.740875244140625,143.596
2010-03-04,1132.5999755859375,39.8105583190918,17.97881507873535,12.856216430664062,143.596
2010-03-05,1134.800048828125,40.41096115112305,18.090282440185547,13.095131874084473,143.596
2010-03-06,1134.800048828125,40.41096115112305,18.090282440185547,13.095131874084473,143.596
2010-03-07,1134.800048828125,40.41096115112305,18.090282440185547,13.095131874084473,143.596
2010-03-08,1123.5999755859375,40.48929214477539,18.02471923828125,13.128087997436523,143.596
2010-03-09,1122.0,40.71552658081055,17.998483657836914,13.107491493225098,143.596
2010-03-10,1107.800048828125,41.04620361328125,17.972253799438477,13.136326789855957,143.596
2010-03-11,1108.0,41.202823638916016,18.005041122436523,13.231070518493652,143.596
2010-03-12,1101.5,41.2115364074707,18.018159866333008,13.268142700195312,143.596
2010-03-13,1101.5,41.2115364074707,18.018159866333008,13.268142700195312,143.596
2010-03-14,1101.5,41.2115364074707,18.018159866333008,13.268142700195312,143.596
2010-03-15,1105.0999755859375,41.107120513916016,18.155847549438477,13.251664161682129,143.596
2010-03-16,1122.199951171875,41.368167877197266,18.241085052490234,13.3505277633667,143.596
2010-03-17,1124.0,41.48128128051758,18.319765090942383,13.41643238067627,143.596
2010-03-18,1127.4000244140625,41.620506286621094,18.339441299438477,13.412315368652344,143.596
2010-03-19,1107.4000244140625,41.368770599365234,18.28544807434082,13.371870994567871,143.596
2010-03-20,1107.4000244140625,41.368770599365234,18.28544807434082,13.371870994567871,143.596
2010-03-21,1107.4000244140625,41.368770599365234,18.28544807434082,13.371870994567871,143.596
2010-03-22,1099.300048828125,41.74333953857422,18.377628326416016,13.512192726135254,143.596
2010-03-23,1103.5,42.03080749511719,18.52249526977539,13.565845489501953,143.596
2010-03-24,1088.5999755859375,41.83046340942383,18.39080238342285,13.512192726135254,143.596
2010-03-25,1092.699951171875,41.76947021484375,18.36446189880371,13.590608596801758,143.596
2010-03-26,1104.199951171875,41.813018798828125,18.377628326416016,13.644262313842773,143.596
2010-03-27,1104.199951171875,41.813018798828125,18.377628326416016,13.644262313842773,143.596
2010-03-28,1104.199951171875,41.813018798828125,18.377628326416016,13.644262313842773,143.596
2010-03-29,1110.300048828125,42.01339340209961,18.463233947753906,13.664896965026855,143.596
2010-03-30,1104.5,42.15277099609375,18.496150970458984,13.65251350402832,143.596
2010-03-31,1113.300048828125,41.95240783691406,18.39080238342285,13.55346393585205,143.596
2010-04-01,1125.0999755859375,41.95240783691406,18.509328842163086,13.648388862609863,145.397
2010-04-02,1125.0999755859375,41.95240783691406,18.509328842163086,13.648388862609863,145.397
2010-04-03,1125.0999755859375,41.95240783691406,18.509328842163086,13.648388862609863,145.397
2010-04-04,1125.0999755859375,41.95240783691406,18.509328842163086,13.648388862609863,145.397
2010-04-05,1132.9000244140625,42.344398498535156,18.509328842163086,13.8134765625,145.397
2010-04-06,1135.0999755859375,42.46635055541992,18.450056076049805,13.834108352661133,145.397
2010-04-07,1152.300048828125,42.36180877685547,18.331539154052734,13.784582138061523,145.397
2010-04-08,1152.199951171875,42.4576416015625,18.36446189880371,13.91664981842041,145.397
2010-04-09,1161.0999755859375,42.71027755737305,18.463233947753906,14.019830703735352,145.397
2010-04-10,1161.0999755859375,42.71027755737305,18.463233947753906,14.019830703735352,145.397
2010-04-11,1161.0999755859375,42.71027755737305,18.463233947753906,14.019830703735352,145.397
2010-04-12,1161.5999755859375,42.74510955810547,18.52249526977539,14.019830703735352,145.397
2010-04-13,1152.800048828125,42.962890625,18.463233947753906,14.094114303588867,145.397
2010-04-14,1159.0,43.47684097290039,18.489561080932617,14.312849044799805,145.397
2010-04-15,1159.699951171875,43.66848373413086,18.456647872924805,14.374765396118164,145.397
2010-04-16,1136.300048828125,43.145816802978516,18.377628326416016,14.18491268157959,145.397
2010-04-17,1136.300048828125,43.145816802978516,18.377628326416016,14.18491268157959,145.397
2010-04-18,1136.300048828125,43.145816802978516,18.377628326416016,14.18491268157959,145.397
2010-04-19,1135.199951171875,43.11967086791992,18.450056076049805,14.209676742553711,145.397
2010-04-20,1138.5999755859375,43.33745193481445,18.502737045288086,14.383015632629395,145.397
2010-04-21,1148.199951171875,43.58137130737305,18.502737045288086,14.449047088623047,145.397
2010-04-22,1142.300048828125,43.82528305053711,18.502737045288086,14.70905876159668,145.397
2010-04-23,1153.0999755859375,44.008201599121094,18.456647872924805,14.721442222595215,145.397
2010-04-24,1153.0999755859375,44.008201599121094,18.456647872924805,14.721442222595215,145.397
2010-04-25,1153.0999755859375,44.008201599121094,18.456647872924805,14.721442222595215,145.397
2010-04-26,1153.5,43.91239547729492,18.417139053344727,14.836995124816895,145.397
2010-04-27,1161.699951171875,42.98031234741211,18.09449577331543,14.407779693603516,145.397
2010-04-28,1171.300048828125,43.00644302368164,18.239355087280273,14.358255386352539,145.397
2010-04-29,1168.4000244140625,43.755577087402344,18.298616409301758,14.676044464111328,145.397
2010-04-30,1180.0999755859375,42.8931999206543,18.193262100219727,14.370630264282227,145.397
2010-05-01,1180.0999755859375,42.8931999206543,18.193262100219727,14.370630264282227,147.03
2010-05-02,1180.0999755859375,42.8931999206543,18.193262100219727,14.370630264282227,147.03
2010-05-03,1182.699951171875,43.4942626953125,18.298616409301758,14.659534454345703,147.03
2010-05-04,1168.5999755859375,42.18761444091797,18.114240646362305,14.230306625366211,147.03
2010-05-05,1174.5999755859375,41.9698371887207,18.180089950561523,14.028079986572266,147.03
2010-05-06,1196.9000244140625,40.567352294921875,17.725759506225586,13.528700828552246,147.03
2010-05-07,1210.0,39.55686569213867,17.607234954833984,13.2810697555542,147.03
2010-05-08,1210.0,39.55686569213867,17.607234954833984,13.2810697555542,147.03
2010-05-09,1210.0,39.55686569213867,17.607234954833984,13.2810697555542,147.03
2010-05-10,1200.4000244140625,41.612674713134766,18.120834350585938,13.974431037902832,147.03
2010-05-11,1219.9000244140625,41.569122314453125,18.114240646362305,13.970300674438477,147.03
2010-05-12,1242.699951171875,42.35311508178711,18.239355087280273,14.172529220581055,147.03
2010-05-13,1228.800048828125,41.682373046875,18.12741470336914,13.854743957519531,147.03
2010-05-14,1227.4000244140625,40.88094711303711,17.956218719482422,13.623623847961426,147.03
2010-05-15,1227.4000244140625,40.88094711303711,17.956218719482422,13.623623847961426,147.03
2010-05-16,1227.4000244140625,40.88094711303711,17.956218719482422,13.623623847961426,147.03
2010-05-17,1227.699951171875,41.01163101196289,18.147172927856445,13.726799964904785,147.03
2010-05-18,1214.300048828125,40.44539260864258,18.041810989379883,13.470917701721191,147.03
2010-05-19,1192.5999755859375,40.123085021972656,17.9957218170166,13.388378143310547,147.03
2010-05-20,1187.800048828125,38.63349914550781,17.46236801147461,12.868362426757812,147.03
2010-05-21,1175.699951171875,39.06035614013672,17.52821922302246,13.095349311828613,147.03
2010-05-22,1175.699951171875,39.06035614013672,17.52821922302246,13.095349311828613,147.03
2010-05-23,1175.699951171875,39.06035614013672,17.52821922302246,13.095349311828613,147.03
2010-05-24,1193.800048828125,38.903541564941406,17.403108596801758,13.004555702209473,147.03
2010-05-25,1197.800048828125,38.938385009765625,17.198984146118164,13.136626243591309,147.03
2010-05-26,1213.300048828125,38.502838134765625,17.087051391601562,13.095349311828613,147.03
2010-05-27,1211.9000244140625,39.95758056640625,17.436033248901367,13.565845489501953,147.03
2010-05-28,1212.199951171875,39.722381591796875,17.350435256958008,13.359484672546387,147.03
2010-05-29,1212.199951171875,39.722381591796875,17.350435256958008,13.359484672546387,147.03
2010-05-30,1212.199951171875,39.722381591796875,17.350435256958008,13.359484672546387,147.03
2010-05-31,1212.199951171875,39.722381591796875,17.350435256958008,13.359484672546387,147.03
2010-06-01,1224.800048828125,39.35650634765625,17.3109188079834,13.157257080078125,147.697
2010-06-02,1220.5999755859375,40.28858947753906,17.607234954833984,13.487431526184082,147.697
2010-06-03,1208.300048828125,40.671875,17.63357162475586,13.53282356262207,147.697
2010-06-04,1216.199951171875,39.27812957763672,17.166065216064453,13.008687019348145,147.697
2010-06-05,1216.199951171875,39.27812957763672,17.166065216064453,13.008687019348145,147.697
2010-06-06,1216.199951171875,39.27812957763672,17.166065216064453,13.008687019348145,147.697
2010-06-07,1239.300048828125,38.56381607055664,17.03437042236328,12.761055946350098,147.697
2010-06-08,1244.0,38.494117736816406,17.3109188079834,12.868362426757812,147.697
2010-06-09,1228.5,38.171810150146484,17.277999877929688,12.884873390197754,147.697
2010-06-10,1220.800048828125,39.26069259643555,17.57430648803711,13.322341918945312,147.697
2010-06-11,1228.9000244140625,39.635257720947266,17.42945098876953,13.309967041015625,147.697
2010-06-12,1228.9000244140625,39.635257720947266,17.42945098876953,13.309967041015625,147.697
2010-06-13,1228.9000244140625,39.635257720947266,17.42945098876953,13.309967041015625,147.697
2010-06-14,1223.300048828125,39.626564025878906,17.52821922302246,13.347108840942383,147.697
2010-06-15,1233.199951171875,40.68929672241211,17.70600128173828,13.664896965026855,147.697
2010-06-16,1229.300048828125,40.854801177978516,17.58747673034668,13.569973945617676,147.697
2010-06-17,1247.5,40.98548889160156,17.74551010131836,13.487431526184082,147.697
2010-06-18,1257.199951171875,41.019508361816406,17.680519104003906,13.44395637512207,147.697
2010-06-19,1257.199951171875,41.019508361816406,17.680519104003906,13.44395637512207,147.697
2010-06-20,1257.199951171875,41.019508361816406,17.680519104003906,13.44395637512207,147.697
2010-06-21,1239.699951171875,40.670406341552734,17.63409996032715,13.3363037109375,147.697
2010-06-22,1239.9000244140625,40.35621643066406,17.4417667388916,13.038196563720703,147.697
2010-06-23,1234.0999755859375,40.19041061401367,17.554513931274414,13.029912948608398,147.697
2010-06-24,1245.5,39.57947540283203,17.342294692993164,12.719380378723145,147.697
2010-06-25,1255.800048828125,39.58734130859375,17.163238525390625,12.756640434265137,147.697
2010-06-26,1255.800048828125,39.58734130859375,17.163238525390625,12.756640434265137,147.697
2010-06-27,1255.800048828125,39.58734130859375,17.163238525390625,12.756640434265137,147.697
2010-06-28,1238.199951171875,39.44742202758789,17.309133529663086,12.661416053771973,147.697
2010-06-29,1242.0,37.92584991455078,17.030588150024414,12.210108757019043,147.697
2010-06-30,1245.5,37.34869384765625,16.911224365234375,12.061049461364746,147.697
2010-07-01,1206.300048828125,37.24375915527344,16.944379806518555,12.160426139831543,147.558
2010-07-02,1207.4000244140625,37.13882827758789,16.878068923950195,12.023789405822754,147.558
2010-07-03,1207.4000244140625,37.13882827758789,16.878068923950195,12.023789405822754,147.558
2010-07-04,1207.4000244140625,37.13882827758789,16.878068923950195,12.023789405822754,147.558
2010-07-05,1207.4000244140625,37.13882827758789,16.878068923950195,12.023789405822754,147.558
2010-07-06,1194.800048828125,37.25250244140625,16.977542877197266,12.023789405822754,147.558
2010-07-07,1198.5999755859375,38.4417839050293,17.302499771118164,12.363306045532227,147.558
2010-07-08,1195.800048828125,38.65165710449219,17.561141967773438,12.470954895019531,147.558
2010-07-09,1209.5999755859375,39.018951416015625,17.561141967773438,12.591028213500977,147.558
2010-07-10,1209.5999755859375,39.018951416015625,17.561141967773438,12.591028213500977,147.558
2010-07-11,1209.5999755859375,39.018951416015625,17.561141967773438,12.591028213500977,147.558
2010-07-12,1198.5,39.13261413574219,17.620830535888672,12.607590675354004,147.558
2010-07-13,1213.300048828125,39.639808654785156,17.779991149902344,12.922262191772461,147.558
2010-07-14,1206.800048828125,39.8409538269043,17.786624908447266,12.839457511901855,147.558
2010-07-15,1208.0999755859375,39.87592315673828,17.839677810668945,12.880858421325684,147.558
2010-07-16,1188.0,38.774078369140625,17.587663650512695,12.429553985595703,147.558
2010-07-17,1188.0,38.774078369140625,17.587663650512695,12.429553985595703,147.558
2010-07-18,1188.0,38.774078369140625,17.587663650512695,12.429553985595703,147.558
2010-07-19,1181.699951171875,39.10639190673828,17.620830535888672,12.549628257751465,147.558
2010-07-20,1191.5,39.57859802246094,17.833045959472656,12.727664947509766,147.558
2010-07-21,1191.5999755859375,39.03642272949219,17.64072608947754,12.499938011169434,147.558
2010-07-22,1195.5,40.02458572387695,17.839677810668945,12.876713752746582,147.558
2010-07-23,1187.699951171875,40.278175354003906,18.005470275878906,13.063036918640137,147.558
2010-07-24,1187.699951171875,40.278175354003906,18.005470275878906,13.063036918640137,147.558
2010-07-25,1187.699951171875,40.278175354003906,18.005470275878906,13.063036918640137,147.558
2010-07-26,1183.0,40.6104736328125,18.098331451416016,13.257636070251465,147.558
2010-07-27,1158.0,40.59298324584961,18.164642333984375,13.08787727355957,147.558
2010-07-28,1160.4000244140625,40.26943588256836,18.065166473388672,12.996785163879395,147.558
2010-07-29,1168.4000244140625,39.972110748291016,17.8463134765625,12.930545806884766,147.558
2010-07-30,1181.699951171875,40.05954360961914,17.892728805541992,13.017494201660156,147.558
2010-07-31,1181.699951171875,40.05954360961914,17.892728805541992,13.017494201660156,147.558
2010-08-01,1181.699951171875,40.05954360961914,17.892728805541992,13.017494201660156,146.424
2010-08-02,1183.4000244140625,40.81159973144531,18.098331451416016,13.294898986816406,146.424
2010-08-03,1185.199951171875,40.636695861816406,17.939157485961914,13.092020034790039,146.424
2010-08-04,1193.699951171875,41.04771423339844,18.005470275878906,13.311461448669434,146.424
2010-08-05,1197.199951171875,40.951515197753906,17.92589569091797,13.352869987487793,146.424
2010-08-06,1203.4000244140625,40.89030838012695,17.96568489074707,13.261777877807617,146.424
2010-08-07,1203.4000244140625,40.89030838012695,17.96568489074707,13.261777877807617,146.424
2010-08-08,1203.4000244140625,40.89030838012695,17.96568489074707,13.261777877807617,146.424
2010-08-09,1200.699951171875,41.170143127441406,18.05852508544922,13.390130996704102,146.424
2010-08-10,1196.199951171875,40.81159973144531,18.098331451416016,13.274194717407227,146.424
2010-08-11,1197.5,39.70104217529297,17.799898147583008,12.926403999328613,146.424
2010-08-12,1214.800048828125,39.38620376586914,17.779991149902344,12.876713752746582,146.424
2010-08-13,1214.9000244140625,39.10639190673828,17.773361206054688,12.731804847717285,146.424
2010-08-14,1214.9000244140625,39.10639190673828,17.773361206054688,12.731804847717285,146.424
2010-08-15,1214.9000244140625,39.10639190673828,17.773361206054688,12.731804847717285,146.424
2010-08-16,1224.5,39.176334381103516,17.753459930419922,12.727664947509766,146.424
2010-08-17,1226.5999755859375,39.674800872802734,17.92589569091797,12.934686660766602,146.424
2010-08-18,1229.699951171875,39.83218002319336,17.939157485961914,13.054754257202148,146.424
2010-08-19,1233.800048828125,39.22881317138672,17.72694206237793,12.802190780639648,146.424
2010-08-20,1227.199951171875,39.281272888183594,17.72694206237793,12.793903350830078,146.424
2010-08-21,1227.199951171875,39.281272888183594,17.72694206237793,12.793903350830078,146.424
2010-08-22,1227.199951171875,39.281272888183594,17.72694206237793,12.793903350830078,146.424
2010-08-23,1226.9000244140625,38.896522521972656,17.76673126220703,12.677972793579102,146.424
2010-08-24,1231.800048828125,38.17070770263672,17.680519104003906,12.462674140930176,146.424
2010-08-25,1239.5,38.53798294067383,17.720308303833008,12.591028213500977,146.424
2010-08-26,1235.4000244140625,38.07449722290039,17.587663650512695,12.504080772399902,146.424
2010-08-27,1236.0,38.53798294067383,17.700410842895508,12.706960678100586,146.424
2010-08-28,1236.0,38.53798294067383,17.700410842895508,12.706960678100586,146.424
2010-08-29,1236.0,38.53798294067383,17.700410842895508,12.706960678100586,146.424
2010-08-30,1237.0999755859375,38.13572692871094,17.547880172729492,12.483375549316406,146.424
2010-08-31,1248.300048828125,38.00456237792969,17.561141967773438,12.499938011169434,146.424
2010-09-01,1246.300048828125,39.141357421875,17.87284278869629,12.930545806884766,144.605
2010-09-02,1251.5,39.57859802246094,17.985586166381836,13.170687675476074,144.605
2010-09-03,1249.199951171875,40.23444747924805,18.098331451416016,13.365286827087402,144.605
2010-09-04,1249.199951171875,40.23444747924805,18.098331451416016,13.365286827087402,144.605
2010-09-05,1249.199951171875,40.23444747924805,18.098331451416016,13.365286827087402,144.605
2010-09-06,1249.199951171875,40.23444747924805,18.098331451416016,13.365286827087402,144.605
2010-09-07,1257.300048828125,39.96336364746094,18.025375366210938,13.149988174438477,144.605
2010-09-08,1255.5999755859375,40.4443244934082,18.10495948791504,13.245216369628906,144.605
2010-09-09,1248.9000244140625,40.60172653198242,18.164642333984375,13.257636070251465,144.605
2010-09-10,1244.5,40.75038146972656,18.2508602142334,13.369428634643555,144.605
2010-09-11,1244.5,40.75038146972656,18.2508602142334,13.369428634643555,144.605
2010-09-12,1244.5,40.75038146972656,18.2508602142334,13.369428634643555,144.605
2010-09-13,1245.0999755859375,41.31880187988281,18.270751953125,13.530906677246094,144.605
2010-09-14,1269.699951171875,41.49368667602539,18.303909301757812,13.543322563171387,144.605
2010-09-15,1266.699951171875,41.756038665771484,18.42991065979004,13.568166732788086,144.605
2010-09-16,1271.9000244140625,41.922183990478516,18.449804306030273,13.568166732788086,144.605
2010-09-17,1275.5999755859375,42.0641975402832,18.401052474975586,13.60347843170166,144.605
2010-09-18,1275.5999755859375,42.0641975402832,18.401052474975586,13.60347843170166,144.605
2010-09-19,1275.5999755859375,42.0641975402832,18.401052474975586,13.60347843170166,144.605
2010-09-20,1279.0,42.80045700073242,18.601430892944336,13.86516284942627,144.605
2010-09-21,1272.4000244140625,42.79169464111328,18.568031311035156,13.807011604309082,144.605
2010-09-22,1290.199951171875,42.67774963378906,18.601430892944336,13.715630531311035,144.605
2010-09-23,1294.300048828125,42.66019821166992,18.4811954498291,13.645011901855469,144.605
2010-09-24,1296.0,43.52796173095703,18.728334426879883,13.998077392578125,144.605
2010-09-25,1296.0,43.52796173095703,18.728334426879883,13.998077392578125,144.605
2010-09-26,1296.0,43.52796173095703,18.728334426879883,13.998077392578125,144.605
2010-09-27,1296.699951171875,43.291316986083984,18.621469497680664,13.906695365905762,144.605
2010-09-28,1306.5999755859375,43.273773193359375,18.741689682006836,14.01469898223877,144.605
2010-09-29,1308.5,43.20365524291992,18.68825912475586,13.915010452270508,144.605
2010-09-30,1307.800048828125,43.01082229614258,18.621469497680664,13.8776216506958,144.605
2010-10-01,1316.0999755859375,42.95822525024414,18.65485954284668,13.894237518310547,143.124
2010-10-02,1316.0999755859375,42.95822525024414,18.65485954284668,13.894237518310547,143.124
2010-10-03,1316.0999755859375,42.95822525024414,18.65485954284668,13.894237518310547,143.124
2010-10-04,1315.4000244140625,42.49367141723633,18.601430892944336,13.86516284942627,143.124
2010-10-05,1338.9000244140625,43.52796173095703,18.77508544921875,14.15591812133789,143.124
2010-10-06,1346.4000244140625,43.151065826416016,18.85523223876953,14.060383796691895,143.124
2010-10-07,1333.9000244140625,43.30884552001953,18.7884464263916,14.126846313476562,143.124
2010-10-08,1344.199951171875,43.606849670410156,18.828521728515625,14.272233009338379,143.124
2010-10-09,1344.199951171875,43.606849670410156,18.828521728515625,14.272233009338379,143.124
2010-10-10,1344.199951171875,43.606849670410156,18.828521728515625,14.272233009338379,143.124
2010-10-11,1353.300048828125,43.624393463134766,18.848552703857422,14.276379585266113,143.124
2010-10-12,1345.699951171875,43.92238998413086,18.895309448242188,14.309608459472656,143.124
2010-10-13,1369.5,44.28176498413086,19.055604934692383,14.330379486083984,143.124
2010-10-14,1376.699951171875,44.19410705566406,19.062294006347656,14.313765525817871,143.124
2010-10-15,1371.0999755859375,45.13201141357422,19.109039306640625,14.417610168457031,143.124
2010-10-16,1371.0999755859375,45.13201141357422,19.109039306640625,14.417610168457031,143.124
2010-10-17,1371.0999755859375,45.13201141357422,19.109039306640625,14.417610168457031,143.124
2010-10-18,1371.199951171875,44.96546173095703,19.17583465576172,14.438373565673828,143.124
2010-10-19,1335.0999755859375,44.54473114013672,18.942062377929688,14.176692008972168,143.124
2010-10-20,1343.300048828125,44.869022369384766,19.109039306640625,14.359454154968262,143.124
2010-10-21,1324.699951171875,44.95671081542969,19.17583465576172,14.442529678344727,143.124
2010-10-22,1324.4000244140625,45.26346969604492,19.24262237548828,14.521445274353027,143.124
2010-10-23,1324.4000244140625,45.26346969604492,19.24262237548828,14.521445274353027,143.124
2010-10-24,1324.4000244140625,45.26346969604492,19.24262237548828,14.521445274353027,143.124
2010-10-25,1338.300048828125,45.48259735107422,19.289384841918945,14.612834930419922,143.124
2010-10-26,1338.0,45.60531997680664,19.182519912719727,14.675143241882324,143.124
2010-10-27,1322.199951171875,45.74556350708008,19.082326889038086,14.583758354187012,143.124
2010-10-28,1342.0999755859375,45.841983795166016,19.14911460876465,14.650208473205566,143.124
2010-10-29,1357.0999755859375,45.73679733276367,19.215906143188477,14.646059036254883,143.124
2010-10-30,1357.0999755859375,45.73679733276367,19.215906143188477,14.646059036254883,143.124
2010-10-31,1357.0999755859375,45.73679733276367,19.215906143188477,14.646059036254883,143.124
2010-11-01,1350.199951171875,45.77186584472656,19.13575553894043,14.616985321044922,141.812
2010-11-02,1356.4000244140625,46.26272201538086,19.249305725097656,14.783134460449219,141.812
2010-11-03,1337.0999755859375,46.47306823730469,19.30942153930664,14.857894897460938,141.812
2010-11-04,1382.699951171875,47.04281997680664,19.543184280395508,15.090508460998535,141.812
2010-11-05,1397.300048828125,47.04281997680664,19.442996978759766,15.165273666381836,141.812
2010-11-06,1397.300048828125,47.04281997680664,19.442996978759766,15.165273666381836,141.812
2010-11-07,1397.300048828125,47.04281997680664,19.442996978759766,15.165273666381836,141.812
2010-11-08,1402.800048828125,47.10417175292969,19.409595489501953,15.140358924865723,141.812
2010-11-09,1409.800048828125,46.84998321533203,19.30942153930664,15.003283500671387,141.812
2010-11-10,1399.0999755859375,47.08663558959961,19.249305725097656,15.136207580566406,141.812
2010-11-11,1403.0999755859375,46.78861999511719,19.269344329833984,15.115435600280762,141.812
2010-11-12,1365.4000244140625,46.02605056762695,19.17583465576172,14.957589149475098,141.812
2010-11-13,1365.4000244140625,46.02605056762695,19.17583465576172,14.957589149475098,141.812
2010-11-14,1365.4000244140625,46.02605056762695,19.17583465576172,14.957589149475098,141.812
2010-11-15,1368.4000244140625,45.850746154785156,19.182519912719727,14.92851448059082,141.812
2010-11-16,1338.300048828125,45.09694290161133,18.968778610229492,14.72497844696045,141.812
2010-11-17,1336.800048828125,45.22841262817383,18.975461959838867,14.853742599487305,141.812
2010-11-18,1352.9000244140625,45.9559326171875,19.229272842407227,14.98252010345459,141.812
2010-11-19,1352.199951171875,45.99100875854492,19.24262237548828,15.053133010864258,141.812
2010-11-20,1352.199951171875,45.99100875854492,19.24262237548828,15.053133010864258,141.812
2010-11-21,1352.199951171875,45.99100875854492,19.24262237548828,15.053133010864258,141.812
2010-11-22,1357.699951171875,46.37665557861328,19.24262237548828,15.123739242553711,141.812
2010-11-23,1377.5,45.6403694152832,19.015531539916992,14.899443626403809,141.812
2010-11-24,1372.9000244140625,46.56072998046875,19.16248321533203,15.20682144165039,141.812
2010-11-25,1372.9000244140625,46.56072998046875,19.16248321533203,15.20682144165039,141.812
2010-11-26,1362.300048828125,46.25394821166992,19.035568237304688,15.08220386505127,141.812
2010-11-27,1362.300048828125,46.25394821166992,19.035568237304688,15.08220386505127,141.812
2010-11-28,1362.300048828125,46.25394821166992,19.035568237304688,15.08220386505127,141.812
2010-11-29,1366.0,46.21887969970703,19.002174377441406,15.048979759216309,141.812
2010-11-30,1385.0,45.65790939331055,18.91534423828125,15.015735626220703,141.812
2010-12-01,1387.300048828125,46.62207794189453,19.22258949279785,15.33558177947998,140.621
2010-12-02,1388.5,47.09539031982422,19.23594093322754,15.534964561462402,140.621
2010-12-03,1405.4000244140625,47.218109130859375,19.24262237548828,15.543268203735352,140.621
2010-12-04,1405.4000244140625,47.218109130859375,19.24262237548828,15.543268203735352,140.621
2010-12-05,1405.4000244140625,47.218109130859375,19.24262237548828,15.543268203735352,140.621
2010-12-06,1415.300048828125,47.20058822631836,19.195877075195312,15.559879302978516,140.621
2010-12-07,1408.300048828125,47.22688293457031,19.3027400970459,15.568190574645996,140.621
2010-12-08,1382.5,47.402191162109375,19.376209259033203,15.52665901184082,140.621
2010-12-09,1392.0999755859375,47.44601058959961,19.42963981628418,15.547419548034668,140.621
2010-12-10,1384.300048828125,47.76154708862305,19.463043212890625,15.601426124572754,140.621
2010-12-11,1384.300048828125,47.76154708862305,19.463043212890625,15.601426124572754,140.621
2010-12-12,1384.300048828125,47.76154708862305,19.463043212890625,15.601426124572754,140.621
2010-12-13,1397.300048828125,47.595001220703125,19.463043212890625,15.52665901184082,140.621
2010-12-14,1403.5999755859375,47.68266677856445,19.556549072265625,15.522505760192871,140.621
2010-12-15,1385.5,47.472320556640625,19.57658576965332,15.472654342651367,140.621
2010-12-16,1370.4000244140625,47.8404426574707,19.750242233276367,15.58480453491211,140.621
2010-12-17,1378.5999755859375,47.88260269165039,19.781230926513672,15.609874725341797,140.621
2010-12-18,1378.5999755859375,47.88260269165039,19.781230926513672,15.609874725341797,140.621
2010-12-19,1378.5999755859375,47.88260269165039,19.781230926513672,15.609874725341797,140.621
2010-12-20,1385.5,47.917720794677734,19.76102066040039,15.701802253723145,140.621
2010-12-21,1388.199951171875,48.20756149291992,19.71385955810547,15.768655776977539,140.621
2010-12-22,1386.800048828125,48.19878005981445,19.80144691467285,15.789538383483887,140.621
2010-12-23,1380.0,48.0758171081543,19.808181762695312,15.722689628601074,140.621
2010-12-24,1380.0,48.0758171081543,19.808181762695312,15.722689628601074,140.621
2010-12-25,1380.0,48.0758171081543,19.808181762695312,15.722689628601074,140.621
2010-12-26,1380.0,48.0758171081543,19.808181762695312,15.722689628601074,140.621
2010-12-27,1382.4000244140625,48.10215759277344,19.71385955810547,15.676728248596191,140.621
2010-12-28,1405.199951171875,48.01434326171875,19.767757415771484,15.643301010131836,140.621
2010-12-29,1413.0999755859375,48.119720458984375,19.77449607849121,15.693439483642578,140.621
2010-12-30,1405.5999755859375,48.00555419921875,19.74080467224121,15.66419506072998,140.621
2010-12-31,1421.0999755859375,47.82990264892578,19.747543334960938,15.630765914916992,140.621
2011-01-01,1421.0999755859375,47.82990264892578,19.747543334960938,15.630765914916992,139.029
2011-01-02,1421.0999755859375,47.82990264892578,19.747543334960938,15.630765914916992,139.029
2011-01-03,1422.5999755859375,48.576438903808594,19.77449607849121,15.814608573913574,139.029
2011-01-04,1378.5,48.54130172729492,19.720592498779297,15.726860046386719,139.029
2011-01-05,1373.4000244140625,48.95406723022461,19.727331161499023,15.856391906738281,139.029
2011-01-06,1371.4000244140625,49.11215591430664,19.659961700439453,15.760294914245605,139.029
2011-01-07,1368.5,49.0682487487793,19.558902740478516,15.751936912536621,139.029
2011-01-08,1368.5,49.0682487487793,19.558902740478516,15.751936912536621,139.029
2011-01-09,1368.5,49.0682487487793,19.558902740478516,15.751936912536621,139.029
2011-01-10,1373.699951171875,49.252689361572266,19.57236099243164,15.739399909973145,139.029
2011-01-11,1384.0,49.32295227050781,19.558902740478516,15.735224723815918,139.029
2011-01-12,1385.699951171875,49.674232482910156,19.720592498779297,15.772823333740234,139.029
2011-01-13,1386.9000244140625,49.691810607910156,19.76102066040039,15.747753143310547,139.029
2011-01-14,1360.4000244140625,50.060691833496094,19.76102066040039,15.843860626220703,139.029
2011-01-15,1360.4000244140625,50.060691833496094,19.76102066040039,15.843860626220703,139.029
2011-01-16,1360.4000244140625,50.060691833496094,19.76102066040039,15.843860626220703,139.029
2011-01-17,1360.4000244140625,50.060691833496094,19.76102066040039,15.843860626220703,139.029
2011-01-18,1368.0999755859375,50.201202392578125,19.77449607849121,15.889814376831055,139.029
2011-01-19,1370.199951171875,49.63034439086914,19.734071731567383,15.731051445007324,139.029
2011-01-20,1346.5,49.279029846191406,19.835132598876953,15.764470100402832,139.029
2011-01-21,1341.0,48.90137481689453,19.868818283081055,15.80207633972168,139.029
2011-01-22,1341.0,48.90137481689453,19.868818283081055,15.80207633972168,139.029
2011-01-23,1341.0,48.90137481689453,19.868818283081055,15.80207633972168,139.029
2011-01-24,1344.5,49.577632904052734,19.90251350402832,15.86474895477295,139.029
2011-01-25,1332.300048828125,49.64789962768555,19.96988296508789,15.873106002807617,139.029
2011-01-26,1333.0,49.91138458251953,19.915990829467773,15.898168563842773,139.029
2011-01-27,1318.4000244140625,50.21877670288086,19.71385955810547,16.023517608642578,139.029
2011-01-28,1340.699951171875,48.945308685302734,19.52519989013672,15.50124454498291,139.029
2011-01-29,1340.699951171875,48.945308685302734,19.52519989013672,15.50124454498291,139.029
2011-01-30,1340.699951171875,48.945308685302734,19.52519989013672,15.50124454498291,139.029
2011-01-31,1333.800048828125,49.18242263793945,19.457834243774414,15.534664154052734,139.029
2011-02-01,1339.5999755859375,50.104591369628906,19.599327087402344,15.71851634979248,137.724
2011-02-02,1331.5,50.025543212890625,19.52519989013672,15.672552108764648,137.724
2011-02-03,1352.300048828125,50.11336898803711,19.626270294189453,15.856391906738281,137.724
2011-02-04,1348.300048828125,50.39442825317383,19.74080467224121,15.965023040771484,137.724
2011-02-05,1348.300048828125,50.39442825317383,19.74080467224121,15.965023040771484,137.724
2011-02-06,1348.300048828125,50.39442825317383,19.74080467224121,15.965023040771484,137.724
2011-02-07,1347.5999755859375,50.63155746459961,19.767757415771484,16.048585891723633,137.724
2011-02-08,1363.4000244140625,50.96527099609375,19.86208152770996,16.24079132080078,137.724
2011-02-09,1364.800048828125,50.877464294433594,19.895771026611328,16.349422454833984,137.724
2011-02-10,1361.9000244140625,50.95650863647461,19.8216495513916,16.370309829711914,137.724
2011-02-11,1359.9000244140625,51.325355529785156,19.92945671081543,16.537443161010742,137.724
2011-02-12,1359.9000244140625,51.325355529785156,19.92945671081543,16.537443161010742,137.724
2011-02-13,1359.9000244140625,51.325355529785156,19.92945671081543,16.537443161010742,137.724
2011-02-14,1364.5999755859375,51.44831848144531,19.841867446899414,16.470590591430664,137.724
2011-02-15,1373.5999755859375,51.37806701660156,19.835132598876953,16.491477966308594,137.724
2011-02-16,1374.699951171875,51.71181106567383,19.88903045654297,16.625185012817383,137.724
2011-02-17,1384.699951171875,51.69422912597656,20.023778915405273,16.62936782836914,137.724
2011-02-18,1388.199951171875,51.58006286621094,20.07768440246582,16.71709632873535,137.724
2011-02-19,1388.199951171875,51.58006286621094,20.07768440246582,16.71709632873535,137.724
2011-02-20,1388.199951171875,51.58006286621094,20.07768440246582,16.71709632873535,137.724
2011-02-21,1388.199951171875,51.58006286621094,20.07768440246582,16.71709632873535,137.724
2011-02-22,1400.5,50.087013244628906,19.93619728088379,16.315998077392578,137.724
2011-02-23,1413.4000244140625,49.674232482910156,19.88903045654297,16.077842712402344,137.724
2011-02-24,1415.300048828125,49.93771743774414,19.808181762695312,16.173938751220703,137.724
2011-02-25,1408.699951171875,50.63155746459961,19.90924072265625,16.341062545776367,137.724
2011-02-26,1408.699951171875,50.63155746459961,19.90924072265625,16.341062545776367,137.724
2011-02-27,1408.699951171875,50.63155746459961,19.90924072265625,16.341062545776367,137.724
2011-02-28,1409.300048828125,50.736934661865234,20.023778915405273,16.466411590576172,137.724
2011-03-01,1430.699951171875,49.92015838623047,19.868818283081055,16.15304183959961,137.779
2011-03-02,1437.199951171875,50.18363952636719,19.814922332763672,16.215715408325195,137.779
2011-03-03,1416.0,51.17605209350586,20.017047882080078,16.504018783569336,137.779
2011-03-04,1428.199951171875,50.912601470947266,19.92945671081543,16.38284683227539,137.779
2011-03-05,1428.199951171875,50.912601470947266,19.92945671081543,16.38284683227539,137.779
2011-03-06,1428.199951171875,50.912601470947266,19.92945671081543,16.38284683227539,137.779
2011-03-07,1434.0999755859375,50.22754669189453,19.875558853149414,16.219898223876953,137.779
2011-03-08,1426.9000244140625,50.42953872680664,20.050731658935547,16.349422454833984,137.779
2011-03-09,1429.300048828125,50.087013244628906,20.15179443359375,16.387025833129883,137.779
2011-03-10,1412.199951171875,49.30537414550781,20.017047882080078,16.19899559020996,137.779
2011-03-11,1421.5,49.612754821777344,20.030517578125,16.299278259277344,137.779
2011-03-12,1421.5,49.612754821777344,20.030517578125,16.299278259277344,137.779
2011-03-13,1421.5,49.612754821777344,20.030517578125,16.299278259277344,137.779
2011-03-14,1424.5999755859375,49.4371223449707,19.88903045654297,16.098735809326172,137.779
2011-03-15,1392.5999755859375,48.73451614379883,19.71385955810547,15.965023040771484,137.779
2011-03-16,1396.0,47.55766296386719,19.430885314941406,15.693439483642578,137.779
2011-03-17,1404.0,47.99677276611328,19.52519989013672,15.764470100402832,137.779
2011-03-18,1415.9000244140625,47.888607025146484,19.68377113342285,15.754409790039062,137.779
2011-03-19,1415.9000244140625,47.888607025146484,19.68377113342285,15.754409790039062,137.779
2011-03-20,1415.9000244140625,47.888607025146484,19.68377113342285,15.754409790039062,137.779
2011-03-21,1426.199951171875,48.81205749511719,19.927692413330078,15.997560501098633,137.779
2011-03-22,1427.5,48.72414016723633,19.900590896606445,15.871792793273926,137.779
2011-03-23,1437.9000244140625,48.996761322021484,19.934467315673828,16.0101375579834,137.779
2011-03-24,1434.800048828125,49.86747360229492,20.117414474487305,16.24489402770996,137.779
2011-03-25,1426.0999755859375,49.990596771240234,20.117414474487305,16.274242401123047,137.779
2011-03-26,1426.0999755859375,49.990596771240234,20.117414474487305,16.274242401123047,137.779
2011-03-27,1426.0999755859375,49.990596771240234,20.117414474487305,16.274242401123047,137.779
2011-03-28,1419.800048828125,49.717952728271484,20.110647201538086,16.106552124023438,137.779
2011-03-29,1416.0,50.201663970947266,20.205495834350586,16.253276824951172,137.779
2011-03-30,1423.800048828125,50.43913650512695,20.313913345336914,16.429359436035156,137.779
2011-03-31,1438.9000244140625,50.50949478149414,20.273256301879883,16.370670318603516,137.779
2011-04-01,1428.0999755859375,50.535884857177734,20.374902725219727,16.47547149658203,139.153
2011-04-02,1428.0999755859375,50.535884857177734,20.374902725219727,16.47547149658203,139.153
2011-04-03,1428.0999755859375,50.535884857177734,20.374902725219727,16.47547149658203,139.153
2011-04-04,1432.199951171875,50.368778228759766,20.415550231933594,16.513208389282227,139.153
2011-04-05,1451.800048828125,50.236846923828125,20.435876846313477,16.56770133972168,139.153
2011-04-06,1457.699951171875,50.35997772216797,20.530744552612305,16.538347244262695,139.153
2011-04-07,1458.5,50.324798583984375,20.55784034729004,16.471277236938477,139.153
2011-04-08,1473.4000244140625,50.087337493896484,20.49686050415039,16.374860763549805,139.153
2011-04-09,1473.4000244140625,50.087337493896484,20.49686050415039,16.374860763549805,139.153
2011-04-10,1473.4000244140625,50.087337493896484,20.49686050415039,16.374860763549805,139.153
2011-04-11,1467.4000244140625,49.92024230957031,20.605274200439453,16.37905502319336,139.153
2011-04-12,1452.9000244140625,49.57722473144531,20.673036575317383,16.35808563232422,139.153
2011-04-13,1454.9000244140625,49.9994010925293,20.68658447265625,16.41259002685547,139.153
2011-04-14,1471.699951171875,49.91143798828125,20.808549880981445,16.374860763549805,139.153
2011-04-15,1485.300048828125,49.823482513427734,20.89664077758789,16.454513549804688,139.153
2011-04-16,1485.300048828125,49.823482513427734,20.89664077758789,16.454513549804688,139.153
2011-04-17,1485.300048828125,49.823482513427734,20.89664077758789,16.454513549804688,139.153
2011-04-18,1492.300048828125,49.47169494628906,20.781450271606445,16.307781219482422,139.153
2011-04-19,1494.5,49.779510498046875,20.82210350036621,16.345516204833984,139.153
2011-04-20,1498.300048828125,50.90529251098633,20.930513381958008,16.638973236083984,139.153
2011-04-21,1503.199951171875,51.309837341308594,20.93729019165039,16.731204986572266,139.153
2011-04-22,1503.199951171875,51.309837341308594,20.93729019165039,16.731204986572266,139.153
2011-04-23,1503.199951171875,51.309837341308594,20.93729019165039,16.731204986572266,139.153
2011-04-24,1503.199951171875,51.309837341308594,20.93729019165039,16.731204986572266,139.153
2011-04-25,1508.5999755859375,51.44175720214844,20.88308334350586,16.714427947998047,139.153
2011-04-26,1503.0,51.73199462890625,21.025379180908203,16.743772506713867,139.153
2011-04-27,1516.699951171875,52.083805084228516,21.160890579223633,16.944997787475586,139.153
2011-04-28,1530.800048828125,52.00465774536133,21.29641342163086,17.012081146240234,139.153
2011-04-29,1556.0,51.960670471191406,21.35739517211914,16.999500274658203,139.153
2011-04-30,1556.0,51.960670471191406,21.35739517211914,16.999500274658203,139.153
2011-05-01,1556.0,51.960670471191406,21.35739517211914,16.999500274658203,140.688
2011-05-02,1556.699951171875,51.86393356323242,21.384496688842773,17.05818748474121,140.688
2011-05-03,1540.0999755859375,51.617671966552734,21.438695907592773,16.961776733398438,140.688
2011-05-04,1514.9000244140625,51.53852844238281,21.411596298217773,16.92403793334961,140.688
2011-05-05,1480.9000244140625,51.25706100463867,21.248973846435547,16.877925872802734,140.688
2011-05-06,1491.199951171875,51.4241828918457,21.303184509277344,16.890506744384766,140.688
2011-05-07,1491.199951171875,51.4241828918457,21.303184509277344,16.890506744384766,140.688
2011-05-08,1491.199951171875,51.4241828918457,21.303184509277344,16.890506744384766,140.688
2011-05-09,1502.9000244140625,51.617671966552734,21.377714157104492,16.91147804260254,140.688
2011-05-10,1516.5999755859375,52.057430267333984,21.506458282470703,17.129459381103516,140.688
2011-05-11,1501.0999755859375,51.67923355102539,21.46580696105957,16.965959548950195,140.688
2011-05-12,1506.5999755859375,51.987030029296875,21.784271240234375,17.133649826049805,140.688
2011-05-13,1493.4000244140625,51.371402740478516,21.75716209411621,17.003692626953125,140.688
2011-05-14,1493.4000244140625,51.371402740478516,21.75716209411621,17.003692626953125,140.688
2011-05-15,1493.4000244140625,51.371402740478516,21.75716209411621,17.003692626953125,140.688
2011-05-16,1490.4000244140625,50.48311996459961,21.763938903808594,16.77730941772461,140.688
2011-05-17,1479.800048828125,50.62384796142578,21.811372756958008,16.794082641601562,140.688
2011-05-18,1495.5999755859375,51.04598617553711,21.845252990722656,16.99110984802246,140.688
2011-05-19,1492.199951171875,51.19551467895508,21.967212677001953,17.04561424255371,140.688
2011-05-20,1508.800048828125,50.808536529541016,21.899459838867188,16.882118225097656,140.688
2011-05-21,1508.800048828125,50.808536529541016,21.899459838867188,16.882118225097656,140.688
2011-05-22,1508.800048828125,50.808536529541016,21.899459838867188,16.882118225097656,140.688
2011-05-23,1515.300048828125,50.06096267700195,21.750389099121094,16.722803115844727,140.688
2011-05-24,1523.199951171875,49.75312423706055,21.730064392089844,16.638973236083984,140.688
2011-05-25,1526.5999755859375,49.946624755859375,21.5877742767334,16.643163681030273,140.688
2011-05-26,1522.800048828125,50.25445556640625,21.621654510498047,16.794082641601562,140.688
2011-05-27,1536.300048828125,50.50949478149414,21.709728240966797,16.83600616455078,140.688
2011-05-28,1536.300048828125,50.50949478149414,21.709728240966797,16.83600616455078,140.688
2011-05-29,1536.300048828125,50.50949478149414,21.709728240966797,16.83600616455078,140.688
2011-05-30,1536.300048828125,50.50949478149414,21.709728240966797,16.83600616455078,140.688
2011-05-31,1535.9000244140625,51.327430725097656,21.892677307128906,16.953392028808594,140.688
2011-06-01,1542.4000244140625,50.210472106933594,21.66908073425293,16.56770133972168,141.94
2011-06-02,1532.0,50.316009521484375,21.418373107910156,16.529972076416016,141.94
2011-06-03,1541.699951171875,49.55965042114258,21.215097427368164,16.31616973876953,141.94
2011-06-04,1541.699951171875,49.55965042114258,21.215097427368164,16.31616973876953,141.94
2011-06-05,1541.699951171875,49.55965042114258,21.215097427368164,16.31616973876953,141.94
2011-06-06,1546.5,49.15506362915039,21.10668182373047,16.144287109375,141.94
2011-06-07,1543.300048828125,49.06712341308594,21.059249877929688,16.161056518554688,141.94
2011-06-08,1538.0999755859375,48.71532440185547,21.072805404663086,16.03528594970703,141.94
2011-06-09,1542.0999755859375,48.80327606201172,21.1879940032959,16.16944122314453,141.94
2011-06-10,1528.5999755859375,48.05570983886719,20.944061279296875,15.871792793273926,141.94
2011-06-11,1528.5999755859375,48.05570983886719,20.944061279296875,15.871792793273926,141.94
2011-06-12,1528.5999755859375,48.05570983886719,20.944061279296875,15.871792793273926,141.94
2011-06-13,1515.0,48.05570983886719,21.038925170898438,15.850837707519531,141.94
2011-06-14,1523.800048828125,48.671348571777344,21.26252555847168,16.131717681884766,141.94
2011-06-15,1525.5999755859375,47.74787521362305,20.944061279296875,15.884364128112793,141.94
2011-06-16,1529.300048828125,47.56318283081055,21.113462448120117,15.846637725830078,141.94
2011-06-17,1538.5999755859375,47.414207458496094,21.247880935668945,15.965693473815918,141.94
2011-06-18,1538.5999755859375,47.414207458496094,21.247880935668945,15.965693473815918,141.94
2011-06-19,1538.5999755859375,47.414207458496094,21.247880935668945,15.965693473815918,141.94
2011-06-20,1541.5,47.66102600097656,21.404817581176758,16.096113204956055,141.94
2011-06-21,1546.0,48.683528900146484,21.38434410095215,16.424264907836914,141.94
2011-06-22,1552.9000244140625,48.3309440612793,21.247880935668945,16.29804801940918,141.94
2011-06-23,1520.0999755859375,48.78049850463867,21.056825637817383,16.356948852539062,141.94
2011-06-24,1500.5,47.93428421020508,20.88624382019043,16.197086334228516,141.94
2011-06-25,1500.5,47.93428421020508,20.88624382019043,16.197086334228516,141.94
2011-06-26,1500.5,47.93428421020508,20.88624382019043,16.197086334228516,141.94
2011-06-27,1496.0,48.70116424560547,20.981773376464844,16.39481544494629,141.94
2011-06-28,1499.699951171875,49.42396926879883,21.022703170776367,16.706132888793945,141.94
2011-06-29,1509.9000244140625,49.626705169677734,21.14552879333496,16.781858444213867,141.94
2011-06-30,1502.300048828125,50.28779220581055,21.309289932250977,16.916484832763672,141.94
2011-07-01,1482.300048828125,51.045867919921875,21.473039627075195,17.257261276245117,142.339
2011-07-02,1482.300048828125,51.045867919921875,21.473039627075195,17.257261276245117,142.339
2011-07-03,1482.300048828125,51.045867919921875,21.473039627075195,17.257261276245117,142.339
2011-07-04,1482.300048828125,51.045867919921875,21.473039627075195,17.257261276245117,142.339
2011-07-05,1512.300048828125,51.30149459838867,21.466228485107422,17.332984924316406,142.339
2011-07-06,1528.699951171875,51.468971252441406,21.582223892211914,17.269880294799805,142.339
2011-07-07,1530.199951171875,52.17416000366211,21.732336044311523,17.509681701660156,142.339
2011-07-08,1541.199951171875,52.03313064575195,21.657278060913086,17.40450096130371,142.339
2011-07-09,1541.199951171875,52.03313064575195,21.657278060913086,17.40450096130371,142.339
2011-07-10,1541.199951171875,52.03313064575195,21.657278060913086,17.40450096130371,142.339
2011-07-11,1548.800048828125,51.089942932128906,21.500350952148438,17.06793975830078,142.339
2011-07-12,1561.9000244140625,50.70207977294922,21.432111740112305,16.983793258666992,142.339
2011-07-13,1585.199951171875,50.913639068603516,21.432111740112305,17.0721492767334,142.339
2011-07-14,1589.0,50.32307815551758,21.33658218383789,16.94173240661621,142.339
2011-07-15,1589.800048828125,50.99299240112305,21.397991180419922,16.95014762878418,142.339
2011-07-16,1589.800048828125,50.99299240112305,21.397991180419922,16.95014762878418,142.339
2011-07-17,1589.800048828125,50.99299240112305,21.397991180419922,16.95014762878418,142.339
2011-07-18,1602.0999755859375,50.71971893310547,21.261524200439453,16.786067962646484,142.339
2011-07-19,1600.9000244140625,51.87445831298828,21.554935455322266,17.110004425048828,142.339
2011-07-20,1596.699951171875,51.65407943725586,21.520814895629883,17.021665573120117,142.339
2011-07-21,1586.800048828125,51.99786376953125,21.698217391967773,17.21939468383789,142.339
2011-07-22,1601.300048828125,52.53554916381836,21.657278060913086,17.286706924438477,142.339
2011-07-23,1601.300048828125,52.53554916381836,21.657278060913086,17.286706924438477,142.339
2011-07-24,1601.300048828125,52.53554916381836,21.657278060913086,17.286706924438477,142.339
2011-07-25,1612.0,52.42976379394531,21.45940589904785,17.17311668395996,142.339
2011-07-26,1616.5999755859375,52.56199645996094,21.404817581176758,17.1436767578125,142.339
2011-07-27,1615.0,51.20454025268555,21.172826766967773,16.8449649810791,142.339
2011-07-28,1613.4000244140625,51.29267501831055,21.172826766967773,16.760828018188477,142.339
2011-07-29,1628.300048828125,51.12520980834961,21.03635597229004,16.680885314941406,142.339
2011-07-30,1628.300048828125,51.12520980834961,21.03635597229004,16.680885314941406,142.339
2011-07-31,1628.300048828125,51.12520980834961,21.03635597229004,16.680885314941406,142.339
2011-08-01,1619.0,50.88720703125,20.9612979888916,16.592538833618164,141.781
2011-08-02,1641.9000244140625,49.600250244140625,20.688364028930664,15.965693473815918,141.781
2011-08-03,1663.4000244140625,50.076271057128906,20.77025032043457,16.08349609375,141.781
2011-08-04,1656.199951171875,47.74917984008789,20.122020721435547,15.300990104675293,141.781
2011-08-05,1648.800048828125,47.44948196411133,20.408611297607422,15.288361549377441,141.781
2011-08-06,1648.800048828125,47.44948196411133,20.408611297607422,15.288361549377441,141.781
2011-08-07,1648.800048828125,47.44948196411133,20.408611297607422,15.288361549377441,141.781
2011-08-08,1710.199951171875,44.59352111816406,19.637577056884766,14.3291597366333,141.781
2011-08-09,1740.0,46.744293212890625,20.115205764770508,14.993874549865723,141.781
2011-08-10,1781.300048828125,44.83150100708008,19.34417152404785,14.35440731048584,141.781
2011-08-11,1748.800048828125,46.80600357055664,19.91732406616211,14.989665031433105,141.781
2011-08-12,1740.199951171875,47.22028732299805,20.156147003173828,15.17477798461914,141.781
2011-08-13,1740.199951171875,47.22028732299805,20.156147003173828,15.17477798461914,141.781
2011-08-14,1740.199951171875,47.22028732299805,20.156147003173828,15.17477798461914,141.781
2011-08-15,1755.5,47.91666793823242,20.442724227905273,15.397754669189453,141.781
2011-08-16,1782.4000244140625,47.51118087768555,20.49049186706543,15.313608169555664,141.781
2011-08-17,1791.199951171875,47.22909927368164,20.626956939697266,15.29257583618164,141.781
2011-08-18,1818.9000244140625,44.910858154296875,20.258499145507812,14.53530502319336,141.781
2011-08-19,1848.9000244140625,44.09986877441406,20.1629638671875,14.32495403289795,141.781
2011-08-20,1848.9000244140625,44.09986877441406,20.1629638671875,14.32495403289795,141.781
2011-08-21,1848.9000244140625,44.09986877441406,20.1629638671875,14.32495403289795,141.781
2011-08-22,1888.699951171875,44.258548736572266,20.224382400512695,14.367019653320312,141.781
2011-08-23,1858.300048828125,46.083213806152344,20.640602111816406,14.922356605529785,141.781
2011-08-24,1754.0999755859375,46.44459915161133,20.729310989379883,15.187394142150879,141.781
2011-08-25,1759.800048828125,45.68654251098633,20.415430068969727,14.884485244750977,141.781
2011-08-26,1794.0999755859375,46.832435607910156,20.586021423339844,15.195812225341797,141.781
2011-08-27,1794.0999755859375,46.832435607910156,20.586021423339844,15.195812225341797,141.781
2011-08-28,1794.0999755859375,46.832435607910156,20.586021423339844,15.195812225341797,141.781
2011-08-29,1788.4000244140625,48.13703536987305,20.95447540283203,15.637541770935059,141.781
2011-08-30,1826.699951171875,48.45435333251953,21.009063720703125,15.70907211303711,141.781
2011-08-31,1828.5,48.5336799621582,21.077299118041992,15.805832862854004,141.781
2011-09-01,1826.0,48.09294509887695,21.00223731994629,15.612308502197266,140.161
2011-09-02,1873.699951171875,46.96466064453125,20.702011108398438,15.170567512512207,140.161
2011-09-03,1873.699951171875,46.96466064453125,20.702011108398438,15.170567512512207,140.161
2011-09-04,1873.699951171875,46.96466064453125,20.702011108398438,15.170567512512207,140.161
2011-09-05,1873.699951171875,46.96466064453125,20.702011108398438,15.170567512512207,140.161
2011-09-06,1869.9000244140625,46.97348403930664,20.62013816833496,15.124288558959961,140.161
2011-09-07,1814.199951171875,48.16347122192383,20.988595962524414,15.515542030334473,140.161
2011-09-08,1854.4000244140625,47.94310760498047,20.934011459350586,15.305190086364746,140.161
2011-09-09,1856.4000244140625,46.87653350830078,20.470016479492188,14.901311874389648,140.161
2011-09-10,1856.4000244140625,46.87653350830078,20.470016479492188,14.901311874389648,140.161
2011-09-11,1856.4000244140625,46.87653350830078,20.470016479492188,14.901311874389648,140.161
2011-09-12,1809.9000244140625,47.47591781616211,20.49049186706543,15.07801628112793,140.161
2011-09-13,1826.800048828125,48.110572814941406,20.56553840637207,15.254703521728516,140.161
2011-09-14,1823.5,48.798133850097656,20.811187744140625,15.507129669189453,140.161
2011-09-15,1778.5,49.52092361450195,21.056825637817383,15.767970085144043,140.161
2011-09-16,1812.0999755859375,49.9748420715332,21.193584442138672,15.94442367553711,140.161
2011-09-17,1812.0999755859375,49.9748420715332,21.193584442138672,15.94442367553711,140.161
2011-09-18,1812.0999755859375,49.9748420715332,21.193584442138672,15.94442367553711,140.161
2011-09-19,1776.4000244140625,49.99250793457031,21.014902114868164,15.914873123168945,140.161
2011-09-20,1806.5999755859375,49.77173614501953,21.0561466217041,15.830435752868652,140.161
2011-09-21,1805.5,48.906288146972656,20.623197555541992,15.319639205932617,140.161
2011-09-22,1739.199951171875,47.31670379638672,20.231496810913086,14.85951042175293,140.161
2011-09-23,1637.5,47.8200798034668,20.272724151611328,15.083246231079102,140.161
2011-09-24,1637.5,47.8200798034668,20.272724151611328,15.083246231079102,140.161
2011-09-25,1637.5,47.8200798034668,20.272724151611328,15.083246231079102,140.161
2011-09-26,1592.5,48.37642288208008,20.66443634033203,15.437847137451172,140.161
2011-09-27,1650.5999755859375,48.879791259765625,20.788129806518555,15.543384552001953,140.161
2011-09-28,1616.300048828125,48.1556510925293,20.396427154541016,15.277429580688477,140.161
2011-09-29,1615.5,47.58163833618164,20.59571075439453,15.150789260864258,140.161
2011-09-30,1620.4000244140625,46.35411071777344,20.382675170898438,14.71597671508789,140.161
2011-10-01,1620.4000244140625,46.35411071777344,20.382675170898438,14.71597671508789,138.398
2011-10-02,1620.4000244140625,46.35411071777344,20.382675170898438,14.71597671508789,138.398
2011-10-03,1656.0,45.16192626953125,20.087177276611328,14.285388946533203,138.398
2011-10-04,1614.699951171875,46.08918762207031,20.279590606689453,14.73708438873291,138.398
2011-10-05,1640.300048828125,47.27253723144531,20.30707550048828,15.00726318359375,138.398
2011-10-06,1651.9000244140625,48.067344665527344,20.547611236572266,15.35763931274414,138.398
2011-10-07,1634.5,47.74941635131836,20.66443634033203,15.344982147216797,138.398
2011-10-08,1634.5,47.74941635131836,20.66443634033203,15.344982147216797,138.398
2011-10-09,1634.5,47.74941635131836,20.66443634033203,15.344982147216797,138.398
2011-10-10,1669.5999755859375,49.40082550048828,20.987417221069336,15.864215850830078,138.398
2011-10-11,1659.699951171875,49.73639678955078,20.946186065673828,15.93176555633545,138.398
2011-10-12,1681.300048828125,49.983673095703125,21.11111831665039,16.07529067993164,138.398
2011-10-13,1667.300048828125,50.442893981933594,21.049270629882812,16.062620162963867,138.398
2011-10-14,1681.800048828125,51.37897872924805,21.214195251464844,16.32435417175293,138.398
2011-10-15,1681.800048828125,51.37897872924805,21.214195251464844,16.32435417175293,138.398
2011-10-16,1681.800048828125,51.37897872924805,21.214195251464844,16.32435417175293,138.398
2011-10-17,1675.5,50.58418273925781,21.06987953186035,15.990853309631348,138.398
2011-10-18,1651.699951171875,51.211177825927734,21.227943420410156,16.31591033935547,138.398
2011-10-19,1646.0,50.22211837768555,21.166091918945312,16.071067810058594,138.398
2011-10-20,1611.9000244140625,49.9748420715332,21.28291893005371,16.151277542114258,138.398
2011-10-21,1635.0999755859375,50.601837158203125,21.62651824951172,16.598751068115234,138.398
2011-10-22,1635.0999755859375,50.601837158203125,21.62651824951172,16.598751068115234,138.398
2011-10-23,1635.0999755859375,50.601837158203125,21.62651824951172,16.598751068115234,138.398
2011-10-24,1651.5,51.65273666381836,21.475337982177734,16.843589782714844,138.398
2011-10-25,1699.5999755859375,50.63718032836914,21.2210693359375,16.4763240814209,138.398
2011-10-26,1722.699951171875,50.57534408569336,21.434104919433594,16.41299819946289,138.398
2011-10-27,1746.699951171875,51.97065734863281,21.70899200439453,16.8604736328125,138.398
2011-10-28,1746.199951171875,52.05012893676758,21.654014587402344,16.7296085357666,138.398
2011-10-29,1746.199951171875,52.05012893676758,21.654014587402344,16.7296085357666,138.398
2011-10-30,1746.199951171875,52.05012893676758,21.654014587402344,16.7296085357666,138.398
2011-10-31,1724.199951171875,51.17585754394531,21.33102035522461,16.47210693359375,138.398
2011-11-01,1711.0,49.842384338378906,20.95993423461914,16.117507934570312,136.653
2011-11-02,1728.699951171875,50.266265869140625,21.15921974182129,16.282142639160156,136.653
2011-11-03,1764.199951171875,51.308326721191406,21.42035675048828,16.493215560913086,136.653
2011-11-04,1755.300048828125,51.04339599609375,21.296659469604492,16.42989158630371,136.653
2011-11-05,1755.300048828125,51.04339599609375,21.296659469604492,16.42989158630371,136.653
2011-11-06,1755.300048828125,51.04339599609375,21.296659469604492,16.42989158630371,136.653
2011-11-07,1790.300048828125,51.40547180175781,21.475337982177734,16.53543472290039,136.653
2011-11-08,1798.4000244140625,51.997154235839844,21.68837547302246,16.695842742919922,136.653
2011-11-09,1790.9000244140625,50.169132232666016,21.179840087890625,16.100622177124023,136.653
2011-11-10,1758.9000244140625,50.142635345458984,21.386009216308594,16.252593994140625,136.653
2011-11-11,1787.5,51.08755111694336,21.633399963378906,16.66206932067871,136.653
2011-11-12,1787.5,51.08755111694336,21.633399963378906,16.66206932067871,136.653
2011-11-13,1787.5,51.08755111694336,21.633399963378906,16.66206932067871,136.653
2011-11-14,1777.800048828125,50.769630432128906,21.447851181030273,16.539648056030273,136.653
2011-11-15,1781.699951171875,51.33482360839844,21.550928115844727,16.598751068115234,136.653
2011-11-16,1773.800048828125,50.48702621459961,21.35851287841797,16.286359786987305,136.653
2011-11-17,1719.800048828125,49.30368423461914,21.28291893005371,15.999302864074707,136.653
2011-11-18,1724.699951171875,48.9239501953125,21.344764709472656,15.990853309631348,136.653
2011-11-19,1724.699951171875,48.9239501953125,21.344764709472656,15.990853309631348,136.653
2011-11-20,1724.699951171875,48.9239501953125,21.344764709472656,15.990853309631348,136.653
2011-11-21,1678.300048828125,47.98786163330078,21.00116539001465,15.741791725158691,136.653
2011-11-22,1702.199951171875,48.146820068359375,21.021780014038086,15.733352661132812,136.653
2011-11-23,1695.699951171875,47.060611724853516,20.79500389099121,15.4209566116333,136.653
2011-11-24,1695.699951171875,47.060611724853516,20.79500389099121,15.4209566116333,136.653
2011-11-25,1685.5,46.69853591918945,20.8705997467041,15.336532592773438,136.653
2011-11-26,1685.5,46.69853591918945,20.8705997467041,15.336532592773438,136.653
2011-11-27,1685.5,46.69853591918945,20.8705997467041,15.336532592773438,136.653
2011-11-28,1710.800048828125,48.32343292236328,21.20045280456543,15.805110931396484,136.653
2011-11-29,1713.4000244140625,48.023193359375,21.42035675048828,15.85999584197998,136.653
2011-11-30,1745.5,49.79820251464844,21.92202377319336,16.353900909423828,136.653
2011-12-01,1735.300048828125,50.142635345458984,21.887666702270508,16.36656951904297,135.155
2011-12-02,1747.0,50.001346588134766,21.812070846557617,16.493215560913086,135.155
2011-12-03,1747.0,50.001346588134766,21.812070846557617,16.493215560913086,135.155
2011-12-04,1747.0,50.001346588134766,21.812070846557617,16.493215560913086,135.155
2011-12-05,1730.699951171875,50.54887008666992,21.94264030456543,16.64518165588379,135.155
2011-12-06,1727.9000244140625,50.407569885253906,21.970136642456055,16.59030532836914,135.155
2011-12-07,1740.9000244140625,50.407569885253906,22.025108337402344,16.695842742919922,135.155
2011-12-08,1709.800048828125,49.55979919433594,21.77083969116211,16.34123992919922,135.155
2011-12-09,1712.800048828125,50.35456848144531,21.997623443603516,16.611412048339844,135.155
2011-12-10,1712.800048828125,50.35456848144531,21.997623443603516,16.611412048339844,135.155
2011-12-11,1712.800048828125,50.35456848144531,21.997623443603516,16.611412048339844,135.155
2011-12-12,1664.199951171875,49.78939437866211,21.798324584960938,16.560752868652344,135.155
2011-12-13,1659.9000244140625,49.24187469482422,21.750225067138672,16.235702514648438,135.155
2011-12-14,1584.300048828125,48.47355270385742,21.640270233154297,16.066844940185547,135.155
2011-12-15,1574.5999755859375,48.34111022949219,21.86017608642578,16.09217643737793,135.155
2011-12-16,1595.5999755859375,48.589988708496094,21.835901260375977,16.092174530029297,135.155
2011-12-17,1595.5999755859375,48.589988708496094,21.835901260375977,16.092174530029297,135.155
2011-12-18,1595.5999755859375,48.589988708496094,21.835901260375977,16.092174530029297,135.155
2011-12-19,1594.4000244140625,48.11171340942383,21.745758056640625,15.913846969604492,135.155
2011-12-20,1615.5999755859375,49.53769302368164,22.196483612060547,16.351173400878906,135.155
2011-12-21,1611.9000244140625,48.82912063598633,22.432254791259766,16.4063720703125,135.155
2011-12-22,1608.9000244140625,49.24540328979492,22.42531394958496,16.453075408935547,135.155
2011-12-23,1604.699951171875,49.670555114746094,22.58480453491211,16.63565444946289,135.155
2011-12-24,1604.699951171875,49.670555114746094,22.58480453491211,16.63565444946289,135.155
2011-12-25,1604.699951171875,49.670555114746094,22.58480453491211,16.63565444946289,135.155
2011-12-26,1604.699951171875,49.670555114746094,22.58480453491211,16.63565444946289,135.155
2011-12-27,1594.199951171875,49.8558349609375,22.626413345336914,16.68660545349121,135.155
2011-12-28,1562.9000244140625,49.27960968017578,22.51546287536621,16.504030227661133,135.155
2011-12-29,1539.9000244140625,49.63419723510742,22.633342742919922,16.673870086669922,135.155
2011-12-30,1565.800048828125,49.49235916137695,22.529335021972656,16.56772232055664,135.155
2011-12-31,1565.800048828125,49.49235916137695,22.529335021972656,16.56772232055664,135.155
2012-01-01,1565.800048828125,49.49235916137695,22.529335021972656,16.56772232055664,134.157
2012-01-02,1565.800048828125,49.49235916137695,22.529335021972656,16.56772232055664,134.157
2012-01-03,1599.699951171875,50.44091796875,22.508533477783203,16.707836151123047,134.157
2012-01-04,1611.9000244140625,50.653663635253906,22.45999526977539,16.83946418762207,134.157
2012-01-05,1619.4000244140625,51.070308685302734,22.446121215820312,16.97957992553711,134.157
2012-01-06,1616.0999755859375,51.24760437011719,22.300498962402344,17.005056381225586,134.157
2012-01-07,1616.0999755859375,51.24760437011719,22.300498962402344,17.005056381225586,134.157
2012-01-08,1616.0999755859375,51.24760437011719,22.300498962402344,17.005056381225586,134.157
2012-01-09,1607.5,51.07917404174805,22.335176467895508,16.97957992553711,134.157
2012-01-10,1631.0,51.451507568359375,22.411447525024414,17.089969635009766,134.157
2012-01-11,1639.199951171875,51.557884216308594,22.31436538696289,17.115442276000977,134.157
2012-01-12,1647.300048828125,51.76176452636719,22.30742835998535,17.166400909423828,134.157
2012-01-13,1630.4000244140625,51.57560348510742,22.28663444519043,17.145174026489258,134.157
2012-01-14,1630.4000244140625,51.57560348510742,22.28663444519043,17.145174026489258,134.157
2012-01-15,1630.4000244140625,51.57560348510742,22.28663444519043,17.145174026489258,134.157
2012-01-16,1630.4000244140625,51.57560348510742,22.28663444519043,17.145174026489258,134.157
2012-01-17,1655.199951171875,52.045433044433594,22.369836807250977,17.191869735717773,134.157
2012-01-18,1659.5,52.73689270019531,22.41838264465332,17.467863082885742,134.157
2012-01-19,1654.0999755859375,53.06489944458008,22.45999526977539,17.620725631713867,134.157
2012-01-20,1663.699951171875,52.98512268066406,22.466922760009766,17.47635269165039,134.157
2012-01-21,1663.699951171875,52.98512268066406,22.466922760009766,17.47635269165039,134.157
2012-01-22,1663.699951171875,52.98512268066406,22.466922760009766,17.47635269165039,134.157
2012-01-23,1678.0,53.002838134765625,22.446121215820312,17.463623046875,134.157
2012-01-24,1664.199951171875,52.905330657958984,22.321306228637695,17.514564514160156,134.157
2012-01-25,1699.800048828125,53.5702018737793,22.577871322631836,17.641939163208008,134.157
2012-01-26,1726.300048828125,53.38402557373047,22.494661331176758,17.61223030090332,134.157
2012-01-27,1731.800048828125,53.543582916259766,22.34210968017578,17.599485397338867,134.157
2012-01-28,1731.800048828125,53.543582916259766,22.34210968017578,17.599485397338867,134.157
2012-01-29,1731.800048828125,53.543582916259766,22.34210968017578,17.599485397338867,134.157
2012-01-30,1731.0,53.58792495727539,22.196483612060547,17.548540115356445,134.157
2012-01-31,1737.800048828125,53.65883255004883,22.21035385131836,17.544288635253906,134.157
2012-02-01,1747.0999755859375,54.09321594238281,22.369836807250977,17.60373306274414,133.987
2012-02-02,1756.800048828125,54.26164245605469,22.45305824279785,17.582500457763672,133.987
2012-02-03,1737.9000244140625,55.006290435791016,22.52239227294922,17.943405151367188,133.987
2012-02-04,1737.9000244140625,55.006290435791016,22.52239227294922,17.943405151367188,133.987
2012-02-05,1737.9000244140625,55.006290435791016,22.52239227294922,17.943405151367188,133.987
2012-02-06,1722.800048828125,54.961978912353516,22.508533477783203,17.905197143554688,133.987
2012-02-07,1746.4000244140625,55.07721710205078,22.529335021972656,17.990114212036133,133.987
2012-02-08,1729.300048828125,55.369754791259766,22.536264419555664,18.03257942199707,133.987
2012-02-09,1739.0,55.7686882019043,22.661083221435547,18.062294006347656,133.987
2012-02-10,1723.300048828125,55.37861251831055,22.6125431060791,17.964645385742188,133.987
2012-02-11,1723.300048828125,55.37861251831055,22.6125431060791,17.964645385742188,133.987
2012-02-12,1723.300048828125,55.37861251831055,22.6125431060791,17.964645385742188,133.987
2012-02-13,1723.0,55.89277648925781,22.709625244140625,18.10900115966797,133.987
2012-02-14,1715.9000244140625,56.03462600708008,22.765100479125977,18.087766647338867,133.987
2012-02-15,1726.300048828125,55.64456558227539,22.75816535949707,18.007104873657227,133.987
2012-02-16,1726.800048828125,56.40694046020508,22.903783798217773,18.083526611328125,133.987
2012-02-17,1724.5,56.22964096069336,22.92458152770996,18.24062728881836,133.987
2012-02-18,1724.5,56.22964096069336,22.92458152770996,18.24062728881836,133.987
2012-02-19,1724.5,56.22964096069336,22.92458152770996,18.24062728881836,133.987
2012-02-20,1724.5,56.22964096069336,22.92458152770996,18.24062728881836,133.987
2012-02-21,1757.0999755859375,56.38920593261719,22.79283332824707,18.17694091796875,133.987
2012-02-22,1770.0,56.13212966918945,22.730422973632812,18.130233764648438,133.987
2012-02-23,1784.9000244140625,56.50445556640625,22.848308563232422,18.219398498535156,133.987
2012-02-24,1775.0999755859375,56.6994743347168,22.92458152770996,18.198165893554688,133.987
2012-02-25,1775.0999755859375,56.6994743347168,22.92458152770996,18.198165893554688,133.987
2012-02-26,1775.0999755859375,56.6994743347168,22.92458152770996,18.198165893554688,133.987
2012-02-27,1773.5999755859375,56.77926254272461,22.92458152770996,18.304309844970703,133.987
2012-02-28,1787.0,57.35546875,23.0008602142334,18.40622329711914,133.987
2012-02-29,1709.9000244140625,57.09839630126953,23.04246711730957,18.338281631469727,133.987
2012-03-01,1721.0999755859375,57.55050277709961,23.00779151916504,18.491134643554688,135.856
2012-03-02,1708.800048828125,57.50618362426758,23.02859878540039,18.478397369384766,135.856
2012-03-03,1708.800048828125,57.50618362426758,23.02859878540039,18.478397369384766,135.856
2012-03-04,1708.800048828125,57.50618362426758,23.02859878540039,18.478397369384766,135.856
2012-03-05,1703.0,56.912235260009766,23.13262176513672,18.461421966552734,135.856
2012-03-06,1671.4000244140625,56.353755950927734,22.938453674316406,18.172687530517578,135.856
2012-03-07,1683.300048828125,56.78811264038086,22.97311782836914,18.380748748779297,135.856
2012-03-08,1698.0999755859375,57.39978790283203,23.13262176513672,18.56756019592285,135.856
2012-03-09,1710.9000244140625,57.63914108276367,23.20888900756836,18.673715591430664,135.856
2012-03-10,1710.9000244140625,57.63914108276367,23.20888900756836,18.673715591430664,135.856
2012-03-11,1710.9000244140625,57.63914108276367,23.20888900756836,18.673715591430664,135.856
2012-03-12,1699.199951171875,57.66574478149414,23.292098999023438,18.622760772705078,135.856
2012-03-13,1693.699951171875,58.738399505615234,23.4654598236084,18.911483764648438,135.856
2012-03-14,1642.5,58.9422721862793,23.39611053466797,18.886011123657227,135.856
2012-03-15,1659.0999755859375,59.1107063293457,23.437719345092773,18.94970703125,135.856
2012-03-16,1655.5,59.06898498535156,23.422378540039062,18.888803482055664,135.856
2012-03-17,1655.5,59.06898498535156,23.422378540039062,18.888803482055664,135.856
2012-03-18,1655.5,59.06898498535156,23.422378540039062,18.888803482055664,135.856
2012-03-19,1666.9000244140625,59.48630905151367,23.436325073242188,18.986753463745117,135.856
2012-03-20,1646.699951171875,59.5928840637207,23.422378540039062,19.01656150817871,135.856
2012-03-21,1650.0,59.60176086425781,23.457237243652344,19.04212188720703,135.856
2012-03-22,1642.300048828125,59.47746276855469,23.478145599365234,18.995271682739258,135.856
2012-03-23,1662.300048828125,59.44192886352539,23.53390884399414,19.01656150817871,135.856
2012-03-24,1662.300048828125,59.44192886352539,23.53390884399414,19.01656150817871,135.856
2012-03-25,1662.300048828125,59.44192886352539,23.53390884399414,19.01656150817871,135.856
2012-03-26,1685.5,60.48087692260742,23.694250106811523,19.318965911865234,135.856
2012-03-27,1684.800048828125,60.56968688964844,23.68031120300293,19.289148330688477,135.856
2012-03-28,1657.9000244140625,60.32991409301758,23.624540328979492,19.123043060302734,135.856
2012-03-29,1652.199951171875,60.09904861450195,23.617568969726562,19.118783950805664,135.856
2012-03-30,1669.300048828125,59.98358917236328,23.756988525390625,19.203962326049805,135.856
2012-03-31,1669.300048828125,59.98358917236328,23.756988525390625,19.203962326049805,135.856
2012-04-01,1669.300048828125,59.98358917236328,23.756988525390625,19.203962326049805,138.461
2012-04-02,1677.5,60.605194091796875,23.94520378112793,19.255075454711914,138.461
2012-04-03,1670.0,60.58745574951172,23.812755584716797,19.21674346923828,138.461
2012-04-04,1612.300048828125,59.76161193847656,23.736072540283203,19.037860870361328,138.461
2012-04-05,1628.5,60.13456726074219,23.736072540283203,19.16989517211914,138.461
2012-04-06,1628.5,60.13456726074219,23.736072540283203,19.16989517211914,138.461
2012-04-07,1628.5,60.13456726074219,23.736072540283203,19.16989517211914,138.461
2012-04-08,1628.5,60.13456726074219,23.736072540283203,19.16989517211914,138.461
2012-04-09,1642.5,59.68168640136719,23.519969940185547,18.995271682739258,138.461
2012-04-10,1659.5,58.722652435302734,23.310842514038086,18.531038284301758,138.461
2012-04-11,1659.0,59.00682067871094,23.429349899291992,18.786582946777344,138.461
2012-04-12,1679.5,59.68168640136719,23.443294525146484,19.025087356567383,138.461
2012-04-13,1659.0999755859375,58.775970458984375,23.443294525146484,18.973981857299805,138.461
2012-04-14,1659.0999755859375,58.775970458984375,23.443294525146484,18.973981857299805,138.461
2012-04-15,1659.0999755859375,58.775970458984375,23.443294525146484,18.973981857299805,138.461
2012-04-16,1648.699951171875,58.11882019042969,23.540882110595703,18.90583610534668,138.461
2012-04-17,1650.300048828125,59.29986572265625,23.77789878845215,19.10601043701172,138.461
2012-04-18,1638.800048828125,59.14888000488281,23.77789878845215,19.13582420349121,138.461
2012-04-19,1640.5999755859375,58.48291778564453,23.701223373413086,18.982494354248047,138.461
2012-04-20,1642.0999755859375,58.32304382324219,23.91731834411621,19.012310028076172,138.461
2012-04-21,1642.0999755859375,58.32304382324219,23.91731834411621,19.012310028076172,138.461
2012-04-22,1642.0999755859375,58.32304382324219,23.91731834411621,19.012310028076172,138.461
2012-04-23,1631.9000244140625,57.79026794433594,23.547853469848633,18.807878494262695,138.461
2012-04-24,1643.0,57.4794807434082,23.554824829101562,18.74399185180664,138.461
2012-04-25,1641.4000244140625,59.00682067871094,23.708192825317383,19.059158325195312,138.461
2012-04-26,1659.5999755859375,59.35310745239258,23.924285888671875,19.29766082763672,138.461
2012-04-27,1664.0,59.70832824707031,23.889429092407227,19.536161422729492,138.461
2012-04-28,1664.0,59.70832824707031,23.889429092407227,19.536161422729492,138.461
2012-04-29,1664.0,59.70832824707031,23.889429092407227,19.536161422729492,138.461
2012-04-30,1663.4000244140625,59.282100677490234,23.82670021057129,19.42544174194336,138.461
2012-05-01,1661.699951171875,59.37976837158203,23.889429092407227,19.553207397460938,141.037
2012-05-02,1653.4000244140625,59.54849624633789,23.910348892211914,19.659683227539062,141.037
2012-05-03,1634.199951171875,58.91801834106445,23.94520378112793,19.506351470947266,141.037
2012-05-04,1644.699951171875,57.45283508300781,23.756988525390625,19.127304077148438,141.037
2012-05-05,1644.699951171875,57.45283508300781,23.756988525390625,19.127304077148438,141.037
2012-05-06,1644.699951171875,57.45283508300781,23.756988525390625,19.127304077148438,141.037
2012-05-07,1638.5999755859375,57.506126403808594,23.791837692260742,19.118783950805664,141.037
2012-05-08,1604.0,57.29299545288086,23.736072540283203,18.888803482055664,141.037
2012-05-09,1593.699951171875,57.11541748046875,23.617568969726562,18.816389083862305,141.037
2012-05-10,1595.0999755859375,56.999961853027344,23.78486442565918,18.880281448364258,141.037
2012-05-11,1583.5999755859375,56.99108123779297,23.722137451171875,18.84194564819336,141.037
2012-05-12,1583.5999755859375,56.99108123779297,23.722137451171875,18.84194564819336,141.037
2012-05-13,1583.5999755859375,56.99108123779297,23.722137451171875,18.84194564819336,141.037
2012-05-14,1560.5999755859375,56.45828628540039,23.624540328979492,18.577890396118164,141.037
2012-05-15,1556.800048828125,56.271812438964844,23.59664535522461,18.54807472229004,141.037
2012-05-16,1536.199951171875,55.889976501464844,23.673330307006836,18.51826286315918,141.037
2012-05-17,1574.5,54.708961486816406,23.506038665771484,18.02847671508789,141.037
2012-05-18,1591.5999755859375,53.998573303222656,23.36660385131836,17.89219093322754,141.037
2012-05-19,1591.5999755859375,53.998573303222656,23.36660385131836,17.89219093322754,141.037
2012-05-20,1591.5999755859375,53.998573303222656,23.36660385131836,17.89219093322754,141.037
2012-05-21,1588.4000244140625,55.508148193359375,23.457237243652344,18.207345962524414,141.037
2012-05-22,1576.300048828125,55.445980072021484,23.48512077331543,18.279756546020508,141.037
2012-05-23,1548.0999755859375,55.55254364013672,23.422378540039062,18.377714157104492,141.037
2012-05-24,1557.300048828125,55.18845748901367,23.645450592041016,18.462894439697266,141.037
2012-05-25,1568.800048828125,55.117435455322266,23.624540328979492,18.433080673217773,141.037
2012-05-26,1568.800048828125,55.117435455322266,23.624540328979492,18.433080673217773,141.037
2012-05-27,1568.800048828125,55.117435455322266,23.624540328979492,18.433080673217773,141.037
2012-05-28,1568.800048828125,55.117435455322266,23.624540328979492,18.433080673217773,141.037
2012-05-29,1548.5999755859375,55.818939208984375,23.791837692260742,18.68862533569336,141.037
2012-05-30,1563.4000244140625,55.34830856323242,23.59664535522461,18.394752502441406,141.037
2012-05-31,1562.5999755859375,55.108558654785156,23.547853469848633,18.356414794921875,141.037
2012-06-01,1620.5,53.64336395263672,23.115659713745117,17.777191162109375,143.158
2012-06-02,1620.5,53.64336395263672,23.115659713745117,17.777191162109375,143.158
2012-06-03,1620.5,53.64336395263672,23.115659713745117,17.777191162109375,143.158
2012-06-04,1612.199951171875,54.05184555053711,23.192340850830078,17.84107780456543,143.158
2012-06-05,1615.199951171875,54.273834228515625,23.164459228515625,17.93903350830078,143.158
2012-06-06,1632.800048828125,55.51701736450195,23.478145599365234,18.32660484313965,143.158
2012-06-07,1586.5999755859375,55.29502868652344,23.56180191040039,18.32660484313965,143.158
2012-06-08,1590.0999755859375,55.82782745361328,23.763952255249023,18.488445281982422,143.158
2012-06-09,1590.0999755859375,55.82782745361328,23.763952255249023,18.488445281982422,143.158
2012-06-10,1590.0999755859375,55.82782745361328,23.763952255249023,18.488445281982422,143.158
2012-06-11,1595.5,54.88655471801758,23.652420043945312,18.207345962524414,143.158
2012-06-12,1612.699951171875,55.55254364013672,23.763952255249023,18.403268814086914,143.158
2012-06-13,1618.0999755859375,55.170711517333984,23.72910499572754,18.134952545166016,143.158
2012-06-14,1618.4000244140625,55.374942779541016,24.05672836303711,18.377714157104492,143.158
2012-06-15,1627.0,56.062950134277344,24.096044540405273,18.55807876586914,143.158
2012-06-16,1627.0,56.062950134277344,24.096044540405273,18.55807876586914,143.158
2012-06-17,1627.0,56.062950134277344,24.096044540405273,18.55807876586914,143.158
2012-06-18,1625.699951171875,56.58805465698242,24.159208297729492,18.69057273864746,143.158
2012-06-19,1622.199951171875,57.175472259521484,24.138153076171875,18.861543655395508,143.158
2012-06-20,1614.800048828125,57.21997833251953,24.011812210083008,18.84016990661621,143.158
2012-06-21,1564.5,55.79593276977539,23.73106575012207,18.429859161376953,143.158
2012-06-22,1566.0,56.38335037231445,23.801244735717773,18.51106834411621,143.158
2012-06-23,1566.0,56.38335037231445,23.801244735717773,18.51106834411621,143.158
2012-06-24,1566.0,56.38335037231445,23.801244735717773,18.51106834411621,143.158
2012-06-25,1587.5,55.297515869140625,23.653844833374023,18.224700927734375,143.158
2012-06-26,1574.0,55.64461135864258,23.709997177124023,18.451223373413086,143.158
2012-06-27,1577.5,55.98283386230469,23.850378036499023,18.42558479309082,143.158
2012-06-28,1549.699951171875,55.35982131958008,23.955663681030273,18.3230037689209,143.158
2012-06-29,1603.5,57.104270935058594,24.404878616333008,18.711950302124023,143.158
2012-06-30,1603.5,57.104270935058594,24.404878616333008,18.711950302124023,143.158
2012-07-01,1603.5,57.104270935058594,24.404878616333008,18.711950302124023,144.272
2012-07-02,1597.199951171875,57.273372650146484,24.54525375366211,18.76750946044922,144.272
2012-07-03,1621.300048828125,57.75398635864258,24.657564163208008,18.75041389465332,144.272
2012-07-04,1621.300048828125,57.75398635864258,24.657564163208008,18.75041389465332,144.272
2012-07-05,1608.9000244140625,57.78958511352539,24.56631088256836,18.797428131103516,144.272
2012-07-06,1578.4000244140625,57.068668365478516,24.53824234008789,18.707679748535156,144.272
2012-07-07,1578.4000244140625,57.068668365478516,24.53824234008789,18.707679748535156,144.272
2012-07-08,1578.4000244140625,57.068668365478516,24.53824234008789,18.707679748535156,144.272
2012-07-09,1588.5999755859375,56.96186065673828,24.51016616821289,18.605098724365234,144.272
2012-07-10,1579.300048828125,56.401145935058594,24.53824234008789,18.493967056274414,144.272
2012-07-11,1575.199951171875,56.08961868286133,24.50313949584961,18.38711929321289,144.272
2012-07-12,1564.9000244140625,55.564517974853516,24.524202346801758,18.344369888305664,144.272
2012-07-13,1591.5999755859375,56.41004180908203,24.797935485839844,18.643564224243164,144.272
2012-07-14,1591.5999755859375,56.41004180908203,24.797935485839844,18.643564224243164,144.272
2012-07-15,1591.5999755859375,56.41004180908203,24.797935485839844,18.643564224243164,144.272
2012-07-16,1591.199951171875,56.24984359741211,24.671600341796875,18.523887634277344,144.272
2012-07-17,1589.0999755859375,56.54356002807617,24.776874542236328,18.707679748535156,144.272
2012-07-18,1570.4000244140625,57.308982849121094,24.78389549255371,18.80597496032715,144.272
2012-07-19,1580.0999755859375,57.940895080566406,24.74880027770996,18.929931640625,144.272
2012-07-20,1582.5,57.175472259521484,24.594388961791992,18.699127197265625,144.272
2012-07-21,1582.5,57.175472259521484,24.594388961791992,18.699127197265625,144.272
2012-07-22,1582.5,57.175472259521484,24.594388961791992,18.699127197265625,144.272
2012-07-23,1577.0999755859375,56.48124694824219,24.38382339477539,18.42558479309082,144.272
2012-07-24,1576.0,56.036231994628906,24.306615829467773,18.3016300201416,144.272
2012-07-25,1608.0,55.662418365478516,24.31363296508789,18.26317024230957,144.272
2012-07-26,1615.0,56.401145935058594,24.713712692260742,18.55807876586914,144.272
2012-07-27,1617.9000244140625,57.7362060546875,24.994476318359375,18.925649642944336,144.272
2012-07-28,1617.9000244140625,57.7362060546875,24.994476318359375,18.925649642944336,144.272
2012-07-29,1617.9000244140625,57.7362060546875,24.994476318359375,18.925649642944336,144.272
2012-07-30,1619.699951171875,57.69169616699219,25.120811462402344,18.852989196777344,144.272
2012-07-31,1610.5,57.67388916015625,25.008514404296875,18.609371185302734,144.272
2012-08-01,1603.699951171875,57.50477600097656,24.882164001464844,18.532442092895508,144.695
2012-08-02,1587.4000244140625,57.300106048583984,24.678617477416992,18.579456329345703,144.695
2012-08-03,1606.0,58.385921478271484,25.09273338317871,18.947021484375,144.695
2012-08-04,1606.0,58.385921478271484,25.09273338317871,18.947021484375,144.695
2012-08-05,1606.0,58.385921478271484,25.09273338317871,18.947021484375,144.695
2012-08-06,1612.9000244140625,58.8309326171875,25.078689575195312,19.01540756225586,144.695
2012-08-07,1609.699951171875,59.3204345703125,24.945337295532227,19.194923400878906,144.695
2012-08-08,1612.9000244140625,59.29375076293945,25.120811462402344,19.10088348388672,144.695
2012-08-09,1617.0999755859375,59.471763610839844,25.015525817871094,19.08806800842285,144.695
2012-08-10,1619.699951171875,59.50733947753906,25.008514404296875,19.070968627929688,144.695
2012-08-11,1619.699951171875,59.50733947753906,25.008514404296875,19.070968627929688,144.695
2012-08-12,1619.699951171875,59.50733947753906,25.008514404296875,19.070968627929688,144.695
2012-08-13,1609.5999755859375,59.64976119995117,25.001476287841797,19.07952117919922,144.695
2012-08-14,1599.4000244140625,59.67646026611328,25.09974479675293,19.12653160095215,144.695
2012-08-15,1603.699951171875,59.8277702331543,25.113798141479492,19.186370849609375,144.695
2012-08-16,1616.0999755859375,60.53978729248047,25.176959991455078,19.344507217407227,144.695
2012-08-17,1616.300048828125,60.80677032470703,25.198015213012695,19.417173385620117,144.695
2012-08-18,1616.300048828125,60.80677032470703,25.198015213012695,19.417173385620117,144.695
2012-08-19,1616.300048828125,60.80677032470703,25.198015213012695,19.417173385620117,144.695
2012-08-20,1620.0999755859375,60.89579391479492,25.198015213012695,19.335960388183594,144.695
2012-08-21,1639.9000244140625,60.655487060546875,25.04360580444336,19.31032371520996,144.695
2012-08-22,1637.4000244140625,60.90469741821289,24.96639633178711,19.365877151489258,144.695
2012-08-23,1669.5999755859375,60.406272888183594,24.76986312866211,19.23339080810547,144.695
2012-08-24,1669.800048828125,60.780094146728516,24.987455368041992,19.391525268554688,144.695
2012-08-25,1669.800048828125,60.780094146728516,24.987455368041992,19.391525268554688,144.695
2012-08-26,1669.800048828125,60.780094146728516,24.987455368041992,19.391525268554688,144.695
2012-08-27,1672.4000244140625,60.87800216674805,25.022539138793945,19.36161231994629,144.695
2012-08-28,1666.5,60.87800216674805,25.036582946777344,19.400075912475586,144.695
2012-08-29,1659.800048828125,60.87800216674805,24.980419158935547,19.49411392211914,144.695
2012-08-30,1653.5,60.263851165771484,24.882164001464844,19.387256622314453,144.695
2012-08-31,1684.5999755859375,60.664390563964844,24.889183044433594,19.46845817565918,144.695
2012-09-01,1684.5999755859375,60.664390563964844,24.889183044433594,19.46845817565918,144.347
2012-09-02,1684.5999755859375,60.664390563964844,24.889183044433594,19.46845817565918,144.347
2012-09-03,1684.5999755859375,60.664390563964844,24.889183044433594,19.46845817565918,144.347
2012-09-04,1692.9000244140625,60.60206985473633,25.036582946777344,19.42144012451172,144.347
2012-09-05,1690.800048828125,60.53978729248047,24.994476318359375,19.451358795166016,144.347
2012-09-06,1702.5999755859375,61.88374710083008,25.303306579589844,19.88732147216797,144.347
2012-09-07,1737.5,61.79473876953125,25.09974479675293,19.994182586669922,144.347
2012-09-08,1737.5,61.79473876953125,25.09974479675293,19.994182586669922,144.347
2012-09-09,1737.5,61.79473876953125,25.09974479675293,19.994182586669922,144.347
2012-09-10,1728.699951171875,61.002586364746094,25.07168197631836,19.964250564575195,144.347
2012-09-11,1731.800048828125,60.90469741821289,24.994476318359375,19.955705642700195,144.347
2012-09-12,1730.5999755859375,61.08270263671875,24.861112594604492,20.054000854492188,144.347
2012-09-13,1769.0999755859375,61.910430908203125,25.303306579589844,20.310455322265625,144.347
2012-09-14,1769.800048828125,62.462242126464844,25.113798141479492,20.391666412353516,144.347
2012-09-15,1769.800048828125,62.462242126464844,25.113798141479492,20.391666412353516,144.347
2012-09-16,1769.800048828125,62.462242126464844,25.113798141479492,20.391666412353516,144.347
2012-09-17,1767.699951171875,62.488929748535156,25.183988571166992,20.31473159790039,144.347
2012-09-18,1768.4000244140625,62.5423698425293,25.324359893798828,20.216428756713867,144.347
2012-09-19,1769.0,62.658077239990234,25.394548416137695,20.425853729248047,144.347
2012-09-20,1767.699951171875,62.595760345458984,25.534921646118164,20.40021324157715,144.347
2012-09-21,1775.5,62.613590240478516,25.418296813964844,20.385623931884766,144.347
2012-09-22,1775.5,62.613590240478516,25.418296813964844,20.385623931884766,144.347
2012-09-23,1775.5,62.613590240478516,25.418296813964844,20.385623931884766,144.347
2012-09-24,1762.0999755859375,62.247623443603516,25.503116607666016,20.32987403869629,144.347
2012-09-25,1763.800048828125,61.37293243408203,25.326406478881836,20.089683532714844,144.347
2012-09-26,1750.5999755859375,60.873085021972656,25.326406478881836,19.952436447143555,144.347
2012-09-27,1777.5999755859375,61.71210861206055,25.411224365234375,20.154024124145508,144.347
2012-09-28,1771.0999755859375,61.20334243774414,25.326406478881836,20.068248748779297,144.347
2012-09-29,1771.0999755859375,61.20334243774414,25.326406478881836,20.068248748779297,144.347
2012-09-30,1771.0999755859375,61.20334243774414,25.326406478881836,20.068248748779297,144.347
2012-10-01,1780.5,61.11408996582031,25.488988876342773,20.055368423461914,143.956
2012-10-02,1772.699951171875,61.29259490966797,25.510181427001953,20.016775131225586,143.956
2012-10-03,1777.300048828125,61.68533706665039,25.587942123413086,20.175464630126953,143.956
2012-10-04,1794.0999755859375,61.899539947509766,25.708099365234375,20.359891891479492,143.956
2012-10-05,1778.5999755859375,61.569305419921875,25.80706787109375,20.419940948486328,143.956
2012-10-06,1778.5999755859375,61.569305419921875,25.80706787109375,20.419940948486328,143.956
2012-10-07,1778.5999755859375,61.569305419921875,25.80706787109375,20.419940948486328,143.956
2012-10-08,1773.5,61.00697708129883,25.72930908203125,20.38134002685547,143.956
2012-10-09,1763.0,60.034088134765625,25.481914520263672,20.055368423461914,143.956
2012-10-10,1763.199951171875,59.7305908203125,25.375877380371094,19.930992126464844,143.956
2012-10-11,1768.800048828125,59.54317092895508,25.319337844848633,19.84092140197754,143.956
2012-10-12,1758.0,59.51640701293945,25.340545654296875,19.83662986755371,143.956
2012-10-13,1758.0,59.51640701293945,25.340545654296875,19.83662986755371,143.956
2012-10-14,1758.0,59.51640701293945,25.340545654296875,19.83662986755371,143.956
2012-10-15,1736.0,59.9537467956543,25.510181427001953,20.033931732177734,143.956
2012-10-16,1744.699951171875,60.80168533325195,25.573795318603516,20.214067459106445,143.956
2012-10-17,1751.5,60.76599884033203,25.686908721923828,20.32987403869629,143.956
2012-10-18,1743.300048828125,60.06089782714844,25.545536041259766,20.342742919921875,143.956
2012-10-19,1722.800048828125,58.62382507324219,25.24158477783203,19.978172302246094,143.956
2012-10-20,1722.800048828125,58.62382507324219,25.24158477783203,19.978172302246094,143.956
2012-10-21,1722.800048828125,58.62382507324219,25.24158477783203,19.978172302246094,143.956
2012-10-22,1725.0999755859375,58.92732238769531,25.255718231201172,19.913837432861328,143.956
2012-10-23,1708.300048828125,58.3649787902832,24.91643714904785,19.75514793395996,143.956
2012-10-24,1700.5,58.15971374511719,24.91643714904785,19.677942276000977,143.956
2012-10-25,1712.0,58.15971374511719,25.071935653686523,19.630762100219727,143.956
2012-10-26,1710.9000244140625,58.329288482666016,24.987119674682617,19.69510269165039,143.956
2012-10-27,1710.9000244140625,58.329288482666016,24.987119674682617,19.69510269165039,143.956
2012-10-28,1710.9000244140625,58.329288482666016,24.987119674682617,19.69510269165039,143.956
2012-10-29,1710.9000244140625,58.329288482666016,24.987119674682617,19.69510269165039,143.956
2012-10-30,1710.9000244140625,58.329288482666016,24.987119674682617,19.69510269165039,143.956
2012-10-31,1717.5,57.972251892089844,25.01538848876953,19.75943946838379,143.956
2012-11-01,1714.0999755859375,58.79342269897461,25.029518127441406,19.98674201965332,143.949
2012-11-02,1674.0999755859375,58.16860580444336,24.881086349487305,19.9738826751709,143.949
2012-11-03,1674.0999755859375,58.16860580444336,24.881086349487305,19.9738826751709,143.949
2012-11-04,1674.0999755859375,58.16860580444336,24.881086349487305,19.9738826751709,143.949
2012-11-05,1682.199951171875,58.552433013916016,24.838682174682617,20.02535629272461,143.949
2012-11-06,1714.0999755859375,58.65952682495117,25.0224666595459,20.132570266723633,143.949
2012-11-07,1713.199951171875,57.276039123535156,24.725587844848633,19.89667510986328,143.949
2012-11-08,1725.4000244140625,56.37457275390625,24.456979751586914,19.57500648498535,143.949
2012-11-09,1730.300048828125,56.61553955078125,24.456979751586914,19.480655670166016,143.949
2012-11-10,1730.300048828125,56.61553955078125,24.456979751586914,19.480655670166016,143.949
2012-11-11,1730.300048828125,56.61553955078125,24.456979751586914,19.480655670166016,143.949
2012-11-12,1730.300048828125,56.60662078857422,24.456979751586914,19.49781036376953,143.949
2012-11-13,1724.199951171875,56.213897705078125,24.44284439086914,19.55356216430664,143.949
2012-11-14,1729.5,55.553409576416016,24.174240112304688,19.261911392211914,143.949
2012-11-15,1713.300048828125,55.36594009399414,24.16716957092285,19.249040603637695,143.949
2012-11-16,1714.300048828125,55.6069450378418,24.322677612304688,19.377708435058594,143.949
2012-11-17,1714.300048828125,55.6069450378418,24.322677612304688,19.377708435058594,143.949
2012-11-18,1714.300048828125,55.6069450378418,24.322677612304688,19.377708435058594,143.949
2012-11-19,1734.0,56.927940368652344,24.718515396118164,19.793746948242188,143.949
2012-11-20,1723.199951171875,56.945796966552734,24.810409545898438,19.892393112182617,143.949
2012-11-21,1727.9000244140625,57.06182861328125,24.845746994018555,19.96102523803711,143.949
2012-11-22,1727.9000244140625,57.06182861328125,24.845746994018555,19.96102523803711,143.949
2012-11-23,1751.300048828125,57.927608489990234,25.21331787109375,20.226938247680664,143.949
2012-11-24,1751.300048828125,57.927608489990234,25.21331787109375,20.226938247680664,143.949
2012-11-25,1751.300048828125,57.927608489990234,25.21331787109375,20.226938247680664,143.949
2012-11-26,1749.5,58.17753601074219,25.029518127441406,20.132570266723633,143.949
2012-11-27,1742.199951171875,57.981178283691406,25.00832176208496,20.051088333129883,143.949
2012-11-28,1716.5,58.481021881103516,25.248655319213867,20.312713623046875,143.949
2012-11-29,1727.199951171875,58.8291130065918,25.38295555114746,20.36847686767578,143.949
2012-11-30,1710.9000244140625,58.73094177246094,25.47484016418457,20.385623931884766,143.949
2012-12-01,1710.9000244140625,58.73094177246094,25.47484016418457,20.385623931884766,143.856
2012-12-02,1710.9000244140625,58.73094177246094,25.47484016418457,20.385623931884766,143.856
2012-12-03,1719.5999755859375,58.61491775512695,25.375877380371094,20.278404235839844,143.856
2012-12-04,1694.4000244140625,58.57918930053711,25.326406478881836,20.192617416381836,143.856
2012-12-05,1692.4000244140625,57.927608489990234,25.36882209777832,20.132570266723633,143.856
2012-12-06,1700.300048828125,58.30250549316406,25.3970890045166,20.261245727539062,143.856
2012-12-07,1704.0,57.95439147949219,25.573795318603516,20.33844757080078,143.856
2012-12-08,1704.0,57.95439147949219,25.573795318603516,20.33844757080078,143.856
2012-12-09,1704.0,57.95439147949219,25.573795318603516,20.33844757080078,143.856
2012-12-10,1713.0,58.123985290527344,25.545536041259766,20.222646713256836,143.856
2012-12-11,1708.199951171875,58.88267517089844,25.559667587280273,20.28697967529297,143.856
2012-12-12,1716.5999755859375,58.75770950317383,25.503116607666016,20.312713623046875,143.856
2012-12-13,1695.5999755859375,58.29359436035156,25.460708618164062,20.179758071899414,143.856
2012-12-14,1695.800048828125,57.74018096923828,25.418296813964844,20.093975067138672,143.856
2012-12-15,1695.800048828125,57.74018096923828,25.418296813964844,20.093975067138672,143.856
2012-12-16,1695.800048828125,57.74018096923828,25.418296813964844,20.093975067138672,143.856
2012-12-17,1697.0,58.50780487060547,25.47484016418457,20.454248428344727,143.856
2012-12-18,1669.5,59.40035629272461,25.467771530151367,20.694438934326172,143.856
2012-12-19,1666.5,59.141517639160156,25.21331787109375,20.548612594604492,143.856
2012-12-20,1644.9000244140625,59.141517639160156,25.35468292236328,20.591501235961914,143.856
2012-12-21,1659.0999755859375,58.51952362060547,25.138816833496094,20.408477783203125,143.856
2012-12-22,1659.0999755859375,58.51952362060547,25.138816833496094,20.408477783203125,143.856
2012-12-23,1659.0999755859375,58.51952362060547,25.138816833496094,20.408477783203125,143.856
2012-12-24,1658.5999755859375,58.40283966064453,25.06018829345703,20.425748825073242,143.856
2012-12-25,1658.5999755859375,58.40283966064453,25.06018829345703,20.425748825073242,143.856
2012-12-26,1659.800048828125,57.89125442504883,24.84575653076172,20.21424102783203,143.856
2012-12-27,1662.5999755859375,57.80148696899414,24.888635635375977,20.24013328552246,143.856
2012-12-28,1654.9000244140625,57.245018005371094,24.624181747436523,20.07611083984375,143.856
2012-12-29,1654.9000244140625,57.245018005371094,24.624181747436523,20.07611083984375,143.856
2012-12-30,1654.9000244140625,57.245018005371094,24.624181747436523,20.07611083984375,143.856
2012-12-31,1674.800048828125,58.4566764831543,24.945825576782227,20.477537155151367,143.856
2013-01-01,1674.800048828125,58.4566764831543,24.945825576782227,20.477537155151367,144.301
2013-01-02,1687.9000244140625,60.31459045410156,25.589130401611328,20.904882431030273,144.301
2013-01-03,1673.699951171875,60.00046157836914,25.524799346923828,20.9566707611084,144.301
2013-01-04,1648.0999755859375,59.802978515625,25.596281051635742,21.03437614440918,144.301
2013-01-05,1648.0999755859375,59.802978515625,25.596281051635742,21.03437614440918,144.301
2013-01-06,1648.0999755859375,59.802978515625,25.596281051635742,21.03437614440918,144.301
2013-01-07,1645.5,59.820960998535156,25.424726486206055,20.982580184936523,144.301
2013-01-08,1661.5,59.70426940917969,25.353246688842773,20.92214012145996,144.301
2013-01-09,1654.800048828125,59.928653717041016,25.410432815551758,20.9566707611084,144.301
2013-01-10,1677.300048828125,60.28767013549805,25.560535430908203,21.077533721923828,144.301
2013-01-11,1660.0,60.36846923828125,25.674898147583008,21.09480094909668,144.301
2013-01-12,1660.0,60.36846923828125,25.674898147583008,21.09480094909668,144.301
2013-01-13,1660.0,60.36846923828125,25.674898147583008,21.09480094909668,144.301
2013-01-14,1668.9000244140625,60.099178314208984,25.753522872924805,21.146608352661133,144.301
2013-01-15,1683.4000244140625,59.802978515625,25.832157135009766,21.302000045776367,144.301
2013-01-16,1682.699951171875,60.04533386230469,25.79640769958496,21.2545166015625,144.301
2013-01-17,1690.4000244140625,60.33257293701172,25.967966079711914,21.478975296020508,144.301
2013-01-18,1686.5999755859375,60.19791030883789,26.075170516967773,21.504873275756836,144.301
2013-01-19,1686.5999755859375,60.19791030883789,26.075170516967773,21.504873275756836,144.301
2013-01-20,1686.5999755859375,60.19791030883789,26.075170516967773,21.504873275756836,144.301
2013-01-21,1686.5999755859375,60.19791030883789,26.075170516967773,21.504873275756836,144.301
2013-01-22,1692.800048828125,60.29665756225586,26.08232307434082,21.56098747253418,144.301
2013-01-23,1686.300048828125,60.664642333984375,26.075170516967773,21.57826042175293,144.301
2013-01-24,1669.5,59.82992172241211,26.146648406982422,21.74228286743164,144.301
2013-01-25,1656.4000244140625,60.135101318359375,26.275314331054688,21.971059799194336,144.301
2013-01-26,1656.4000244140625,60.135101318359375,26.275314331054688,21.971059799194336,144.301
2013-01-27,1656.4000244140625,60.135101318359375,26.275314331054688,21.971059799194336,144.301
2013-01-28,1652.4000244140625,60.26970672607422,26.2967586517334,21.867464065551758,144.301
2013-01-29,1660.699951171875,60.2786865234375,26.439720153808594,21.7811336517334,144.301
2013-01-30,1679.9000244140625,60.153053283691406,26.389671325683594,21.74228286743164,144.301
2013-01-31,1660.5999755859375,60.01841735839844,26.35393714904785,21.63868522644043,144.301
2013-02-01,1669.4000244140625,60.72746658325195,26.56838035583496,21.76386260986328,145.153
2013-02-02,1669.4000244140625,60.72746658325195,26.56838035583496,21.76386260986328,145.153
2013-02-03,1669.4000244140625,60.72746658325195,26.56838035583496,21.76386260986328,145.153
2013-02-04,1675.300048828125,59.66838836669922,26.318201065063477,21.496238708496094,145.153
2013-02-05,1672.4000244140625,60.54795455932617,26.632705688476562,21.725027084350586,145.153
2013-02-06,1677.699951171875,60.3504753112793,26.668447494506836,21.772502899169922,145.153
2013-02-07,1670.4000244140625,60.40435028076172,26.811403274536133,21.725027084350586,145.153
2013-02-08,1666.0,61.02365493774414,26.789958953857422,21.893360137939453,145.153
2013-02-09,1666.0,61.02365493774414,26.789958953857422,21.893360137939453,145.153
2013-02-10,1666.0,61.02365493774414,26.789958953857422,21.893360137939453,145.153
2013-02-11,1648.199951171875,61.041603088378906,26.789958953857422,21.81998062133789,145.153
2013-02-12,1648.699951171875,60.7902946472168,26.761369705200195,21.906309127807617,145.153
2013-02-13,1644.199951171875,61.00568771362305,26.789958953857422,21.953794479370117,145.153
2013-02-14,1634.699951171875,60.987735748291016,26.847143173217773,21.962425231933594,145.153
2013-02-15,1608.800048828125,60.80826187133789,26.88288116455078,21.988327026367188,145.153
2013-02-16,1608.800048828125,60.80826187133789,26.88288116455078,21.988327026367188,145.153
2013-02-17,1608.800048828125,60.80826187133789,26.88288116455078,21.988327026367188,145.153
2013-02-18,1608.800048828125,60.80826187133789,26.88288116455078,21.988327026367188,145.153
2013-02-19,1603.5999755859375,61.2480354309082,27.154491424560547,22.07033348083496,145.153
2013-02-20,1577.5999755859375,60.30562973022461,27.104463577270508,21.73365020751953,145.153
2013-02-21,1578.199951171875,59.65939712524414,27.190242767333984,21.552356719970703,145.153
2013-02-22,1572.4000244140625,60.2607421875,27.34747886657715,21.673221588134766,145.153
2013-02-23,1572.4000244140625,60.2607421875,27.34747886657715,21.673221588134766,145.153
2013-02-24,1572.4000244140625,60.2607421875,27.34747886657715,21.673221588134766,145.153
2013-02-25,1586.199951171875,59.515777587890625,26.975805282592773,21.336532592773438,145.153
2013-02-26,1615.199951171875,59.74014663696289,27.040145874023438,21.548038482666016,145.153
2013-02-27,1595.199951171875,60.3504753112793,27.24026870727539,21.8760986328125,145.153
2013-02-28,1577.699951171875,60.22484588623047,27.225975036621094,21.9840087890625,145.153
2013-03-01,1571.9000244140625,60.476158142089844,27.31889533996582,22.035804748535156,147.953
2013-03-02,1571.9000244140625,60.476158142089844,27.31889533996582,22.035804748535156,147.953
2013-03-03,1571.9000244140625,60.476158142089844,27.31889533996582,22.035804748535156,147.953
2013-03-04,1572.0999755859375,60.74541091918945,27.52617835998535,22.230045318603516,147.953
2013-03-05,1574.5999755859375,61.6429557800293,27.619096755981445,22.454509735107422,147.953
2013-03-06,1574.5999755859375,61.4903678894043,27.554777145385742,22.43724250793457,147.953
2013-03-07,1574.800048828125,61.651893615722656,27.554777145385742,22.47608757019043,147.953
2013-03-08,1576.5999755859375,61.72374725341797,27.604808807373047,22.713497161865234,147.953
2013-03-09,1576.5999755859375,61.72374725341797,27.604808807373047,22.713497161865234,147.953
2013-03-10,1576.5999755859375,61.72374725341797,27.604808807373047,22.713497161865234,147.953
2013-03-11,1577.800048828125,61.90324783325195,27.633398056030273,22.769609451293945,147.953
2013-03-12,1591.5,61.678863525390625,27.604808807373047,22.704858779907227,147.953
2013-03-13,1588.300048828125,61.598087310791016,27.676292419433594,22.83004379272461,147.953
2013-03-14,1590.5999755859375,61.80451202392578,27.76921272277832,22.855939865112305,147.953
2013-03-15,1592.5,61.6326789855957,27.64781379699707,22.768482208251953,147.953
2013-03-16,1592.5,61.6326789855957,27.64781379699707,22.768482208251953,147.953
2013-03-17,1592.5,61.6326789855957,27.64781379699707,22.768482208251953,147.953
2013-03-18,1604.5999755859375,61.49775314331055,27.56161117553711,22.595308303833008,147.953
2013-03-19,1611.300048828125,61.38079071044922,27.791475296020508,22.43511962890625,147.953
2013-03-20,1607.5,61.812625885009766,28.057254791259766,22.69488525390625,147.953
2013-03-21,1613.800048828125,61.11091613769531,27.971059799194336,22.504392623901367,147.953
2013-03-22,1606.199951171875,61.70465850830078,28.22963523864746,22.781476974487305,147.953
2013-03-23,1606.199951171875,61.70465850830078,28.22963523864746,22.781476974487305,147.953
2013-03-24,1606.199951171875,61.70465850830078,28.22963523864746,22.781476974487305,147.953
2013-03-25,1604.5999755859375,61.479732513427734,28.208106994628906,22.742507934570312,147.953
2013-03-26,1595.800048828125,61.812625885009766,28.47386360168457,22.855079650878906,147.953
2013-03-27,1606.199951171875,61.893592834472656,28.452314376831055,22.863731384277344,147.953
2013-03-28,1594.800048828125,62.0465087890625,28.567251205444336,22.946002960205078,147.953
2013-03-29,1594.800048828125,62.0465087890625,28.567251205444336,22.946002960205078,147.953
2013-03-30,1594.800048828125,62.0465087890625,28.567251205444336,22.946002960205078,147.953
2013-03-31,1594.800048828125,62.0465087890625,28.567251205444336,22.946002960205078,147.953
2013-04-01,1600.0,61.62368392944336,28.55289649963379,22.77281379699707,150.963
2013-04-02,1575.0999755859375,62.109466552734375,28.86174964904785,22.963315963745117,150.963
2013-04-03,1552.800048828125,61.54270935058594,28.545705795288086,22.751171112060547,150.963
2013-04-04,1551.800048828125,61.56073760986328,28.69655418395996,22.88105010986328,150.963
2013-04-05,1575.4000244140625,61.04794692993164,28.488245010375977,22.768482208251953,150.963
2013-04-06,1575.4000244140625,61.04794692993164,28.488245010375977,22.768482208251953,150.963
2013-04-07,1575.4000244140625,61.04794692993164,28.488245010375977,22.768482208251953,150.963
2013-04-08,1572.0,61.371788024902344,28.811485290527344,23.028247833251953,150.963
2013-04-09,1586.199951171875,61.785621643066406,28.782756805419922,22.96763801574707,150.963
2013-04-10,1558.300048828125,62.991092681884766,28.99823760986328,23.236066818237305,150.963
2013-04-11,1564.300048828125,62.964111328125,29.134706497192383,23.43089485168457,150.963
2013-04-12,1501.0,62.919151306152344,29.242456436157227,23.556446075439453,150.963
2013-04-13,1501.0,62.919151306152344,29.242456436157227,23.556446075439453,150.963
2013-04-14,1501.0,62.919151306152344,29.242456436157227,23.556446075439453,150.963
2013-04-15,1360.5999755859375,61.67764663696289,28.775558471679688,22.937334060668945,150.963
2013-04-16,1386.800048828125,62.496334075927734,29.314292907714844,23.26637077331543,150.963
2013-04-17,1382.199951171875,61.272865295410156,29.062877655029297,23.028247833251953,150.963
2013-04-18,1392.0,60.42719650268555,29.00542449951172,22.77714729309082,150.963
2013-04-19,1395.300048828125,61.254844665527344,29.45796012878418,23.04990005493164,150.963
2013-04-20,1395.300048828125,61.254844665527344,29.45796012878418,23.04990005493164,150.963
2013-04-21,1395.300048828125,61.254844665527344,29.45796012878418,23.04990005493164,150.963
2013-04-22,1421.0,61.88459396362305,29.52978515625,23.149478912353516,150.963
2013-04-23,1408.5999755859375,62.47834777832031,29.759654998779297,23.383264541625977,150.963
2013-04-24,1423.4000244140625,62.45132827758789,29.28556251525879,23.40058708190918,150.963
2013-04-25,1461.800048828125,62.784202575683594,29.37894058227539,23.59973907470703,150.963
2013-04-26,1453.5999755859375,62.586299896240234,29.371761322021484,23.495830535888672,150.963
2013-04-27,1453.5999755859375,62.586299896240234,29.371761322021484,23.495830535888672,150.963
2013-04-28,1453.5999755859375,62.586299896240234,29.371761322021484,23.495830535888672,150.963
2013-04-29,1467.4000244140625,63.16200256347656,29.46514320373535,23.578096389770508,150.963
2013-04-30,1472.199951171875,63.62083053588867,29.407665252685547,23.64303207397461,150.963
2013-05-01,1446.300048828125,63.3239631652832,29.37894058227539,23.517475128173828,153.852
2013-05-02,1467.699951171875,64.12461853027344,29.48668670654297,23.746936798095703,153.852
2013-05-03,1464.300048828125,64.88031768798828,29.61598777770996,24.045671463012695,153.852
2013-05-04,1464.300048828125,64.88031768798828,29.61598777770996,24.045671463012695,153.852
2013-05-05,1464.300048828125,64.88031768798828,29.61598777770996,24.045671463012695,153.852
2013-05-06,1468.0999755859375,65.13219451904297,29.40049171447754,24.12360191345215,153.852
2013-05-07,1449.0,65.0962142944336,29.62317657470703,24.32708168029785,153.852
2013-05-08,1473.9000244140625,65.41107177734375,29.659086227416992,24.344406127929688,153.852
2013-05-09,1468.800048828125,65.32109832763672,29.450769424438477,24.3877010345459,153.852
2013-05-10,1436.800048828125,65.7169418334961,29.56570816040039,24.578197479248047,153.852
2013-05-11,1436.800048828125,65.7169418334961,29.56570816040039,24.578197479248047,153.852
2013-05-12,1436.800048828125,65.7169418334961,29.56570816040039,24.578197479248047,153.852
2013-05-13,1434.5,65.79788208007812,29.61598777770996,24.58251953125,153.852
2013-05-14,1424.699951171875,66.1397476196289,29.967958450317383,24.83363151550293,153.852
2013-05-15,1396.5,66.27470397949219,30.26247215270996,24.96784019470215,153.852
2013-05-16,1387.0999755859375,66.2027587890625,30.082895278930664,24.677770614624023,153.852
2013-05-17,1364.9000244140625,66.84146118164062,30.125988006591797,24.91588020324707,153.852
2013-05-18,1364.9000244140625,66.84146118164062,30.125988006591797,24.91588020324707,153.852
2013-05-19,1364.9000244140625,66.84146118164062,30.125988006591797,24.91588020324707,153.852
2013-05-20,1384.300048828125,66.74250030517578,29.817110061645508,24.84228515625,153.852
2013-05-21,1377.800048828125,66.81449127197266,29.845848083496094,24.954851150512695,153.852
2013-05-22,1367.5999755859375,66.2297134399414,29.79557228088379,24.716726303100586,153.852
2013-05-23,1392.0,66.07677459716797,29.673452377319336,24.664779663085938,153.852
2013-05-24,1386.800048828125,66.04078674316406,29.953598022460938,24.591184616088867,153.852
2013-05-25,1386.800048828125,66.04078674316406,29.953598022460938,24.591184616088867,153.852
2013-05-26,1386.800048828125,66.04078674316406,29.953598022460938,24.591184616088867,153.852
2013-05-27,1386.800048828125,66.04078674316406,29.953598022460938,24.591184616088867,153.852
2013-05-28,1379.0999755859375,66.47262573242188,30.003873825073242,24.829299926757812,153.852
2013-05-29,1391.300048828125,66.15774536132812,29.42922592163086,24.5738582611084,153.852
2013-05-30,1411.5,66.50862884521484,29.314292907714844,24.5738582611084,153.852
2013-05-31,1392.5999755859375,65.89689636230469,28.768381118774414,24.296781539916992,153.852
2013-06-01,1392.5999755859375,65.89689636230469,28.768381118774414,24.296781539916992,156.418
2013-06-02,1392.5999755859375,65.89689636230469,28.768381118774414,24.296781539916992,156.418
2013-06-03,1411.699951171875,66.01382446289062,29.084430694580078,24.40500259399414,156.418
2013-06-04,1397.0999755859375,65.67196655273438,29.09161949157715,24.31841468811035,156.418
2013-06-05,1398.4000244140625,64.81732177734375,28.739633560180664,23.915794372558594,156.418
2013-06-06,1415.699951171875,65.13219451904297,28.86174964904785,24.166898727416992,156.418
2013-06-07,1383.0,66.0228042602539,29.220909118652344,24.608491897583008,156.418
2013-06-08,1383.0,66.0228042602539,29.220909118652344,24.608491897583008,156.418
2013-06-09,1383.0,66.0228042602539,29.220909118652344,24.608491897583008,156.418
2013-06-10,1386.199951171875,66.04978942871094,29.220909118652344,24.534896850585938,156.418
2013-06-11,1377.0,65.39310455322266,29.149085998535156,24.29244613647461,156.418
2013-06-12,1391.800048828125,64.63742065429688,29.00542449951172,24.02402114868164,156.418
2013-06-13,1377.5999755859375,65.45603942871094,29.3071231842041,24.474285125732422,156.418
2013-06-14,1387.300048828125,65.02423858642578,29.235280990600586,24.396352767944336,156.418
2013-06-15,1387.300048828125,65.02423858642578,29.235280990600586,24.396352767944336,156.418
2013-06-16,1387.300048828125,65.02423858642578,29.235280990600586,24.396352767944336,156.418
2013-06-17,1382.800048828125,65.65396118164062,29.49386978149414,24.53057289123535,156.418
2013-06-18,1366.5999755859375,66.19374084472656,29.601621627807617,24.78166961669922,156.418
2013-06-19,1373.5999755859375,65.45603942871094,29.012609481811523,24.500261306762695,156.418
2013-06-20,1285.9000244140625,63.89973068237305,28.136249542236328,23.85950469970703,156.418
2013-06-21,1291.5999755859375,63.5604248046875,28.507890701293945,23.905548095703125,156.418
2013-06-22,1291.5999755859375,63.5604248046875,28.507890701293945,23.905548095703125,156.418
2013-06-23,1291.5999755859375,63.5604248046875,28.507890701293945,23.905548095703125,156.418
2013-06-24,1276.800048828125,62.92866897583008,28.3922119140625,23.68838119506836,156.418
2013-06-25,1274.800048828125,63.388946533203125,28.43558120727539,23.901195526123047,156.418
2013-06-26,1229.5999755859375,63.957496643066406,28.73201560974121,24.200883865356445,156.418
2013-06-27,1211.4000244140625,64.22821807861328,28.86216163635254,24.409366607666016,156.418
2013-06-28,1223.800048828125,64.3184585571289,28.68140983581543,24.496232986450195,156.418
2013-06-29,1223.800048828125,64.3184585571289,28.68140983581543,24.496232986450195,156.418
2013-06-30,1223.800048828125,64.3184585571289,28.68140983581543,24.496232986450195,156.418
2013-07-01,1255.9000244140625,64.71554565429688,28.891080856323242,24.665626525878906,158.276
2013-07-02,1243.5999755859375,64.74259948730469,28.92721939086914,24.709054946899414,158.276
2013-07-03,1252.0999755859375,65.00431823730469,28.869400024414062,24.82198143005371,158.276
2013-07-04,1252.0999755859375,65.00431823730469,28.869400024414062,24.82198143005371,158.276
2013-07-05,1212.9000244140625,65.50068664550781,28.941680908203125,25.091262817382812,158.276
2013-07-06,1212.9000244140625,65.50068664550781,28.941680908203125,25.091262817382812,158.276
2013-07-07,1212.9000244140625,65.50068664550781,28.941680908203125,25.091262817382812,158.276
2013-07-08,1234.9000244140625,65.56385803222656,29.230897903442383,25.325809478759766,158.276
2013-07-09,1245.9000244140625,65.9609375,29.447786331176758,25.425701141357422,158.276
2013-07-10,1247.4000244140625,66.3399887084961,29.483938217163086,25.45176124572754,158.276
2013-07-11,1280.0999755859375,67.6575698852539,29.9466552734375,25.816598892211914,158.276
2013-07-12,1277.800048828125,67.95537567138672,29.953886032104492,25.938215255737305,158.276
2013-07-13,1277.800048828125,67.95537567138672,29.953886032104492,25.938215255737305,158.276
2013-07-14,1277.800048828125,67.95537567138672,29.953886032104492,25.938215255737305,158.276
2013-07-15,1283.800048828125,68.10880279541016,29.99726676940918,25.873062133789062,158.276
2013-07-16,1290.800048828125,68.01853942871094,29.88882827758789,25.73407554626465,158.276
2013-07-17,1277.9000244140625,68.19000244140625,29.9466552734375,25.747106552124023,158.276
2013-07-18,1284.5999755859375,68.01853942871094,30.047880172729492,25.894775390625,158.276
2013-07-19,1293.300048828125,67.31465148925781,30.22139549255371,25.873062133789062,158.276
2013-07-20,1293.300048828125,67.31465148925781,30.22139549255371,25.873062133789062,158.276
2013-07-21,1293.300048828125,67.31465148925781,30.22139549255371,25.873062133789062,158.276
2013-07-22,1336.4000244140625,67.5131607055664,30.156320571899414,25.855682373046875,158.276
2013-07-23,1335.0999755859375,67.01683807373047,30.098474502563477,25.820941925048828,158.276
2013-07-24,1319.699951171875,67.23340606689453,29.903276443481445,25.73407554626465,158.276
2013-07-25,1329.0,67.6575698852539,30.06233787536621,25.76882553100586,158.276
2013-07-26,1321.699951171875,68.01853942871094,30.026180267333984,25.851348876953125,158.276
2013-07-27,1321.699951171875,68.01853942871094,30.026180267333984,25.851348876953125,158.276
2013-07-28,1321.699951171875,68.01853942871094,30.026180267333984,25.851348876953125,158.276
2013-07-29,1328.4000244140625,67.89222717285156,29.961116790771484,25.71670150756836,158.276
2013-07-30,1324.0,68.25318908691406,29.932207107543945,25.651554107666016,158.276
2013-07-31,1312.4000244140625,68.3795394897461,29.924964904785156,25.786190032958984,158.276
2013-08-01,1311.0,69.07442474365234,30.17079734802246,26.185779571533203,159.382
2013-08-02,1310.5999755859375,69.4625015258789,30.185253143310547,26.37254524230957,159.382
2013-08-03,1310.5999755859375,69.4625015258789,30.185253143310547,26.37254524230957,159.382
2013-08-04,1310.5999755859375,69.4625015258789,30.185253143310547,26.37254524230957,159.382
2013-08-05,1302.5999755859375,69.50763702392578,30.20693588256836,26.316076278686523,159.382
2013-08-06,1283.199951171875,69.09249114990234,30.17079734802246,26.207494735717773,159.382
2013-08-07,1286.0999755859375,68.96611022949219,30.026180267333984,25.97730255126953,159.382
2013-08-08,1310.699951171875,69.30908203125,30.185253143310547,26.151033401489258,159.382
2013-08-09,1312.9000244140625,69.02928924560547,30.055103302001953,26.09457015991211,159.382
2013-08-10,1312.9000244140625,69.02928924560547,30.055103302001953,26.09457015991211,159.382
2013-08-11,1312.9000244140625,69.02928924560547,30.055103302001953,26.09457015991211,159.382
2013-08-12,1334.699951171875,69.19176483154297,29.96835708618164,26.059833526611328,159.382
2013-08-13,1321.199951171875,69.57978820800781,29.990034103393555,26.059833526611328,159.382
2013-08-14,1334.0,69.31807708740234,29.780364990234375,25.773162841796875,159.382
2013-08-15,1361.5999755859375,68.14491271972656,29.303186416625977,25.321456909179688,159.382
2013-08-16,1371.699951171875,68.11785125732422,29.12966537475586,25.23025131225586,159.382
2013-08-17,1371.699951171875,68.11785125732422,29.12966537475586,25.23025131225586,159.382
2013-08-18,1371.699951171875,68.11785125732422,29.12966537475586,25.23025131225586,159.382
2013-08-19,1366.199951171875,68.0005111694336,28.999540328979492,25.121675491333008,159.382
2013-08-20,1373.0999755859375,68.2983169555664,29.006746292114258,25.377925872802734,159.382
2013-08-21,1370.5999755859375,68.06367492675781,28.782623291015625,25.160755157470703,159.382
2013-08-22,1371.199951171875,68.73149108886719,28.90553855895996,25.412673950195312,159.382
2013-08-23,1395.699951171875,69.19176483154297,29.07183074951172,25.417016983032227,159.382
2013-08-24,1395.699951171875,69.19176483154297,29.07183074951172,25.417016983032227,159.382
2013-08-25,1395.699951171875,69.19176483154297,29.07183074951172,25.417016983032227,159.382
2013-08-26,1393.0,69.22781372070312,28.73201560974121,25.36489486694336,159.382
2013-08-27,1420.5999755859375,67.81099700927734,28.58018684387207,24.95227813720703,159.382
2013-08-28,1419.0,68.07267761230469,28.363290786743164,25.08692169189453,159.382
2013-08-29,1412.9000244140625,68.55103302001953,28.478973388671875,25.208532333374023,159.382
2013-08-30,1396.0999755859375,68.10880279541016,28.56574058532715,25.05217933654785,159.382
2013-08-31,1396.0999755859375,68.10880279541016,28.56574058532715,25.05217933654785,159.382
2013-09-01,1396.0999755859375,68.10880279541016,28.56574058532715,25.05217933654785,159.662
2013-09-02,1396.0999755859375,68.10880279541016,28.56574058532715,25.05217933654785,159.662
2013-09-03,1412.0,68.49688720703125,28.544031143188477,25.23025131225586,159.662
2013-09-04,1389.9000244140625,69.22781372070312,28.72478675842285,25.495193481445312,159.662
2013-09-05,1373.0999755859375,69.34515380859375,28.68140983581543,25.50388526916504,159.662
2013-09-06,1386.699951171875,69.4263916015625,28.75370979309082,25.47347640991211,159.662
2013-09-07,1386.699951171875,69.4263916015625,28.75370979309082,25.47347640991211,159.662
2013-09-08,1386.699951171875,69.4263916015625,28.75370979309082,25.47347640991211,159.662
2013-09-09,1386.800048828125,70.23861694335938,28.956153869628906,25.699323654174805,159.662
2013-09-10,1364.0999755859375,70.58152770996094,28.985063552856445,25.9469051361084,159.662
2013-09-11,1363.9000244140625,70.44615173339844,29.194740295410156,26.138002395629883,159.662
2013-09-12,1330.4000244140625,70.40106964111328,29.20197105407715,26.077190399169922,159.662
2013-09-13,1308.4000244140625,70.44615173339844,29.4405574798584,26.151033401489258,159.662
2013-09-14,1308.4000244140625,70.44615173339844,29.4405574798584,26.151033401489258,159.662
2013-09-15,1308.4000244140625,70.44615173339844,29.4405574798584,26.151033401489258,159.662
2013-09-16,1317.9000244140625,70.25666809082031,29.70806884765625,26.268299102783203,159.662
2013-09-17,1309.5,70.7259292602539,29.809288024902344,26.420312881469727,159.662
2013-09-18,1307.800048828125,71.57422637939453,30.163551330566406,26.724349975585938,159.662
2013-09-19,1369.4000244140625,71.74571990966797,30.026180267333984,26.71566390991211,159.662
2013-09-20,1332.5,71.49952697753906,29.815919876098633,26.554487228393555,159.662
2013-09-21,1332.5,71.49952697753906,29.815919876098633,26.554487228393555,159.662
2013-09-22,1332.5,71.49952697753906,29.815919876098633,26.554487228393555,159.662
2013-09-23,1326.9000244140625,71.35466766357422,29.68496322631836,26.34975242614746,159.662
2013-09-24,1316.0,71.35466766357422,29.546716690063477,26.419450759887695,159.662
2013-09-25,1335.9000244140625,71.11028289794922,29.299335479736328,26.258272171020508,159.662
2013-09-26,1323.5999755859375,71.6624526977539,29.452136993408203,26.506572723388672,159.662
2013-09-27,1338.4000244140625,71.57191467285156,29.270240783691406,26.51093292236328,159.662
2013-09-28,1338.4000244140625,71.57191467285156,29.270240783691406,26.51093292236328,159.662
2013-09-29,1338.4000244140625,71.57191467285156,29.270240783691406,26.51093292236328,159.662
2013-09-30,1326.5,71.39991760253906,28.95738410949707,26.410743713378906,159.662
2013-10-01,1286.0,72.12407684326172,29.131999969482422,26.624181747436523,159.549
2013-10-02,1320.5999755859375,72.09691619873047,29.0665225982666,26.61547088623047,159.549
2013-10-03,1317.4000244140625,71.255126953125,28.921005249023438,26.31490707397461,159.549
2013-10-04,1309.699951171875,71.87061309814453,28.96466064453125,26.563199996948242,159.549
2013-10-05,1309.699951171875,71.87061309814453,28.96466064453125,26.563199996948242,159.549
2013-10-06,1309.699951171875,71.87061309814453,28.96466064453125,26.563199996948242,159.549
2013-10-07,1324.800048828125,71.27320861816406,28.87007713317871,26.18857192993164,159.549
2013-10-08,1324.199951171875,69.8973617553711,28.87007713317871,25.774749755859375,159.549
2013-10-09,1306.9000244140625,69.68012237548828,28.89190101623535,25.65715217590332,159.549
2013-10-10,1296.5999755859375,71.15556335449219,29.430309295654297,26.25391960144043,159.549
2013-10-11,1268.0,71.71674346923828,29.51761245727539,26.480438232421875,159.549
2013-10-12,1268.0,71.71674346923828,29.51761245727539,26.480438232421875,159.549
2013-10-13,1268.0,71.71674346923828,29.51761245727539,26.480438232421875,159.549
2013-10-14,1276.4000244140625,72.2236557006836,29.641305923461914,26.58933448791504,159.549
2013-10-15,1273.0,71.94304656982422,29.372100830078125,26.33668327331543,159.549
2013-10-16,1282.0,72.75769805908203,29.80864906311035,26.663389205932617,159.549
2013-10-17,1322.699951171875,73.174072265625,30.143329620361328,26.859407424926758,159.549
2013-10-18,1314.4000244140625,74.35986328125,30.186975479125977,27.024940490722656,159.549
2013-10-19,1314.4000244140625,74.35986328125,30.186975479125977,27.024940490722656,159.549
2013-10-20,1314.4000244140625,74.35986328125,30.186975479125977,27.024940490722656,159.549
2013-10-21,1315.699951171875,74.52281188964844,30.121505737304688,27.094642639160156,159.549
2013-10-22,1342.5,74.63140869140625,30.499832153320312,27.277585983276367,159.549
2013-10-23,1333.9000244140625,74.17881774902344,30.55805015563965,27.103355407714844,159.549
2013-10-24,1350.199951171875,74.50466918945312,30.499832153320312,27.37342643737793,159.549
2013-10-25,1352.4000244140625,75.03874206542969,30.57259178161621,27.578149795532227,159.549
2013-10-26,1352.4000244140625,75.03874206542969,30.57259178161621,27.578149795532227,159.549
2013-10-27,1352.4000244140625,75.03874206542969,30.57259178161621,27.578149795532227,159.549
2013-10-28,1352.0,75.05685424804688,30.97275733947754,27.525880813598633,159.549
2013-10-29,1345.199951171875,75.1835708618164,31.241943359375,27.687061309814453,159.549
2013-10-30,1349.0,75.11116027832031,30.97275733947754,27.55202293395996,159.549
2013-10-31,1323.5999755859375,74.93917846679688,30.812692642211914,27.62171745300293,159.549
2013-11-01,1313.0999755859375,74.9572525024414,30.929094314575195,27.687061309814453,159.361
2013-11-02,1313.0999755859375,74.9572525024414,30.929094314575195,27.687061309814453,159.361
2013-11-03,1313.0999755859375,74.9572525024414,30.929094314575195,27.687061309814453,159.361
2013-11-04,1314.5999755859375,75.06586456298828,30.958189010620117,27.782896041870117,159.361
2013-11-05,1308.0,75.14735412597656,31.016408920288086,27.782896041870117,159.361
2013-11-06,1317.699951171875,75.12925720214844,31.35108757019043,27.71319580078125,159.361
2013-11-07,1308.4000244140625,73.71720123291016,30.892719268798828,27.138202667236328,159.361
2013-11-08,1284.5,74.71289825439453,31.04551124572754,27.569440841674805,159.361
2013-11-09,1284.5,74.71289825439453,31.04551124572754,27.569440841674805,159.361
2013-11-10,1284.5,74.71289825439453,31.04551124572754,27.569440841674805,159.361
2013-11-11,1281.0,74.59520721435547,30.950927734375,27.61301040649414,159.361
2013-11-12,1271.0999755859375,74.71289825439453,31.001855850219727,27.56509017944336,159.361
2013-11-13,1268.300048828125,75.61808013916016,31.263784408569336,28.00069808959961,159.361
2013-11-14,1286.199951171875,75.85338592529297,31.489337921142578,28.196720123291016,159.361
2013-11-15,1287.300048828125,75.99821472167969,31.52570343017578,28.292551040649414,159.361
2013-11-16,1287.300048828125,75.99821472167969,31.52570343017578,28.292551040649414,159.361
2013-11-17,1287.300048828125,75.99821472167969,31.52570343017578,28.292551040649414,159.361
2013-11-18,1272.199951171875,75.25596618652344,31.431123733520508,28.07040023803711,159.361
2013-11-19,1273.4000244140625,75.03874206542969,31.31472396850586,27.948427200317383,159.361
2013-11-20,1257.9000244140625,74.8576889038086,31.183765411376953,27.804677963256836,159.361
2013-11-21,1243.5,75.61808013916016,31.241943359375,28.09217643737793,159.361
2013-11-22,1244.0,76.02535247802734,31.402027130126953,28.248991012573242,159.361
2013-11-23,1244.0,76.02535247802734,31.402027130126953,28.248991012573242,159.361
2013-11-24,1244.0,76.02535247802734,31.402027130126953,28.248991012573242,159.361
2013-11-25,1241.0999755859375,76.20639038085938,31.35108757019043,28.275127410888672,159.361
2013-11-26,1241.4000244140625,76.60466003417969,31.32198715209961,28.44066047668457,159.361
2013-11-27,1237.800048828125,77.13876342773438,31.34382438659668,28.549564361572266,159.361
2013-11-28,1237.800048828125,77.13876342773438,31.34382438659668,28.549564361572266,159.361
2013-11-29,1250.5999755859375,77.60037994384766,31.292884826660156,28.575698852539062,159.361
2013-11-30,1250.5999755859375,77.60037994384766,31.292884826660156,28.575698852539062,159.361
2013-12-01,1250.5999755859375,77.60037994384766,31.292884826660156,28.575698852539062,159.278
2013-12-02,1222.300048828125,77.37406921386719,31.12554931640625,28.44066047668457,159.278
2013-12-03,1221.699951171875,77.31073760986328,31.278337478637695,28.17057991027832,159.278
2013-12-04,1248.199951171875,77.38314819335938,31.205570220947266,28.105241775512695,159.278
2013-12-05,1233.199951171875,77.28358459472656,30.92182731628418,28.13573455810547,159.278
2013-12-06,1230.300048828125,77.84475708007812,31.34382438659668,28.370956420898438,159.278
2013-12-07,1230.300048828125,77.84475708007812,31.34382438659668,28.370956420898438,159.278
2013-12-08,1230.300048828125,77.84475708007812,31.34382438659668,28.370956420898438,159.278
2013-12-09,1235.300048828125,78.16157531738281,31.452953338623047,28.34918212890625,159.278
2013-12-10,1262.4000244140625,78.10726165771484,31.183765411376953,28.36660385131836,159.278
2013-12-11,1258.5,77.1025390625,31.23468780517578,28.105241775512695,159.278
2013-12-12,1226.0,76.90340423583984,30.8054141998291,28.018115997314453,159.278
2013-12-13,1235.699951171875,76.8038101196289,30.754491806030273,28.087820053100586,159.278
2013-12-14,1235.699951171875,76.8038101196289,30.754491806030273,28.087820053100586,159.278
2013-12-15,1235.699951171875,76.8038101196289,30.754491806030273,28.087820053100586,159.278
2013-12-16,1245.5,77.22925567626953,30.747211456298828,28.270767211914062,159.278
2013-12-17,1231.199951171875,77.07538604736328,30.601699829101562,28.196720123291016,159.278
2013-12-18,1236.0999755859375,77.97151947021484,31.110998153686523,28.61490249633789,159.278
2013-12-19,1195.0,77.75423431396484,31.052797317504883,28.597488403320312,159.278
2013-12-20,1205.0999755859375,78.54605865478516,31.193531036376953,28.716440200805664,159.278
2013-12-21,1205.0999755859375,78.54605865478516,31.193531036376953,28.716440200805664,159.278
2013-12-22,1205.0999755859375,78.54605865478516,31.193531036376953,28.716440200805664,159.278
2013-12-23,1198.4000244140625,79.3724136352539,31.164213180541992,28.843259811401367,159.278
2013-12-24,1205.0999755859375,79.40870666503906,31.208208084106445,28.904502868652344,159.278
2013-12-25,1205.0999755859375,79.40870666503906,31.208208084106445,28.904502868652344,159.278
2013-12-26,1214.0999755859375,79.67206573486328,31.332847595214844,29.118799209594727,159.278
2013-12-27,1216.0999755859375,79.47227478027344,31.406143188476562,28.983213424682617,159.278
2013-12-28,1216.0999755859375,79.47227478027344,31.406143188476562,28.983213424682617,159.278
2013-12-29,1216.0999755859375,79.47227478027344,31.406143188476562,28.983213424682617,159.278
2013-12-30,1203.0999755859375,79.3542251586914,31.486783981323242,29.11442756652832,159.278
2013-12-31,1201.9000244140625,79.871826171875,31.50878143310547,29.228145599365234,159.278
2014-01-01,1201.9000244140625,79.871826171875,31.50878143310547,29.228145599365234,159.365
2014-01-02,1225.0,79.24528503417969,31.120235443115234,29.092554092407227,159.365
2014-01-03,1238.4000244140625,78.6731948852539,31.061586380004883,29.013830184936523,159.365
2014-01-04,1238.4000244140625,78.6731948852539,31.061586380004883,29.013830184936523,159.365
2014-01-05,1238.4000244140625,78.6731948852539,31.061586380004883,29.013830184936523,159.365
2014-01-06,1237.800048828125,78.38262176513672,30.944303512573242,28.834516525268555,159.365
2014-01-07,1229.4000244140625,79.10906219482422,31.112913131713867,29.009458541870117,159.365
2014-01-08,1225.300048828125,79.28160858154297,30.878324508666992,28.930736541748047,159.365
2014-01-09,1229.300048828125,79.01828002929688,31.039594650268555,28.92636489868164,159.365
2014-01-10,1246.699951171875,79.27250671386719,31.083581924438477,29.013830184936523,159.365
2014-01-11,1246.699951171875,79.27250671386719,31.083581924438477,29.013830184936523,159.365
2014-01-12,1246.699951171875,79.27250671386719,31.083581924438477,29.013830184936523,159.365
2014-01-13,1250.9000244140625,78.10111999511719,30.907630920410156,28.432161331176758,159.365
2014-01-14,1245.199951171875,79.5903091430664,31.06892204284668,28.677072525024414,159.365
2014-01-15,1238.0999755859375,80.24413299560547,31.07624626159668,28.747045516967773,159.365
2014-01-16,1240.0,80.25321197509766,31.083581924438477,28.59396743774414,159.365
2014-01-17,1251.699951171875,79.79918670654297,30.84165382385254,28.46714973449707,159.365
2014-01-18,1251.699951171875,79.79918670654297,30.84165382385254,28.46714973449707,159.365
2014-01-19,1251.699951171875,79.79918670654297,30.84165382385254,28.46714973449707,159.365
2014-01-20,1251.699951171875,79.79918670654297,30.84165382385254,28.46714973449707,159.365
2014-01-21,1242.300048828125,80.4075927734375,30.958959579467773,28.44091033935547,159.365
2014-01-22,1239.0,80.61640930175781,30.958959579467773,28.515254974365234,159.365
2014-01-23,1262.5999755859375,80.34400177001953,30.68770408630371,28.314064025878906,159.365
2014-01-24,1264.5,78.76402282714844,30.409133911132812,27.771759033203125,159.365
2014-01-25,1264.5,78.76402282714844,30.409133911132812,27.771759033203125,159.365
2014-01-26,1264.5,78.76402282714844,30.409133911132812,27.771759033203125,159.365
2014-01-27,1263.5999755859375,78.00123596191406,30.28449249267578,27.66242027282715,159.365
2014-01-28,1251.0,77.95584869384766,30.519086837768555,27.854854583740234,159.365
2014-01-29,1262.199951171875,77.12044525146484,29.983936309814453,27.408756256103516,159.365
2014-01-30,1242.199951171875,78.54605865478516,30.027917861938477,27.86797523498535,159.365
2014-01-31,1240.0999755859375,78.33722686767578,29.88129425048828,27.4743595123291,159.365
2014-02-01,1240.0999755859375,78.33722686767578,29.88129425048828,27.4743595123291,159.866
2014-02-02,1240.0999755859375,78.33722686767578,29.88129425048828,27.4743595123291,159.866
2014-02-03,1260.4000244140625,76.53926849365234,29.236164093017578,26.752729415893555,159.866
2014-02-04,1251.699951171875,77.1022720336914,29.390111923217773,27.08073616027832,159.866
2014-02-05,1257.300048828125,76.90249633789062,29.412092208862305,27.115732192993164,159.866
2014-02-06,1257.5999755859375,77.8831787109375,29.727344512939453,27.68866539001465,159.866
2014-02-07,1263.300048828125,79.27250671386719,30.005916595458984,28.0297908782959,159.866
2014-02-08,1263.300048828125,79.27250671386719,30.005916595458984,28.0297908782959,159.866
2014-02-09,1263.300048828125,79.27250671386719,30.005916595458984,28.0297908782959,159.866
2014-02-10,1274.800048828125,79.72651672363281,30.123226165771484,28.01230812072754,159.866
2014-02-11,1290.0999755859375,80.63457489013672,30.475101470947266,28.217859268188477,159.866
2014-02-12,1295.300048828125,80.78897094726562,30.343151092529297,28.244098663330078,159.866
2014-02-13,1300.4000244140625,81.38825988769531,30.49710464477539,28.33156394958496,159.866
2014-02-14,1319.0,81.55171203613281,30.673051834106445,28.50213623046875,159.866
2014-02-15,1319.0,81.55171203613281,30.673051834106445,28.50213623046875,159.866
2014-02-16,1319.0,81.55171203613281,30.673051834106445,28.50213623046875,159.866
2014-02-17,1319.0,81.55171203613281,30.673051834106445,28.50213623046875,159.866
2014-02-18,1324.699951171875,81.95124053955078,30.49710464477539,28.537126541137695,159.866
2014-02-19,1320.5999755859375,81.38825988769531,30.431119918823242,28.305326461791992,159.866
2014-02-20,1317.0999755859375,81.76963806152344,30.56307601928711,28.458396911621094,159.866
2014-02-21,1323.9000244140625,81.66069030761719,30.49710464477539,28.515254974365234,159.866
2014-02-22,1323.9000244140625,81.66069030761719,30.49710464477539,28.515254974365234,159.866
2014-02-23,1323.9000244140625,81.66069030761719,30.49710464477539,28.515254974365234,159.866
2014-02-24,1338.300048828125,82.0965347290039,30.607070922851562,28.633342742919922,159.866
2014-02-25,1343.0,82.00574493408203,30.724355697631836,28.834516525268555,159.866
2014-02-26,1328.199951171875,81.93309783935547,30.69504165649414,28.9963321685791,159.866
2014-02-27,1331.5999755859375,82.46468353271484,30.83432960510254,29.11442756652832,159.866
2014-02-28,1321.4000244140625,82.37348937988281,31.04692840576172,29.232521057128906,159.866
2014-03-01,1321.4000244140625,82.37348937988281,31.04692840576172,29.232521057128906,161.179
2014-03-02,1321.4000244140625,82.37348937988281,31.04692840576172,29.232521057128906,161.179
2014-03-03,1350.0999755859375,81.76258850097656,30.878324508666992,28.956974029541016,161.179
2014-03-04,1337.800048828125,82.80203247070312,31.296175003051758,29.319984436035156,161.179
2014-03-05,1340.199951171875,83.0300064086914,31.193531036376953,29.44243812561035,161.179
2014-03-06,1351.699951171875,82.95706176757812,31.18621826171875,29.51679229736328,161.179
2014-03-07,1338.0999755859375,82.54671478271484,31.274200439453125,29.473058700561523,161.179
2014-03-08,1338.0999755859375,82.54671478271484,31.274200439453125,29.473058700561523,161.179
2014-03-09,1338.0999755859375,82.54671478271484,31.274200439453125,29.473058700561523,161.179
2014-03-10,1341.4000244140625,82.61966705322266,31.303499221801758,29.394332885742188,161.179
2014-03-11,1346.5,82.26409149169922,31.28885269165039,29.223766326904297,161.179
2014-03-12,1370.300048828125,82.5740737915039,31.354827880859375,29.180021286010742,161.179
2014-03-13,1372.199951171875,81.40696716308594,31.200881958007812,28.825773239135742,161.179
2014-03-14,1379.0,80.85074615478516,31.215545654296875,28.799531936645508,161.179
2014-03-15,1379.0,80.85074615478516,31.215545654296875,28.799531936645508,161.179
2014-03-16,1379.0,80.85074615478516,31.215545654296875,28.799531936645508,161.179
2014-03-17,1372.9000244140625,81.56197357177734,31.398813247680664,28.99197006225586,161.179
2014-03-18,1359.0,82.54671478271484,31.46478843688965,29.118799209594727,161.179
2014-03-19,1341.4000244140625,82.0999526977539,31.222883224487305,28.92636489868164,161.179
2014-03-20,1330.5,82.32791900634766,31.332847595214844,29.00071144104004,161.179
2014-03-21,1336.0,81.33723449707031,31.315149307250977,28.815580368041992,161.179
2014-03-22,1336.0,81.33723449707031,31.315149307250977,28.815580368041992,161.179
2014-03-23,1336.0,81.33723449707031,31.315149307250977,28.815580368041992,161.179
2014-03-24,1311.199951171875,80.6243896484375,31.285680770874023,28.526012420654297,161.179
2014-03-25,1311.4000244140625,80.8894271850586,31.514097213745117,28.35490608215332,161.179
2014-03-26,1303.4000244140625,79.84756469726562,31.440410614013672,28.126768112182617,161.179
2014-03-27,1294.699951171875,79.39974212646484,31.418306350708008,27.990764617919922,161.179
2014-03-28,1293.800048828125,79.55513000488281,31.49936294555664,28.201358795166016,161.179
2014-03-29,1293.800048828125,79.55513000488281,31.49936294555664,28.201358795166016,161.179
2014-03-30,1293.800048828125,79.55513000488281,31.49936294555664,28.201358795166016,161.179
2014-03-31,1283.4000244140625,80.12173461914062,31.72777557373047,28.394397735595703,161.179
2014-04-01,1279.5999755859375,81.52915954589844,31.676191329956055,28.789255142211914,162.955
2014-04-02,1290.5,81.73934936523438,31.71303939819336,28.982282638549805,162.955
2014-04-03,1284.4000244140625,81.09049224853516,31.749887466430664,28.841896057128906,162.955
2014-04-04,1303.199951171875,78.93366241455078,31.646724700927734,28.363683700561523,162.955
2014-04-05,1303.199951171875,78.93366241455078,31.646724700927734,28.363683700561523,162.955
2014-04-06,1303.199951171875,78.93366241455078,31.646724700927734,28.363683700561523,162.955
2014-04-07,1298.0,78.18427276611328,31.676191329956055,27.810882568359375,162.955
2014-04-08,1308.699951171875,78.90626525878906,31.83829689025879,28.091672897338867,162.955
2014-04-09,1305.5,80.25884246826172,31.978296279907227,28.394397735595703,162.955
2014-04-10,1320.0999755859375,77.77301025390625,31.661466598510742,27.68803596496582,162.955
2014-04-11,1318.699951171875,76.86825561523438,31.49936294555664,27.30634880065918,162.955
2014-04-12,1318.699951171875,76.86825561523438,31.49936294555664,27.30634880065918,162.955
2014-04-13,1318.699951171875,76.86825561523438,31.49936294555664,27.30634880065918,162.955
2014-04-14,1327.199951171875,77.471435546875,31.749887466430664,27.52132797241211,162.955
2014-04-15,1300.0,77.72733306884766,31.83094024658203,27.55642318725586,162.955
2014-04-16,1303.0999755859375,78.7600326538086,32.140411376953125,27.942506790161133,162.955
2014-04-17,1293.4000244140625,78.77830505371094,32.14777374267578,27.97760581970215,162.955
2014-04-18,1293.4000244140625,78.77830505371094,32.14777374267578,27.97760581970215,162.955
2014-04-19,1293.4000244140625,78.77830505371094,32.14777374267578,27.97760581970215,162.955
2014-04-20,1293.4000244140625,78.77830505371094,32.14777374267578,27.97760581970215,162.955
2014-04-21,1288.0,79.36320495605469,32.162513732910156,28.05219078063965,162.955
2014-04-22,1280.5999755859375,79.99381256103516,32.14777374267578,28.293487548828125,162.955
2014-04-23,1284.199951171875,79.29011535644531,32.09619903564453,28.161861419677734,162.955
2014-04-24,1290.5,80.04862213134766,32.22144317626953,28.31542205810547,162.955
2014-04-25,1300.699951171875,78.7691879272461,32.265655517578125,27.832822799682617,162.955
2014-04-26,1300.699951171875,78.7691879272461,32.265655517578125,27.832822799682617,162.955
2014-04-27,1300.699951171875,78.7691879272461,32.265655517578125,27.832822799682617,162.955
2014-04-28,1298.9000244140625,79.02509307861328,32.63408279418945,27.76262092590332,162.955
2014-04-29,1296.0,79.65567779541016,32.494083404541016,27.889854431152344,162.955
2014-04-30,1295.5999755859375,79.8658447265625,32.59723663330078,28.008312225341797,162.955
2014-05-01,1283.0999755859375,80.10346221923828,32.56776809692383,28.117992401123047,164.668
2014-05-02,1302.5999755859375,79.95724487304688,32.56776809692383,28.188194274902344,164.668
2014-05-03,1302.5999755859375,79.95724487304688,32.56776809692383,28.188194274902344,164.668
2014-05-04,1302.5999755859375,79.95724487304688,32.56776809692383,28.188194274902344,164.668
2014-05-05,1309.0,80.37765502929688,32.494083404541016,28.21451759338379,164.668
2014-05-06,1308.300048828125,79.33580017089844,32.287776947021484,27.810882568359375,164.668
2014-05-07,1288.5999755859375,79.1072998046875,32.59723663330078,27.775789260864258,164.668
2014-05-08,1287.4000244140625,79.03421783447266,32.641448974609375,27.85476303100586,164.668
2014-05-09,1287.300048828125,79.32666778564453,32.796180725097656,28.008312225341797,164.668
2014-05-10,1287.300048828125,79.32666778564453,32.796180725097656,28.008312225341797,164.668
2014-05-11,1287.300048828125,79.32666778564453,32.796180725097656,28.008312225341797,164.668
2014-05-12,1295.5999755859375,80.633544921875,32.825653076171875,28.359298706054688,164.668
2014-05-13,1294.5999755859375,80.68840789794922,32.891971588134766,28.28032112121582,164.668
2014-05-14,1305.699951171875,80.26795959472656,32.715110778808594,27.964441299438477,164.668
2014-05-15,1293.5,79.63735961914062,32.42776107788086,27.76262092590332,164.668
2014-05-16,1293.300048828125,80.15829467773438,32.62670135498047,27.968830108642578,164.668
2014-05-17,1293.300048828125,80.15829467773438,32.62670135498047,27.968830108642578,164.668
2014-05-18,1293.300048828125,80.15829467773438,32.62670135498047,27.968830108642578,164.668
2014-05-19,1293.699951171875,80.71578979492188,32.560386657714844,28.096059799194336,164.668
2014-05-20,1294.5,80.4233169555664,32.44249725341797,27.841598510742188,164.668
2014-05-21,1288.0,81.19100189208984,32.62670135498047,28.17942237854004,164.668
2014-05-22,1294.9000244140625,81.54742431640625,32.57513427734375,28.328580856323242,164.668
2014-05-23,1291.5999755859375,82.1414566040039,32.62670135498047,28.55233383178711,164.668
2014-05-24,1291.5999755859375,82.1414566040039,32.62670135498047,28.55233383178711,164.668
2014-05-25,1291.5999755859375,82.1414566040039,32.62670135498047,28.55233383178711,164.668
2014-05-26,1291.5999755859375,82.1414566040039,32.62670135498047,28.55233383178711,164.668
2014-05-27,1265.4000244140625,83.16504669189453,32.715110778808594,28.70151710510254,164.668
2014-05-28,1259.300048828125,82.90917205810547,32.670921325683594,28.670787811279297,164.668
2014-05-29,1256.300048828125,83.43920135498047,32.92880630493164,28.789255142211914,164.668
2014-05-30,1245.5999755859375,83.4483642578125,33.18669128417969,28.815580368041992,164.668
2014-05-31,1245.5999755859375,83.4483642578125,33.18669128417969,28.815580368041992,164.668
2014-06-01,1245.5999755859375,83.4483642578125,33.18669128417969,28.815580368041992,166.197
2014-06-02,1243.699951171875,83.3660888671875,33.10563659667969,28.912094116210938,166.197
2014-06-03,1244.300048828125,83.32955169677734,32.987762451171875,28.859445571899414,166.197
2014-06-04,1244.0,83.64025115966797,33.10563659667969,28.999832153320312,166.197
2014-06-05,1253.0,84.34398651123047,33.238285064697266,29.188480377197266,166.197
2014-06-06,1252.0999755859375,84.82832336425781,33.32668685913086,29.359596252441406,166.197
2014-06-07,1252.0999755859375,84.82832336425781,33.32668685913086,29.359596252441406,166.197
2014-06-08,1252.0999755859375,84.82832336425781,33.32668685913086,29.359596252441406,166.197
2014-06-09,1253.5,84.76435089111328,33.27511978149414,29.36837387084961,166.197
2014-06-10,1259.800048828125,84.91056823730469,33.27511978149414,29.311328887939453,166.197
2014-06-11,1260.800048828125,84.89232635498047,33.18669128417969,29.22358512878418,166.197
2014-06-12,1273.5999755859375,84.12462615966797,32.95092010498047,28.850669860839844,166.197
2014-06-13,1273.699951171875,84.37139892578125,32.94353485107422,28.863832473754883,166.197
2014-06-14,1273.699951171875,84.37139892578125,32.94353485107422,28.863832473754883,166.197
2014-06-15,1273.699951171875,84.37139892578125,32.94353485107422,28.863832473754883,166.197
2014-06-16,1274.9000244140625,84.44448852539062,33.06880569458008,28.929641723632812,166.197
2014-06-17,1271.699951171875,84.49019622802734,33.06880569458008,29.043710708618164,166.197
2014-06-18,1272.4000244140625,84.96542358398438,33.45931625366211,29.263063430786133,166.197
2014-06-19,1313.699951171875,84.91056823730469,33.650901794433594,29.192867279052734,166.197
2014-06-20,1316.199951171875,85.01046752929688,33.54777908325195,29.083721160888672,166.197
2014-06-21,1316.199951171875,85.01046752929688,33.54777908325195,29.083721160888672,166.197
2014-06-22,1316.199951171875,85.01046752929688,33.54777908325195,29.083721160888672,166.197
2014-06-23,1318.0,85.02879333496094,33.362308502197266,29.118928909301758,166.197
2014-06-24,1320.9000244140625,84.94629669189453,33.24360656738281,29.048513412475586,166.197
2014-06-25,1322.199951171875,85.48697662353516,33.191673278808594,29.294986724853516,166.197
2014-06-26,1316.0999755859375,85.53279113769531,33.07297134399414,29.31698989868164,166.197
2014-06-27,1319.0,85.90849304199219,33.132320404052734,29.387405395507812,166.197
2014-06-28,1319.0,85.90849304199219,33.132320404052734,29.387405395507812,166.197
2014-06-29,1319.0,85.90849304199219,33.132320404052734,29.387405395507812,166.197
2014-06-30,1321.800048828125,86.05510711669922,33.10264587402344,29.374197006225586,166.197
2014-07-01,1326.4000244140625,86.99894714355469,33.17683792114258,29.68669319152832,167.121
2014-07-02,1330.699951171875,87.14559936523438,33.265865325927734,29.730724334716797,167.121
2014-07-03,1320.4000244140625,87.69538879394531,33.45133590698242,29.95958137512207,167.121
2014-07-04,1320.4000244140625,87.69538879394531,33.45133590698242,29.95958137512207,167.121
2014-07-05,1320.4000244140625,87.69538879394531,33.45133590698242,29.95958137512207,167.121
2014-07-06,1320.4000244140625,87.69538879394531,33.45133590698242,29.95958137512207,167.121
2014-07-07,1316.5,87.42963409423828,33.503265380859375,29.774736404418945,167.121
2014-07-08,1316.0,86.37586212158203,33.43649673461914,29.484233856201172,167.121
2014-07-09,1323.800048828125,87.01727294921875,33.584869384765625,29.840740203857422,167.121
2014-07-10,1338.699951171875,86.74238586425781,33.53293228149414,29.563457489013672,167.121
2014-07-11,1337.0,87.30136108398438,33.577449798583984,29.66029930114746,167.121
2014-07-12,1337.0,87.30136108398438,33.577449798583984,29.66029930114746,167.121
2014-07-13,1337.0,87.30136108398438,33.577449798583984,29.66029930114746,167.121
2014-07-14,1306.300048828125,87.82368469238281,33.69615173339844,29.74391746520996,167.121
2014-07-15,1296.9000244140625,87.52129364013672,33.39939880371094,29.642688751220703,167.121
2014-07-16,1299.5999755859375,87.86951446533203,33.406822204589844,29.71750831604004,167.121
2014-07-17,1316.699951171875,86.7057113647461,33.199092864990234,29.435829162597656,167.121
2014-07-18,1309.199951171875,88.08029174804688,33.53293228149414,29.708711624145508,167.121
2014-07-19,1309.199951171875,88.08029174804688,33.53293228149414,29.708711624145508,167.121
2014-07-20,1309.199951171875,88.08029174804688,33.53293228149414,29.708711624145508,167.121
2014-07-21,1313.699951171875,87.97032928466797,33.377140045166016,29.57227325439453,167.121
2014-07-22,1306.0999755859375,88.529296875,33.31779479980469,29.695497512817383,167.121
2014-07-23,1304.5,89.09742736816406,33.273277282714844,29.673500061035156,167.121
2014-07-24,1290.5999755859375,88.9966049194336,33.362308502197266,29.73951530456543,167.121
2014-07-25,1303.0999755859375,88.64842224121094,33.22876739501953,29.4094181060791,167.121
2014-07-26,1303.0999755859375,88.64842224121094,33.22876739501953,29.4094181060791,167.121
2014-07-27,1303.0999755859375,88.64842224121094,33.22876739501953,29.4094181060791,167.121
2014-07-28,1303.300048828125,88.67589569091797,33.05812454223633,29.46662712097168,167.121
2014-07-29,1298.300048828125,88.52010345458984,32.90976333618164,29.38300132751465,167.121
2014-07-30,1294.9000244140625,88.86835479736328,32.56106948852539,29.54585838317871,167.121
2014-07-31,1281.300048828125,87.07228088378906,32.004669189453125,29.000097274780273,167.121
2014-08-01,1293.5999755859375,86.75154113769531,32.24948501586914,28.894472122192383,167.436
2014-08-02,1293.5999755859375,86.75154113769531,32.24948501586914,28.894472122192383,167.436
2014-08-03,1293.5999755859375,86.75154113769531,32.24948501586914,28.894472122192383,167.436
2014-08-04,1287.699951171875,87.34722137451172,32.35334777832031,29.1761531829834,167.436
2014-08-05,1284.0,86.67820739746094,32.21239471435547,28.973690032958984,167.436
2014-08-06,1306.699951171875,86.61407470703125,32.486873626708984,28.912076950073242,167.436
2014-08-07,1310.800048828125,86.33918762207031,32.219810485839844,28.76242446899414,167.436
2014-08-08,1308.9000244140625,86.96232604980469,32.54623794555664,29.206954956054688,167.436
2014-08-09,1308.9000244140625,86.96232604980469,32.54623794555664,29.206954956054688,167.436
2014-08-10,1308.9000244140625,86.96232604980469,32.54623794555664,29.206954956054688,167.436
2014-08-11,1308.5,87.4754638671875,32.77621078491211,29.33899688720703,167.436
2014-08-12,1308.800048828125,87.43879699707031,32.75395965576172,29.26418113708496,167.436
2014-08-13,1312.800048828125,88.36433410644531,32.85039520263672,29.36980628967285,167.436
2014-08-14,1313.9000244140625,88.82252502441406,32.98394012451172,29.59868049621582,167.436
2014-08-15,1304.5,89.25320434570312,33.028465270996094,29.54145622253418,167.436
2014-08-16,1304.5,89.25320434570312,33.028465270996094,29.54145622253418,167.436
2014-08-17,1304.5,89.25320434570312,33.028465270996094,29.54145622253418,167.436
2014-08-18,1297.699951171875,89.94046783447266,33.221343994140625,29.814334869384766,167.436
2014-08-19,1295.0999755859375,90.44449615478516,33.31037902832031,30.03880500793457,167.436
2014-08-20,1293.4000244140625,90.44449615478516,33.288108825683594,30.179641723632812,167.436
2014-08-21,1273.699951171875,90.62772369384766,33.34746170043945,30.15323257446289,167.436
2014-08-22,1278.5999755859375,90.76519012451172,33.265865325927734,30.21044921875,167.436
2014-08-23,1278.5999755859375,90.76519012451172,33.265865325927734,30.21044921875,167.436
2014-08-24,1278.5999755859375,90.76519012451172,33.265865325927734,30.21044921875,167.436
2014-08-25,1277.300048828125,91.08592224121094,33.45133590698242,30.298480987548828,167.436
2014-08-26,1283.800048828125,91.17756652832031,33.429073333740234,30.30287742614746,167.436
2014-08-27,1281.9000244140625,91.19589233398438,33.44392395019531,30.33368682861328,167.436
2014-08-28,1288.699951171875,91.0950927734375,33.45874786376953,30.294084548950195,167.436
2014-08-29,1285.800048828125,91.43413543701172,33.48099899291992,30.28968048095703,167.436
2014-08-30,1285.800048828125,91.43413543701172,33.48099899291992,30.28968048095703,167.436
2014-08-31,1285.800048828125,91.43413543701172,33.48099899291992,30.28968048095703,167.436
2014-09-01,1285.800048828125,91.43413543701172,33.48099899291992,30.28968048095703,167.228
2014-09-02,1263.699951171875,91.69989013671875,33.4958381652832,30.346891403198242,167.228
2014-09-03,1268.9000244140625,91.15921783447266,33.518096923828125,30.267667770385742,167.228
2014-09-04,1265.0999755859375,91.0767822265625,33.621952056884766,30.382097244262695,167.228
2014-09-05,1265.800048828125,91.53495788574219,33.814857482910156,30.48334503173828,167.228
2014-09-06,1265.800048828125,91.53495788574219,33.814857482910156,30.48334503173828,167.228
2014-09-07,1265.800048828125,91.53495788574219,33.814857482910156,30.48334503173828,167.228
2014-09-08,1252.699951171875,91.70903015136719,33.5626106262207,30.35569190979004,167.228
2014-09-09,1246.800048828125,90.94844818115234,33.48099899291992,30.052000045776367,167.228
2014-09-10,1243.5,91.69989013671875,33.64421844482422,30.157630920410156,167.228
2014-09-11,1237.4000244140625,91.62654113769531,33.6590690612793,30.17085075378418,167.228
2014-09-12,1229.9000244140625,91.15921783447266,33.42164611816406,30.082809448242188,167.228
2014-09-13,1229.9000244140625,91.15921783447266,33.42164611816406,30.082809448242188,167.228
2014-09-14,1229.9000244140625,91.15921783447266,33.42164611816406,30.082809448242188,167.228
2014-09-15,1233.5999755859375,90.2795181274414,33.584869384765625,29.95958137512207,167.228
2014-09-16,1235.199951171875,91.06758117675781,33.837093353271484,30.11363410949707,167.228
2014-09-17,1234.4000244140625,91.20506286621094,33.76291275024414,30.100419998168945,167.228
2014-09-18,1225.699951171875,91.89232635498047,33.82967758178711,30.232452392578125,167.228
2014-09-19,1215.300048828125,91.83536529541016,33.91703414916992,30.245269775390625,167.228
2014-09-20,1215.300048828125,91.83536529541016,33.91703414916992,30.245269775390625,167.228
2014-09-21,1215.300048828125,91.83536529541016,33.91703414916992,30.245269775390625,167.228
2014-09-22,1216.800048828125,90.98113250732422,33.8573112487793,29.82132911682129,167.228
2014-09-23,1221.0,90.73310089111328,33.55867385864258,29.5651912689209,167.228
2014-09-24,1218.5999755859375,91.7067642211914,33.9916877746582,29.900814056396484,167.228
2014-09-25,1221.199951171875,89.77783966064453,33.54373550415039,29.46363067626953,167.228
2014-09-26,1214.0999755859375,90.73310089111328,33.6706657409668,29.768346786499023,167.228
2014-09-27,1214.0999755859375,90.73310089111328,33.6706657409668,29.768346786499023,167.228
2014-09-28,1214.0999755859375,90.73310089111328,33.6706657409668,29.768346786499023,167.228
2014-09-29,1217.5,90.61371612548828,33.663204193115234,29.613773345947266,167.228
2014-09-30,1210.5,90.74232482910156,33.678131103515625,29.450382232666016,167.228
2014-10-01,1214.5999755859375,89.29100036621094,33.46910095214844,29.057353973388672,166.897
2014-10-02,1214.199951171875,89.29100036621094,33.528812408447266,29.189838409423828,166.897
2014-10-03,1192.199951171875,90.17280578613281,33.92449951171875,29.5651912689209,166.897
2014-10-04,1192.199951171875,90.17280578613281,33.92449951171875,29.5651912689209,166.897
2014-10-05,1192.199951171875,90.17280578613281,33.92449951171875,29.5651912689209,166.897
2014-10-06,1206.699951171875,89.97993469238281,33.939430236816406,29.406217575073242,166.897
2014-10-07,1211.699951171875,88.7031478881836,33.73786163330078,28.969043731689453,166.897
2014-10-08,1205.300048828125,90.43000030517578,34.23059844970703,29.42388343811035,166.897
2014-10-09,1224.5999755859375,88.96953582763672,33.887184143066406,28.7570743560791,166.897
2014-10-10,1221.0,86.74667358398438,34.051414489746094,28.505359649658203,166.897
2014-10-11,1221.0,86.74667358398438,34.051414489746094,28.505359649658203,166.897
2014-10-12,1221.0,86.74667358398438,34.051414489746094,28.505359649658203,166.897
2014-10-13,1229.300048828125,85.38724517822266,33.581077575683594,27.926860809326172,166.897
2014-10-14,1233.5999755859375,85.39643096923828,33.56613540649414,28.129993438720703,166.897
2014-10-15,1244.0999755859375,84.8453140258789,33.16299057006836,27.895950317382812,166.897
2014-10-16,1240.5,84.31257629394531,32.91661834716797,27.926860809326172,166.897
2014-10-17,1238.300048828125,85.4239730834961,33.31978225708008,28.235977172851562,166.897
2014-10-18,1238.300048828125,85.4239730834961,33.31978225708008,28.235977172851562,166.897
2014-10-19,1238.300048828125,85.4239730834961,33.31978225708008,28.235977172851562,166.897
2014-10-20,1244.0,86.70072937011719,33.79758071899414,28.629005432128906,166.897
2014-10-21,1251.0,88.97869110107422,33.939430236816406,29.1854190826416,166.897
2014-10-22,1244.800048828125,88.51947021484375,34.01409149169922,28.93370819091797,166.897
2014-10-23,1228.5,89.85132598876953,33.9916877746582,29.326738357543945,166.897
2014-10-24,1231.199951171875,90.5861587524414,34.275394439697266,29.300241470336914,166.897
2014-10-25,1231.199951171875,90.5861587524414,34.275394439697266,29.300241470336914,166.897
2014-10-26,1231.199951171875,90.5861587524414,34.275394439697266,29.300241470336914,166.897
2014-10-27,1229.0999755859375,90.65044403076172,34.35751724243164,29.35765266418457,166.897
2014-10-28,1229.199951171875,92.01907348632812,34.49191665649414,29.675588607788086,166.897
2014-10-29,1224.300048828125,91.67921447753906,34.43217086791992,29.5872745513916,166.897
2014-10-30,1198.0999755859375,91.87210845947266,34.648681640625,29.781591415405273,166.897
2014-10-31,1171.0999755859375,93.1396713256836,34.872657775878906,30.073043823242188,166.897
2014-11-01,1171.0999755859375,93.1396713256836,34.872657775878906,30.073043823242188,166.645
2014-11-02,1171.0999755859375,93.1396713256836,34.872657775878906,30.073043823242188,166.645
2014-11-03,1169.4000244140625,93.41524505615234,35.00703430175781,30.073043823242188,166.645
2014-11-04,1167.4000244140625,93.10294342041016,35.19368362426758,29.710920333862305,166.645
2014-11-05,1145.4000244140625,93.11213684082031,35.440067291259766,29.830167770385742,166.645
2014-11-06,1142.300048828125,93.40606689453125,35.51471710205078,30.081872940063477,166.645
2014-11-07,1169.5999755859375,93.32340240478516,35.641632080078125,30.03330421447754,166.645
2014-11-08,1169.5999755859375,93.32340240478516,35.641632080078125,30.03330421447754,166.645
2014-11-09,1169.5999755859375,93.32340240478516,35.641632080078125,30.03330421447754,166.645
2014-11-10,1159.5999755859375,93.65403747558594,35.798404693603516,30.015628814697266,166.645
2014-11-11,1162.800048828125,93.94801330566406,35.73122024536133,30.143705368041992,166.645
2014-11-12,1158.9000244140625,94.11334228515625,35.73122024536133,30.285005569458008,166.645
2014-11-13,1161.0999755859375,94.51749420166016,35.8581428527832,30.474899291992188,166.645
2014-11-14,1185.0,94.81143188476562,35.65654373168945,30.594141006469727,166.645
2014-11-15,1185.0,94.81143188476562,35.65654373168945,30.594141006469727,166.645
2014-11-16,1185.0,94.81143188476562,35.65654373168945,30.594141006469727,166.645
2014-11-17,1183.0,94.52667999267578,35.89546585083008,30.558799743652344,166.645
2014-11-18,1196.699951171875,95.23394775390625,36.02984619140625,30.616209030151367,166.645
2014-11-19,1193.5999755859375,94.80225372314453,36.17916488647461,30.7442626953125,166.645
2014-11-20,1190.699951171875,95.2247543334961,36.02238845825195,30.87676239013672,166.645
2014-11-21,1197.5,95.40847778320312,36.17170333862305,30.95183563232422,166.645
2014-11-22,1197.5,95.40847778320312,36.17170333862305,30.95183563232422,166.645
2014-11-23,1197.5,95.40847778320312,36.17170333862305,30.95183563232422,166.645
2014-11-24,1195.5,96.15250396728516,36.1493034362793,31.238880157470703,166.645
2014-11-25,1197.0999755859375,96.29946899414062,36.17916488647461,31.33601951599121,166.645
2014-11-26,1196.5999755859375,96.924072265625,36.34341812133789,31.331602096557617,166.645
2014-11-27,1196.5999755859375,96.924072265625,36.34341812133789,31.331602096557617,166.645
2014-11-28,1175.199951171875,97.37415313720703,36.806297302246094,31.71137237548828,166.645
2014-11-29,1175.199951171875,97.37415313720703,36.806297302246094,31.71137237548828,166.645
2014-11-30,1175.199951171875,97.37415313720703,36.806297302246094,31.71137237548828,166.645
2014-12-01,1218.0,96.27193450927734,36.567378997802734,31.36252212524414,166.446
2014-12-02,1199.199951171875,96.65766143798828,36.69430160522461,31.481748580932617,166.446
2014-12-03,1208.5,96.8321762084961,36.43300247192383,31.53474235534668,166.446
2014-12-04,1207.5,96.7862777709961,36.40314483642578,31.517080307006836,166.446
2014-12-05,1190.0999755859375,96.79545593261719,36.47034454345703,31.587726593017578,166.446
2014-12-06,1190.0999755859375,96.79545593261719,36.47034454345703,31.587726593017578,166.446
2014-12-07,1190.0999755859375,96.79545593261719,36.47034454345703,31.587726593017578,166.446
2014-12-08,1194.699951171875,96.10653686523438,36.395668029785156,31.331602096557617,166.446
2014-12-09,1231.5,96.40969848632812,36.27622604370117,31.274198532104492,166.446
2014-12-10,1228.9000244140625,94.89410400390625,35.932804107666016,30.859086990356445,166.446
2014-12-11,1225.0999755859375,95.34417724609375,36.23143005371094,31.11080551147461,166.446
2014-12-12,1222.0,94.30623626708984,35.768550872802734,30.912078857421875,166.446
2014-12-13,1222.0,94.30623626708984,35.768550872802734,30.912078857421875,166.446
2014-12-14,1222.0,94.30623626708984,35.768550872802734,30.912078857421875,166.446
2014-12-15,1207.199951171875,93.33255767822266,35.52964782714844,30.726608276367188,166.446
2014-12-16,1193.9000244140625,91.83536529541016,35.3952522277832,30.25409507751465,166.446
2014-12-17,1194.300048828125,93.50711059570312,35.910404205322266,30.832595825195312,166.446
2014-12-18,1194.699951171875,95.75751495361328,36.59724807739258,31.340438842773438,166.446
2014-12-19,1195.9000244140625,96.17888641357422,36.55964279174805,31.426021575927734,166.446
2014-12-20,1195.9000244140625,96.17888641357422,36.55964279174805,31.426021575927734,166.446
2014-12-21,1195.9000244140625,96.17888641357422,36.55964279174805,31.426021575927734,166.446
2014-12-22,1179.699951171875,96.41854858398438,36.9130744934082,31.731985092163086,166.446
2014-12-23,1177.9000244140625,96.07743072509766,37.16872787475586,31.90936279296875,166.446
2014-12-24,1173.5,96.16043853759766,37.131126403808594,31.85613441467285,166.446
2014-12-25,1173.5,96.16043853759766,37.131126403808594,31.85613441467285,166.446
2014-12-26,1195.300048828125,96.8426742553711,37.1912956237793,32.02908706665039,166.446
2014-12-27,1195.300048828125,96.8426742553711,37.1912956237793,32.02908706665039,166.446
2014-12-28,1195.300048828125,96.8426742553711,37.1912956237793,32.02908706665039,166.446
2014-12-29,1181.699951171875,96.82422637939453,37.078487396240234,32.272972106933594,166.446
2014-12-30,1200.199951171875,96.17888641357422,36.9130744934082,32.1222038269043,166.446
2014-12-31,1183.9000244140625,95.19236755371094,36.4619140625,31.99360466003418,166.446
2015-01-01,1183.9000244140625,95.19236755371094,36.4619140625,31.99360466003418,166.233
2015-01-02,1186.0,94.90655517578125,36.35662841796875,31.763038635253906,166.233
2015-01-03,1186.0,94.90655517578125,36.35662841796875,31.763038635253906,166.233
2015-01-04,1186.0,94.90655517578125,36.35662841796875,31.763038635253906,166.233
2015-01-05,1203.9000244140625,93.51438903808594,36.10095977783203,31.155542373657227,166.233
2015-01-06,1219.300048828125,92.260498046875,36.055850982666016,30.84511375427246,166.233
2015-01-07,1210.5999755859375,93.4498519897461,36.672454833984375,31.3328914642334,166.233
2015-01-08,1208.4000244140625,95.23844909667969,37.228878021240234,31.80294418334961,166.233
2015-01-09,1216.0,94.61151885986328,36.9281005859375,31.434873580932617,166.233
2015-01-10,1216.0,94.61151885986328,36.9281005859375,31.434873580932617,166.233
2015-01-11,1216.0,94.61151885986328,36.9281005859375,31.434873580932617,166.233
2015-01-12,1232.699951171875,93.62503051757812,36.8153190612793,31.266387939453125,166.233
2015-01-13,1234.300048828125,93.59735870361328,36.80780029296875,31.266387939453125,166.233
2015-01-14,1234.4000244140625,93.0810546875,36.695003509521484,30.889474868774414,166.233
2015-01-15,1264.699951171875,91.87330627441406,36.75514602661133,30.49038314819336,166.233
2015-01-16,1276.9000244140625,92.95197296142578,37.04841613769531,30.893903732299805,166.233
2015-01-17,1276.9000244140625,92.95197296142578,37.04841613769531,30.893903732299805,166.233
2015-01-18,1276.9000244140625,92.95197296142578,37.04841613769531,30.893903732299805,166.233
2015-01-19,1276.9000244140625,92.95197296142578,37.04841613769531,30.893903732299805,166.233
2015-01-20,1294.199951171875,93.68956756591797,37.198814392089844,30.716529846191406,166.233
2015-01-21,1293.699951171875,94.16901397705078,37.379276275634766,30.91608238220215,166.233
2015-01-22,1300.699951171875,95.91146850585938,37.7552490234375,31.496963500976562,166.233
2015-01-23,1292.5999755859375,96.12354278564453,37.33415603637695,31.452625274658203,166.233
2015-01-24,1292.5999755859375,96.12354278564453,37.33415603637695,31.452625274658203,166.233
2015-01-25,1292.5999755859375,96.12354278564453,37.33415603637695,31.452625274658203,166.233
2015-01-26,1279.4000244140625,96.01290130615234,37.33415603637695,31.61669921875,166.233
2015-01-27,1291.699951171875,93.52360534667969,36.90555191040039,31.363943099975586,166.233
2015-01-28,1285.9000244140625,93.04420471191406,36.47693634033203,30.955976486206055,166.233
2015-01-29,1254.5999755859375,93.93849182128906,36.77019119262695,31.377241134643555,166.233
2015-01-30,1278.5,93.21014404296875,36.108482360839844,31.035785675048828,166.233
2015-01-31,1278.5,93.21014404296875,36.108482360839844,31.035785675048828,166.233
2015-02-01,1278.5,93.21014404296875,36.108482360839844,31.035785675048828,166.612
2015-02-02,1276.199951171875,94.02146911621094,36.5370979309082,31.315156936645508,166.612
2015-02-03,1259.699951171875,94.92499542236328,36.860435485839844,31.980316162109375,166.612
2015-02-04,1263.800048828125,94.84198760986328,36.87547302246094,32.19316864013672,166.612
2015-02-05,1262.0,95.66254425048828,37.06345748901367,32.3927116394043,166.612
2015-02-06,1233.9000244140625,95.08174133300781,36.89802932739258,32.343936920166016,166.612
2015-02-07,1233.9000244140625,95.08174133300781,36.89802932739258,32.343936920166016,166.612
2015-02-08,1233.9000244140625,95.08174133300781,36.89802932739258,32.343936920166016,166.612
2015-02-09,1240.800048828125,94.77748107910156,36.619815826416016,32.21977233886719,166.612
2015-02-10,1231.5999755859375,96.25260162353516,37.04841613769531,32.61441421508789,166.612
2015-02-11,1219.0,96.60298156738281,37.22136688232422,32.62328338623047,166.612
2015-02-12,1220.0999755859375,97.72773742675781,37.39432144165039,33.00908279418945,166.612
2015-02-13,1226.5,98.56674194335938,37.22136688232422,33.2086181640625,166.612
2015-02-14,1226.5,98.56674194335938,37.22136688232422,33.2086181640625,166.612
2015-02-15,1226.5,98.56674194335938,37.22136688232422,33.2086181640625,166.612
2015-02-16,1226.5,98.56674194335938,37.22136688232422,33.2086181640625,166.612
2015-02-17,1208.0999755859375,98.658935546875,37.228878021240234,33.13322448730469,166.612
2015-02-18,1199.699951171875,98.79719543457031,37.431907653808594,33.1154899597168,166.612
2015-02-19,1207.0999755859375,99.28587341308594,37.1912956237793,33.21749496459961,166.612
2015-02-20,1204.4000244140625,99.94965362548828,37.296566009521484,33.45250701904297,166.612
2015-02-21,1204.4000244140625,99.94965362548828,37.296566009521484,33.45250701904297,166.612
2015-02-22,1204.4000244140625,99.94965362548828,37.296566009521484,33.45250701904297,166.612
2015-02-23,1200.300048828125,100.05107879638672,37.401832580566406,33.42145919799805,166.612
2015-02-24,1196.9000244140625,100.12482452392578,37.52964782714844,33.58109664916992,166.612
2015-02-25,1201.0,99.87594604492188,37.401832580566406,33.83829116821289,166.612
2015-02-26,1209.5999755859375,100.38298797607422,37.45447540283203,33.73186111450195,166.612
2015-02-27,1212.5999755859375,99.94044494628906,37.60485076904297,33.68750762939453,166.612
2015-02-28,1212.5999755859375,99.94044494628906,37.60485076904297,33.68750762939453,166.612
2015-03-01,1212.5999755859375,99.94044494628906,37.60485076904297,33.68750762939453,168.071
2015-03-02,1207.699951171875,100.84397888183594,37.67253875732422,34.09104919433594,168.071
2015-03-03,1204.0,100.3737564086914,37.52964782714844,33.9979248046875,168.071
2015-03-04,1200.5999755859375,99.9865493774414,37.2664794921875,33.82054901123047,168.071
2015-03-05,1195.9000244140625,100.16169738769531,37.39432144165039,33.84273147583008,168.071
2015-03-06,1164.0999755859375,99.0277328491211,36.6649169921875,33.43920135498047,168.071
2015-03-07,1164.0999755859375,99.0277328491211,36.6649169921875,33.43920135498047,168.071
2015-03-08,1164.0999755859375,99.0277328491211,36.6649169921875,33.43920135498047,168.071
2015-03-09,1166.4000244140625,99.31352996826172,36.867942810058594,33.6298713684082,168.071
2015-03-10,1160.0999755859375,97.46961975097656,36.34159469604492,33.10662078857422,168.071
2015-03-11,1150.699951171875,96.90721130371094,36.0633659362793,32.9248161315918,168.071
2015-03-12,1152.0999755859375,97.5433578491211,36.58974075317383,33.59439468383789,168.071
2015-03-13,1152.5999755859375,97.11925506591797,36.30400085449219,33.328346252441406,168.071
2015-03-14,1152.5999755859375,97.11925506591797,36.30400085449219,33.328346252441406,168.071
2015-03-15,1152.5999755859375,97.11925506591797,36.30400085449219,33.328346252441406,168.071
2015-03-16,1153.300048828125,98.37310028076172,36.74763870239258,33.718563079833984,168.071
2015-03-17,1148.300048828125,98.52984619140625,36.48446273803711,33.53232955932617,168.071
2015-03-18,1151.4000244140625,99.4979019165039,36.73259735107422,33.82941818237305,168.071
2015-03-19,1169.0999755859375,99.64541625976562,36.56717300415039,33.780635833740234,168.071
2015-03-20,1184.800048828125,100.29043579101562,37.0256462097168,34.15660095214844,168.071
2015-03-21,1184.800048828125,100.29043579101562,37.0256462097168,34.15660095214844,168.071
2015-03-22,1184.800048828125,100.29043579101562,37.0256462097168,34.15660095214844,168.071
2015-03-23,1188.0,100.09634399414062,37.08616638183594,34.0987663269043,168.071
2015-03-24,1191.699951171875,99.73600006103516,36.87432861328125,33.920799255371094,168.071
2015-03-25,1197.300048828125,97.45350646972656,36.78353500366211,33.369083404541016,168.071
2015-03-26,1205.0999755859375,97.12084197998047,36.62466812133789,33.15998458862305,168.071
2015-03-27,1199.800048828125,97.50897216796875,36.85163879394531,33.32905197143555,168.071
2015-03-28,1199.800048828125,97.50897216796875,36.85163879394531,33.32905197143555,168.071
2015-03-29,1199.800048828125,97.50897216796875,36.85163879394531,33.32905197143555,168.071
2015-03-30,1184.800048828125,98.62711334228516,37.22235107421875,33.6716423034668,168.071
2015-03-31,1183.0999755859375,97.58287048339844,36.87432861328125,33.52480697631836,168.071
2015-04-01,1208.0999755859375,97.07465362548828,36.91973114013672,33.37800216674805,169.957
2015-04-02,1200.9000244140625,97.13931274414062,37.16938400268555,33.676090240478516,169.957
2015-04-03,1200.9000244140625,97.13931274414062,37.16938400268555,33.676090240478516,169.957
2015-04-04,1200.9000244140625,97.13931274414062,37.16938400268555,33.676090240478516,169.957
2015-04-05,1200.9000244140625,97.13931274414062,37.16938400268555,33.676090240478516,169.957
2015-04-06,1218.5999755859375,97.93402862548828,37.464454650878906,33.83625793457031,169.957
2015-04-07,1210.5999755859375,97.76768493652344,37.290435791015625,33.6494026184082,169.957
2015-04-08,1203.0999755859375,98.54391479492188,37.350955963134766,33.965293884277344,169.957
2015-04-09,1193.5999755859375,99.16304779052734,37.45689010620117,33.99642562866211,169.957
2015-04-10,1204.5999755859375,99.56964874267578,37.52497482299805,34.11211395263672,169.957
2015-04-11,1204.5999755859375,99.56964874267578,37.52497482299805,34.11211395263672,169.957
2015-04-12,1204.5999755859375,99.56964874267578,37.52497482299805,34.11211395263672,169.957
2015-04-13,1199.300048828125,99.32014465332031,37.350955963134766,33.92523193359375,169.957
2015-04-14,1192.800048828125,99.03367614746094,37.43417739868164,33.90744400024414,169.957
2015-04-15,1201.5,99.65282440185547,37.3282585144043,33.90744400024414,169.957
2015-04-16,1198.0,99.51422119140625,37.464454650878906,33.974205017089844,169.957
2015-04-17,1202.9000244140625,97.96173858642578,37.11642837524414,33.47142028808594,169.957
2015-04-18,1202.9000244140625,97.96173858642578,37.11642837524414,33.47142028808594,169.957
2015-04-19,1202.9000244140625,97.96173858642578,37.11642837524414,33.47142028808594,169.957
2015-04-20,1193.5,99.43104553222656,37.24503707885742,33.84071350097656,169.957
2015-04-21,1202.9000244140625,99.85609436035156,37.31313705444336,33.87630081176758,169.957
2015-04-22,1186.9000244140625,100.4013442993164,37.33583450317383,33.90744400024414,169.957
2015-04-23,1194.4000244140625,100.78020477294922,37.20722198486328,34.076507568359375,169.957
2015-04-24,1175.199951171875,102.14778900146484,37.21477508544922,34.53923797607422,169.957
2015-04-25,1175.199951171875,102.14778900146484,37.21477508544922,34.53923797607422,169.957
2015-04-26,1175.199951171875,102.14778900146484,37.21477508544922,34.53923797607422,169.957
2015-04-27,1203.300048828125,101.88909912109375,37.0105094909668,34.2366943359375,169.957
2015-04-28,1214.0,101.68582153320312,37.04834747314453,34.11655807495117,169.957
2015-04-29,1209.800048828125,101.0481948852539,36.7154541015625,33.88520050048828,169.957
2015-04-30,1182.4000244140625,99.45875549316406,36.59440612792969,33.50701141357422,169.957
2015-05-01,1174.5,100.77095794677734,36.92730712890625,33.96973419189453,171.838
2015-05-02,1174.5,100.77095794677734,36.92730712890625,33.96973419189453,171.838
2015-05-03,1174.5,100.77095794677734,36.92730712890625,33.96973419189453,171.838
2015-05-04,1186.800048828125,100.93728637695312,36.98025131225586,34.04090881347656,171.838
2015-05-05,1193.199951171875,99.29240417480469,36.685203552246094,33.68498229980469,171.838
2015-05-06,1190.300048828125,98.60861206054688,36.79867172241211,33.547061920166016,171.838
2015-05-07,1182.4000244140625,99.20001220703125,36.88945007324219,33.720584869384766,171.838
2015-05-08,1189.0999755859375,100.43829345703125,37.19964599609375,34.080963134765625,171.838
2015-05-09,1189.0999755859375,100.43829345703125,37.19964599609375,34.080963134765625,171.838
2015-05-10,1189.0999755859375,100.43829345703125,37.19964599609375,34.080963134765625,171.838
2015-05-11,1183.199951171875,100.05017852783203,37.04834747314453,33.92970275878906,171.838
2015-05-12,1192.5999755859375,99.59735870361328,36.96512222290039,33.867401123046875,171.838
2015-05-13,1218.4000244140625,99.80067443847656,36.94999313354492,33.65382385253906,171.838
2015-05-14,1225.4000244140625,101.26073455810547,37.517398834228516,33.80511474609375,171.838
2015-05-15,1225.5,101.26073455810547,37.63845443725586,34.076507568359375,171.838
2015-05-16,1225.5,101.26073455810547,37.63845443725586,34.076507568359375,171.838
2015-05-17,1225.5,101.26073455810547,37.63845443725586,34.076507568359375,171.838
2015-05-18,1227.800048828125,101.70429229736328,37.517398834228516,34.205535888671875,171.838
2015-05-19,1206.9000244140625,101.59337615966797,37.4190559387207,34.196651458740234,171.838
2015-05-20,1208.9000244140625,101.65805053710938,37.33583450317383,34.15660095214844,171.838
2015-05-21,1204.4000244140625,102.184814453125,37.4190559387207,34.29007339477539,171.838
2015-05-22,1204.300048828125,102.0831527709961,37.26017761230469,34.23223114013672,171.838
2015-05-23,1204.300048828125,102.0831527709961,37.26017761230469,34.23223114013672,171.838
2015-05-24,1204.300048828125,102.0831527709961,37.26017761230469,34.23223114013672,171.838
2015-05-25,1204.300048828125,102.0831527709961,37.26017761230469,34.23223114013672,171.838
2015-05-26,1187.199951171875,100.90957641601562,36.96512222290039,33.98752975463867,171.838
2015-05-27,1185.9000244140625,102.53595733642578,37.19964599609375,34.24114990234375,171.838
2015-05-28,1188.0999755859375,102.3049087524414,37.14669418334961,34.18330383300781,171.838
2015-05-29,1189.4000244140625,101.69503784179688,36.91215515136719,33.94749450683594,171.838
2015-05-30,1189.4000244140625,101.69503784179688,36.91215515136719,33.94749450683594,171.838
2015-05-31,1189.4000244140625,101.69503784179688,36.91215515136719,33.94749450683594,171.838
2015-06-01,1188.300048828125,102.03692626953125,36.91215515136719,34.04537582397461,173.436
2015-06-02,1194.0999755859375,101.71351623535156,36.813812255859375,34.121009826660156,173.436
2015-06-03,1184.699951171875,102.01847076416016,36.791107177734375,34.38796615600586,173.436
2015-06-04,1174.9000244140625,101.24223327636719,36.52632522583008,34.14326095581055,173.436
2015-06-05,1167.800048828125,101.00199127197266,36.004295349121094,34.04537582397461,173.436
2015-06-06,1167.800048828125,101.00199127197266,36.004295349121094,34.04537582397461,173.436
2015-06-07,1167.800048828125,101.00199127197266,36.004295349121094,34.04537582397461,173.436
2015-06-08,1173.199951171875,99.97624206542969,35.989173889160156,33.80511474609375,173.436
2015-06-09,1177.300048828125,99.80992126464844,36.163177490234375,33.7695198059082,173.436
2015-06-10,1186.0999755859375,101.17752838134766,36.518760681152344,34.11655807495117,173.436
2015-06-11,1179.9000244140625,101.3254165649414,36.50362014770508,34.23223114013672,173.436
2015-06-12,1178.800048828125,100.49370574951172,36.35987854003906,34.076507568359375,173.436
2015-06-13,1178.800048828125,100.49370574951172,36.35987854003906,34.076507568359375,173.436
2015-06-14,1178.800048828125,100.49370574951172,36.35987854003906,34.076507568359375,173.436
2015-06-15,1185.300048828125,99.99473571777344,36.095096588134766,33.91633987426758,173.436
2015-06-16,1180.5,100.53994750976562,36.48849105834961,34.121009826660156,173.436
2015-06-17,1176.4000244140625,100.81717681884766,36.685203552246094,34.276737213134766,173.436
2015-06-18,1201.5,102.28644561767578,37.0937385559082,34.69049835205078,173.436
2015-06-19,1201.5,101.78077697753906,37.041969299316406,34.56864929199219,173.436
2015-06-20,1201.5,101.78077697753906,37.041969299316406,34.56864929199219,173.436
2015-06-21,1201.5,101.78077697753906,37.041969299316406,34.56864929199219,173.436
2015-06-22,1183.699951171875,102.53094482421875,37.18659591674805,34.76057434082031,173.436
2015-06-23,1176.199951171875,102.61433410644531,37.0267333984375,34.898956298828125,173.436
2015-06-24,1172.5999755859375,102.08638000488281,36.8592643737793,34.657928466796875,173.436
2015-06-25,1171.5,101.88261413574219,36.790767669677734,34.63113784790039,173.436
2015-06-26,1172.9000244140625,101.20648956298828,36.866878509521484,34.76951599121094,173.436
2015-06-27,1172.9000244140625,101.20648956298828,36.866878509521484,34.76951599121094,173.436
2015-06-28,1172.9000244140625,101.20648956298828,36.866878509521484,34.76951599121094,173.436
2015-06-29,1178.5,98.81688690185547,36.295955657958984,33.98395919799805,173.436
2015-06-30,1171.5,99.16883087158203,36.235050201416016,34.13571548461914,173.436
2015-07-01,1169.0,99.95610046386719,36.699405670166016,34.524024963378906,174.479
2015-07-02,1163.0,99.98391723632812,36.6689567565918,34.45708084106445,174.479
2015-07-03,1163.0,99.98391723632812,36.6689567565918,34.45708084106445,174.479
2015-07-04,1163.0,99.98391723632812,36.6689567565918,34.45708084106445,174.479
2015-07-05,1163.0,99.98391723632812,36.6689567565918,34.45708084106445,174.479
2015-07-06,1172.9000244140625,99.75233459472656,36.638511657714844,34.39011764526367,174.479
2015-07-07,1152.4000244140625,100.00243377685547,37.39213562011719,34.689170837402344,174.479
2015-07-08,1163.300048828125,98.26112365722656,36.97345733642578,34.028594970703125,174.479
2015-07-09,1159.0,98.20561218261719,37.00389862060547,34.171424865722656,174.479
2015-07-10,1157.699951171875,99.7060317993164,37.43781661987305,34.66685104370117,174.479
2015-07-11,1157.699951171875,99.7060317993164,37.43781661987305,34.66685104370117,174.479
2015-07-12,1157.699951171875,99.7060317993164,37.43781661987305,34.66685104370117,174.479
2015-07-13,1155.199951171875,101.45655059814453,37.787986755371094,35.16674041748047,174.479
2015-07-14,1153.300048828125,102.1234359741211,37.84889221191406,35.21137237548828,174.479
2015-07-15,1147.199951171875,102.23458862304688,37.74991989135742,35.1756591796875,174.479
2015-07-16,1143.800048828125,103.6794662475586,38.138153076171875,35.38991165161133,174.479
2015-07-17,1131.800048828125,105.20771789550781,38.11531448364258,35.327430725097656,174.479
2015-07-18,1131.800048828125,105.20771789550781,38.11531448364258,35.327430725097656,174.479
2015-07-19,1131.800048828125,105.20771789550781,38.11531448364258,35.327430725097656,174.479
2015-07-20,1106.699951171875,105.56892395019531,38.183834075927734,35.34528350830078,174.479
2015-07-21,1103.4000244140625,105.50408172607422,38.09247970581055,35.23369598388672,174.479
2015-07-22,1091.4000244140625,104.30928039550781,38.176212310791016,35.40329360961914,174.479
2015-07-23,1094.0,103.92027282714844,38.03158950805664,35.193519592285156,174.479
2015-07-24,1085.5999755859375,102.90141296386719,37.818443298339844,35.193519592285156,174.479
2015-07-25,1085.5999755859375,102.90141296386719,37.818443298339844,35.193519592285156,174.479
2015-07-26,1085.5999755859375,102.90141296386719,37.818443298339844,35.193519592285156,174.479
2015-07-27,1096.5,102.04936218261719,37.79559326171875,34.93019104003906,174.479
2015-07-28,1096.300048828125,102.92921447753906,38.221885681152344,35.202449798583984,174.479
2015-07-29,1092.699951171875,103.31824493408203,38.35129928588867,35.56399154663086,174.479
2015-07-30,1088.4000244140625,103.80914306640625,38.221885681152344,35.69343185424805,174.479
2015-07-31,1094.9000244140625,103.68872833251953,38.29801559448242,35.80500030517578,174.479
2015-08-01,1094.9000244140625,103.68872833251953,38.29801559448242,35.80500030517578,174.918
2015-08-02,1094.9000244140625,103.68872833251953,38.29801559448242,35.80500030517578,174.918
2015-08-03,1089.4000244140625,103.36454772949219,38.35129928588867,35.684486389160156,174.918
2015-08-04,1090.699951171875,103.17002868652344,38.35129928588867,35.836238861083984,174.918
2015-08-05,1085.699951171875,103.96659851074219,38.68625259399414,35.44793701171875,174.918
2015-08-06,1090.199951171875,102.29939270019531,38.39696502685547,34.96590042114258,174.918
2015-08-07,1094.0999755859375,102.16976165771484,38.183834075927734,34.93911361694336,174.918
2015-08-08,1094.0999755859375,102.16976165771484,38.183834075927734,34.93911361694336,174.918
2015-08-09,1094.0999755859375,102.16976165771484,38.183834075927734,34.93911361694336,174.918
2015-08-10,1104.199951171875,103.33676147460938,38.32846450805664,35.22031021118164,174.918
2015-08-11,1107.5999755859375,102.01229858398438,38.19144058227539,34.90341567993164,174.918
2015-08-12,1123.199951171875,102.3642578125,38.21428680419922,34.751651763916016,174.918
2015-08-13,1115.699951171875,102.19752502441406,38.06203079223633,34.9525146484375,174.918
2015-08-14,1112.9000244140625,102.35499572753906,38.183834075927734,34.97481918334961,174.918
2015-08-15,1112.9000244140625,102.35499572753906,38.183834075927734,34.97481918334961,174.918
2015-08-16,1112.9000244140625,102.35499572753906,38.183834075927734,34.97481918334961,174.918
2015-08-17,1118.5999755859375,103.20709991455078,38.221885681152344,35.30958557128906,174.918
2015-08-18,1117.0999755859375,102.67915344238281,38.03158950805664,35.3408317565918,174.918
2015-08-19,1128.0999755859375,102.00303649902344,37.68142318725586,35.2783317565918,174.918
2015-08-20,1153.0,99.17811584472656,37.33885955810547,34.28745651245117,174.918
2015-08-21,1159.5999755859375,94.84346008300781,36.31878662109375,33.189483642578125,174.918
2015-08-22,1159.5999755859375,94.84346008300781,36.31878662109375,33.189483642578125,174.918
2015-08-23,1159.5999755859375,94.84346008300781,36.31878662109375,33.189483642578125,174.918
2015-08-24,1153.4000244140625,91.19422912597656,35.055137634277344,31.86386489868164,174.918
2015-08-25,1138.199951171875,90.85150146484375,34.78868865966797,31.734426498413086,174.918
2015-08-26,1124.5999755859375,95.4269790649414,35.81637191772461,32.939537048339844,174.918
2015-08-27,1122.4000244140625,97.8443603515625,36.34163284301758,33.711700439453125,174.918
2015-08-28,1133.0999755859375,97.82585144042969,36.265499114990234,33.72508239746094,174.918
2015-08-29,1133.0999755859375,97.82585144042969,36.265499114990234,33.72508239746094,174.918
2015-08-30,1133.0999755859375,97.82585144042969,36.265499114990234,33.72508239746094,174.918
2015-08-31,1131.5999755859375,96.61248779296875,36.01430130004883,33.46621322631836,174.918
2015-09-01,1138.699951171875,93.59307098388672,35.275882720947266,32.6181755065918,175.023
2015-09-02,1132.5,96.23278045654297,35.75547790527344,33.30552673339844,175.023
2015-09-03,1123.699951171875,95.76040649414062,35.99906921386719,33.31892013549805,175.023
2015-09-04,1120.5999755859375,94.62114715576172,35.41291046142578,32.961856842041016,175.023
2015-09-05,1120.5999755859375,94.62114715576172,35.41291046142578,32.961856842041016,175.023
2015-09-06,1120.5999755859375,94.62114715576172,35.41291046142578,32.961856842041016,175.023
2015-09-07,1120.5999755859375,94.62114715576172,35.41291046142578,32.961856842041016,175.023
2015-09-08,1120.4000244140625,97.28865814208984,36.15132141113281,33.72508239746094,175.023
2015-09-09,1102.199951171875,96.19572448730469,35.55754852294922,33.36355209350586,175.023
2015-09-10,1109.5,97.24231719970703,35.61845016479492,33.45728302001953,175.023
2015-09-11,1103.5,97.77954864501953,35.854434967041016,33.70722961425781,175.023
2015-09-12,1103.5,97.77954864501953,35.854434967041016,33.70722961425781,175.023
2015-09-13,1103.5,97.77954864501953,35.854434967041016,33.70722961425781,175.023
2015-09-14,1107.699951171875,97.48314666748047,35.74024963378906,33.52869415283203,175.023
2015-09-15,1102.800048828125,98.63163757324219,36.166534423828125,33.881309509277344,175.023
2015-09-16,1119.199951171875,99.18734741210938,36.577606201171875,34.2651481628418,175.023
2015-09-17,1117.300048828125,99.22441101074219,36.577606201171875,34.35441207885742,175.023
2015-09-18,1138.0999755859375,97.81314849853516,36.15469741821289,33.8073844909668,175.023
2015-09-19,1138.0999755859375,97.81314849853516,36.15469741821289,33.8073844909668,175.023
2015-09-20,1138.0999755859375,97.81314849853516,36.15469741821289,33.8073844909668,175.023
2015-09-21,1133.0999755859375,98.11954498291016,36.4228515625,34.103084564208984,175.023
2015-09-22,1125.0,96.6526107788086,36.024444580078125,33.65058517456055,175.023
2015-09-23,1131.5999755859375,96.72686767578125,36.08573913574219,33.56098175048828,175.023
2015-09-24,1153.800048828125,96.37405395507812,36.14704513549805,33.47136306762695,175.023
2015-09-25,1146.0,95.55696105957031,36.37688064575195,33.46688461303711,175.023
2015-09-26,1146.0,95.55696105957031,36.37688064575195,33.46688461303711,175.023
2015-09-27,1146.0,95.55696105957031,36.37688064575195,33.46688461303711,175.023
2015-09-28,1132.0,92.83660888671875,35.84056854248047,32.50365447998047,175.023
2015-09-29,1127.0999755859375,92.35380554199219,35.82524871826172,32.39612579345703,175.023
2015-09-30,1115.5,94.47998809814453,36.15469741821289,33.26976776123047,175.023
2015-10-01,1114.199951171875,94.90709686279297,36.15469741821289,33.516178131103516,175.027
2015-10-02,1137.0999755859375,96.56901550292969,36.65268325805664,33.99555206298828,175.027
2015-10-03,1137.0999755859375,96.56901550292969,36.65268325805664,33.99555206298828,175.027
2015-10-04,1137.0999755859375,96.56901550292969,36.65268325805664,33.99555206298828,175.027
2015-10-05,1138.0999755859375,97.9524154663086,37.28092575073242,34.49734878540039,175.027
2015-10-06,1146.800048828125,97.48820495605469,37.02811813354492,34.241947174072266,175.027
2015-10-07,1149.0,98.0731201171875,37.36522674560547,34.35844802856445,175.027
2015-10-08,1144.699951171875,98.46306610107422,37.8095817565918,34.77958297729492,175.027
2015-10-09,1156.300048828125,98.90876007080078,37.89385223388672,34.81989669799805,175.027
2015-10-10,1156.300048828125,98.90876007080078,37.89385223388672,34.81989669799805,175.027
2015-10-11,1156.300048828125,98.90876007080078,37.89385223388672,34.81989669799805,175.027
2015-10-12,1164.9000244140625,99.150146484375,37.99346160888672,34.98567581176758,175.027
2015-10-13,1165.800048828125,98.50950622558594,37.76362228393555,34.797515869140625,175.027
2015-10-14,1180.0999755859375,98.3516845703125,37.32691955566406,34.443565368652344,175.027
2015-10-15,1187.9000244140625,99.96717834472656,37.664031982421875,34.89157485961914,175.027
2015-10-16,1183.5999755859375,100.3849868774414,38.02409744262695,35.07526779174805,175.027
2015-10-17,1183.5999755859375,100.3849868774414,38.02409744262695,35.07526779174805,175.027
2015-10-18,1183.5999755859375,100.3849868774414,38.02409744262695,35.07526779174805,175.027
2015-10-19,1173.300048828125,100.96063995361328,38.19265365600586,35.241050720214844,175.027
2015-10-20,1178.0,100.44070434570312,38.169681549072266,35.19624328613281,175.027
2015-10-21,1167.5999755859375,99.82793426513672,38.177330017089844,35.039432525634766,175.027
2015-10-22,1166.5999755859375,101.86123657226562,38.93582534790039,35.500885009765625,175.027
2015-10-23,1163.300048828125,104.71162414550781,38.87452697753906,35.675601959228516,175.027
2015-10-24,1163.300048828125,104.71162414550781,38.87452697753906,35.675601959228516,175.027
2015-10-25,1163.300048828125,104.71162414550781,38.87452697753906,35.675601959228516,175.027
2015-10-26,1167.0,104.77660369873047,38.79792022705078,35.926517486572266,175.027
2015-10-27,1166.800048828125,104.99014282226562,38.85154342651367,35.75626754760742,175.027
2015-10-28,1177.0999755859375,105.8628921508789,38.629371643066406,36.09674835205078,175.027
2015-10-29,1147.199951171875,105.69575500488281,38.644691467285156,36.19979476928711,175.027
2015-10-30,1141.5,105.22228240966797,38.215641021728516,36.275962829589844,175.027
2015-10-31,1141.5,105.22228240966797,38.215641021728516,36.275962829589844,175.027
2015-11-01,1141.5,105.22228240966797,38.215641021728516,36.275962829589844,175.116
2015-11-02,1135.800048828125,106.41069030761719,38.44550323486328,36.44171905517578,175.116
2015-11-03,1114.199951171875,106.78205871582031,38.2616081237793,36.580623626708984,175.116
2015-11-04,1106.5,106.79135131835938,38.100730895996094,36.34317398071289,175.116
2015-11-05,1104.4000244140625,106.5035171508789,38.09305191040039,36.473087310791016,175.116
2015-11-06,1087.5999755859375,106.57781219482422,37.67933654785156,36.477577209472656,175.116
2015-11-07,1087.5999755859375,106.57781219482422,37.67933654785156,36.477577209472656,175.116
2015-11-08,1087.5999755859375,106.57781219482422,37.67933654785156,36.477577209472656,175.116
2015-11-09,1087.9000244140625,105.4450912475586,37.426509857177734,35.97579574584961,175.116
2015-11-10,1088.199951171875,105.17582702636719,37.52610397338867,36.3162841796875,175.116
2015-11-11,1084.699951171875,105.04584503173828,37.47247314453125,36.10124588012695,175.116
2015-11-12,1080.800048828125,104.02455139160156,36.966819763183594,35.765228271484375,175.116
2015-11-13,1080.800048828125,101.9819564819336,36.64502716064453,34.824398040771484,175.116
2015-11-14,1080.800048828125,101.9819564819336,36.64502716064453,34.824398040771484,175.116
2015-11-15,1080.800048828125,101.9819564819336,36.64502716064453,34.824398040771484,175.116
2015-11-16,1083.699951171875,103.44891357421875,37.27326202392578,35.24553298950195,175.116
2015-11-17,1068.699951171875,103.51390075683594,37.257965087890625,35.312713623046875,175.116
2015-11-18,1068.800048828125,105.50080108642578,37.77127456665039,35.91755294799805,175.116
2015-11-19,1078.0,105.57508850097656,37.870872497558594,35.962345123291016,175.116
2015-11-20,1076.4000244140625,106.29000091552734,37.602725982666016,36.392459869384766,175.116
2015-11-21,1076.4000244140625,106.29000091552734,37.602725982666016,36.392459869384766,175.116
2015-11-22,1076.4000244140625,106.29000091552734,37.602725982666016,36.392459869384766,175.116
2015-11-23,1066.800048828125,105.98361206054688,37.93217086791992,36.526851654052734,175.116
2015-11-24,1074.300048828125,105.8907470703125,38.031768798828125,36.45069885253906,175.116
2015-11-25,1070.5,105.98361206054688,38.13136291503906,36.63437271118164,175.116
2015-11-26,1070.5,105.98361206054688,38.13136291503906,36.63437271118164,175.116
2015-11-27,1056.199951171875,106.13216400146484,38.27692794799805,36.49997329711914,175.116
2015-11-28,1056.199951171875,106.13216400146484,38.27692794799805,36.49997329711914,175.116
2015-11-29,1056.199951171875,106.13216400146484,38.27692794799805,36.49997329711914,175.116
2015-11-30,1065.800048828125,105.8628921508789,37.863216400146484,36.19083786010742,175.116
2015-12-01,1063.800048828125,106.92137145996094,38.18500900268555,36.56269836425781,175.089
2015-12-02,1054.199951171875,106.26213073730469,37.99346160888672,36.24460220336914,175.089
2015-12-03,1061.699951171875,104.46092987060547,37.79426956176758,35.698028564453125,175.089
2015-12-04,1084.5,106.90277099609375,38.644691467285156,36.387962341308594,175.089
2015-12-05,1084.5,106.90277099609375,38.644691467285156,36.387962341308594,175.089
2015-12-06,1084.5,106.90277099609375,38.644691467285156,36.387962341308594,175.089
2015-12-07,1076.4000244140625,106.41996765136719,38.751949310302734,36.23564147949219,175.089
2015-12-08,1076.300048828125,106.42926788330078,38.65234375,36.12812042236328,175.089
2015-12-09,1077.5999755859375,104.81375122070312,38.28459548950195,35.66666030883789,175.089
2015-12-10,1073.0999755859375,105.2872543334961,38.330570220947266,35.78761672973633,175.089
2015-12-11,1076.9000244140625,102.86397552490234,37.90917205810547,34.97221755981445,175.089
2015-12-12,1076.9000244140625,102.86397552490234,37.90917205810547,34.97221755981445,175.089
2015-12-13,1076.9000244140625,102.86397552490234,37.90917205810547,34.97221755981445,175.089
2015-12-14,1064.699951171875,103.64387512207031,38.28459548950195,35.15143966674805,175.089
2015-12-15,1062.9000244140625,104.27522277832031,38.52975845336914,35.344085693359375,175.089
2015-12-16,1078.0,105.82577514648438,39.27293014526367,35.93546676635742,175.089
2015-12-17,1050.800048828125,104.28453826904297,38.76728439331055,35.344085693359375,175.089
2015-12-18,1066.199951171875,102.28410339355469,38.08037567138672,34.78850173950195,175.089
2015-12-19,1066.199951171875,102.28410339355469,38.08037567138672,34.78850173950195,175.089
2015-12-20,1066.199951171875,102.28410339355469,38.08037567138672,34.78850173950195,175.089
2015-12-21,1081.9000244140625,103.42027282714844,38.5125846862793,34.96394348144531,175.089
2015-12-22,1074.800048828125,104.1001205444336,39.014251708984375,35.22036361694336,175.089
2015-12-23,1069.4000244140625,104.87310028076172,39.29981994628906,35.40032196044922,175.089
2015-12-24,1077.199951171875,104.85444641113281,39.26122283935547,35.30584716796875,175.089
2015-12-25,1077.199951171875,104.85444641113281,39.26122283935547,35.30584716796875,175.089
2015-12-26,1077.199951171875,104.85444641113281,39.26122283935547,35.30584716796875,175.089
2015-12-27,1077.199951171875,104.85444641113281,39.26122283935547,35.30584716796875,175.089
2015-12-28,1070.5,104.798583984375,39.207191467285156,35.395816802978516,175.089
2015-12-29,1077.5,106.44697570800781,39.546783447265625,35.80519485473633,175.089
2015-12-30,1060.0999755859375,105.48774719238281,39.40786361694336,35.51729202270508,175.089
2015-12-31,1060.300048828125,104.17463684082031,38.96793746948242,35.16189956665039,175.089
2016-01-01,1060.300048828125,104.17463684082031,38.96793746948242,35.16189956665039,175.013
2016-01-02,1060.300048828125,104.17463684082031,38.96793746948242,35.16189956665039,175.013
2016-01-03,1060.300048828125,104.17463684082031,38.96793746948242,35.16189956665039,175.013
2016-01-04,1075.0999755859375,101.97676849365234,38.473976135253906,34.559059143066406,175.013
2016-01-05,1078.4000244140625,101.7998275756836,38.72096633911133,34.514076232910156,175.013
2016-01-06,1091.9000244140625,100.82194519042969,38.589759826660156,34.176658630371094,175.013
2016-01-07,1107.699951171875,97.66487121582031,38.126686096191406,33.474876403808594,175.013
2016-01-08,1097.800048828125,96.86398315429688,37.833404541015625,33.1149787902832,175.013
2016-01-09,1097.800048828125,96.86398315429688,37.833404541015625,33.1149787902832,175.013
2016-01-10,1097.800048828125,96.86398315429688,37.833404541015625,33.1149787902832,175.013
2016-01-11,1096.5,97.16197204589844,38.18843078613281,33.37589645385742,175.013
2016-01-12,1085.5999755859375,98.2888412475586,38.39681625366211,33.744789123535156,175.013
2016-01-13,1087.5,94.89893341064453,37.694480895996094,32.606624603271484,175.013
2016-01-14,1073.9000244140625,96.9198226928711,37.87198257446289,32.84056091308594,175.013
2016-01-15,1091.5,93.9117202758789,37.27770233154297,32.16574478149414,175.013
2016-01-16,1091.5,93.9117202758789,37.27770233154297,32.16574478149414,175.013
2016-01-17,1091.5,93.9117202758789,37.27770233154297,32.16574478149414,175.013
2016-01-18,1091.5,93.9117202758789,37.27770233154297,32.16574478149414,175.013
2016-01-19,1089.9000244140625,94.11663818359375,37.725345611572266,32.287200927734375,175.013
2016-01-20,1107.0999755859375,93.82794952392578,37.25456619262695,32.0037956237793,175.013
2016-01-21,1099.0999755859375,93.92107391357422,37.40119171142578,32.413185119628906,175.013
2016-01-22,1097.199951171875,96.64041900634766,38.04179382324219,32.98002243041992,175.013
2016-01-23,1097.199951171875,96.64041900634766,38.04179382324219,32.98002243041992,175.013
2016-01-24,1097.199951171875,96.64041900634766,38.04179382324219,32.98002243041992,175.013
2016-01-25,1106.199951171875,95.2062759399414,37.70219802856445,32.60213088989258,175.013
2016-01-26,1121.699951171875,96.06306457519531,38.04950714111328,33.07899475097656,175.013
2016-01-27,1116.0999755859375,93.66962432861328,38.010929107666016,32.56162643432617,175.013
2016-01-28,1115.5999755859375,94.99205780029297,38.39681625366211,32.98002243041992,175.013
2016-01-29,1116.4000244140625,96.9757308959961,39.176326751708984,33.33992385864258,175.013
2016-01-30,1116.4000244140625,96.9757308959961,39.176326751708984,33.33992385864258,175.013
2016-01-31,1116.4000244140625,96.9757308959961,39.176326751708984,33.33992385864258,175.013
2016-02-01,1127.9000244140625,97.23649597167969,39.307533264160156,33.5423583984375,175.261
2016-02-02,1127.300048828125,95.13174438476562,38.80586624145508,32.890045166015625,175.261
2016-02-03,1141.300048828125,94.6753921508789,38.72096633911133,32.80457305908203,175.261
2016-02-04,1157.5999755859375,94.66609191894531,38.36593246459961,32.61561584472656,175.261
2016-02-05,1157.800048828125,91.3786392211914,38.3041877746582,31.56292152404785,175.261
2016-02-06,1157.800048828125,91.3786392211914,38.3041877746582,31.56292152404785,175.261
2016-02-07,1157.800048828125,91.3786392211914,38.3041877746582,31.56292152404785,175.261
2016-02-08,1197.9000244140625,89.981689453125,38.203857421875,30.951095581054688,175.261
2016-02-09,1198.699951171875,89.70230865478516,38.45856475830078,30.901611328125,175.261
2016-02-10,1194.699951171875,90.04689025878906,38.41225051879883,30.847633361816406,175.261
2016-02-11,1247.9000244140625,89.91651153564453,38.10353088378906,30.82963752746582,175.261
2016-02-12,1239.0999755859375,91.2854995727539,38.6437873840332,31.39647102355957,175.261
2016-02-13,1239.0999755859375,91.2854995727539,38.6437873840332,31.39647102355957,175.261
2016-02-14,1239.0999755859375,91.2854995727539,38.6437873840332,31.39647102355957,175.261
2016-02-15,1239.0999755859375,91.2854995727539,38.6437873840332,31.39647102355957,175.261
2016-02-16,1207.9000244140625,93.3436508178711,38.9525146484375,32.15674591064453,175.261
2016-02-17,1211.0999755859375,95.45767974853516,39.353843688964844,32.84955596923828,175.261
2016-02-18,1226.0999755859375,94.36811065673828,39.176326751708984,32.63362121582031,175.261
2016-02-19,1230.4000244140625,94.6474838256836,39.23807144165039,32.72359085083008,175.261
2016-02-20,1230.4000244140625,94.6474838256836,39.23807144165039,32.72359085083008,175.261
2016-02-21,1230.4000244140625,94.6474838256836,39.23807144165039,32.72359085083008,175.261
2016-02-22,1209.5,96.18411254882812,39.4310188293457,33.35789489746094,175.261
2016-02-23,1222.300048828125,94.60092163085938,39.42329406738281,33.1734504699707,175.261
2016-02-24,1238.699951171875,95.50425720214844,39.546783447265625,33.366912841796875,175.261
2016-02-25,1238.199951171875,96.44487762451172,39.994422912597656,33.699825286865234,175.261
2016-02-26,1219.800048828125,96.32379150390625,39.4310188293457,33.663818359375,175.261
2016-02-27,1219.800048828125,96.32379150390625,39.4310188293457,33.663818359375,175.261
2016-02-28,1219.800048828125,96.32379150390625,39.4310188293457,33.663818359375,175.261
2016-02-29,1233.9000244140625,95.45767974853516,39.29981994628906,33.488372802734375,175.261
2016-03-01,1230.300048828125,98.52165985107422,39.67799377441406,34.37461471557617,176.584
2016-03-02,1241.0999755859375,98.55892181396484,39.793758392333984,34.34313201904297,176.584
2016-03-03,1257.4000244140625,98.37265014648438,39.994422912597656,34.54556655883789,176.584
2016-03-04,1269.9000244140625,98.4098892211914,40.164222717285156,34.514076232910156,176.584
2016-03-05,1269.9000244140625,98.4098892211914,40.164222717285156,34.514076232910156,176.584
2016-03-06,1269.9000244140625,98.4098892211914,40.164222717285156,34.514076232910156,176.584
2016-03-07,1263.199951171875,97.8045654296875,39.91724395751953,34.36561584472656,176.584
2016-03-08,1262.0999755859375,96.99433135986328,40.033016204833984,34.095703125,176.584
2016-03-09,1256.5999755859375,97.61832427978516,40.334022521972656,34.16317367553711,176.584
2016-03-10,1272.0,97.46931457519531,40.34946060180664,34.248653411865234,176.584
2016-03-11,1258.699951171875,99.17356872558594,40.480655670166016,34.77500534057617,176.584
2016-03-12,1258.699951171875,99.17356872558594,40.480655670166016,34.77500534057617,176.584
2016-03-13,1258.699951171875,99.17356872558594,40.480655670166016,34.77500534057617,176.584
2016-03-14,1244.4000244140625,99.34121704101562,40.45750427246094,34.905452728271484,176.584
2016-03-15,1230.4000244140625,99.30394744873047,40.557830810546875,34.896461486816406,176.584
2016-03-16,1229.300048828125,100.18868255615234,40.650447845458984,35.17988967895508,176.584
2016-03-17,1264.5,100.13280487060547,40.897422790527344,35.229373931884766,176.584
2016-03-18,1253.800048828125,100.28973388671875,40.843902587890625,35.275001525878906,176.584
2016-03-19,1253.800048828125,100.28973388671875,40.843902587890625,35.275001525878906,176.584
2016-03-20,1253.800048828125,100.28973388671875,40.843902587890625,35.275001525878906,176.584
2016-03-21,1243.800048828125,100.68202209472656,40.8671760559082,35.293060302734375,176.584
2016-03-22,1248.199951171875,100.99026489257812,40.626686096191406,35.23432922363281,176.584
2016-03-23,1223.699951171875,100.1589584350586,40.63445281982422,34.98588943481445,176.584
2016-03-24,1221.4000244140625,100.18698120117188,40.58789825439453,35.03105926513672,176.584
2016-03-25,1221.4000244140625,100.18698120117188,40.58789825439453,35.03105926513672,176.584
2016-03-26,1221.4000244140625,100.18698120117188,40.58789825439453,35.03105926513672,176.584
2016-03-27,1221.4000244140625,100.18698120117188,40.58789825439453,35.03105926513672,176.584
2016-03-28,1219.9000244140625,100.04686737060547,40.80512237548828,35.189178466796875,176.584
2016-03-29,1235.5999755859375,101.65345001220703,41.107666015625,35.546024322509766,176.584
2016-03-30,1226.9000244140625,102.14849853515625,41.37918472290039,35.77189636230469,176.584
2016-03-31,1234.199951171875,101.99903869628906,41.16196060180664,35.731239318847656,176.584
2016-04-01,1222.199951171875,103.08255767822266,41.596397399902344,35.88029861450195,178.48
2016-04-02,1222.199951171875,103.08255767822266,41.596397399902344,35.88029861450195,178.48
2016-04-03,1222.199951171875,103.08255767822266,41.596397399902344,35.88029861450195,178.48
2016-04-04,1218.0,102.69026184082031,41.611907958984375,35.6002311706543,178.48
2016-04-05,1228.4000244140625,101.70014953613281,41.33262634277344,35.297576904296875,178.48
2016-04-06,1222.5,103.37212371826172,41.65845489501953,35.63184356689453,178.48
2016-04-07,1236.199951171875,101.8869857788086,41.2085075378418,35.22982406616211,178.48
2016-04-08,1242.5,101.81224060058594,41.4334831237793,35.17560577392578,178.48
2016-04-09,1242.5,101.81224060058594,41.4334831237793,35.17560577392578,178.48
2016-04-10,1242.5,101.81224060058594,41.4334831237793,35.17560577392578,178.48
2016-04-11,1256.699951171875,101.43858337402344,41.138694763183594,35.04461669921875,178.48
2016-04-12,1259.4000244140625,102.28862762451172,41.394691467285156,35.311134338378906,178.48
2016-04-13,1246.800048828125,103.59628295898438,41.076637268066406,35.80802536010742,178.48
2016-04-14,1225.0,103.60560607910156,40.89044952392578,35.80802536010742,178.48
2016-04-15,1233.0999755859375,103.3440933227539,41.146446228027344,35.90740966796875,178.48
2016-04-16,1233.0999755859375,103.3440933227539,41.146446228027344,35.90740966796875,178.48
2016-04-17,1233.0999755859375,103.3440933227539,41.146446228027344,35.90740966796875,178.48
2016-04-18,1233.5999755859375,103.89517974853516,41.37918472290039,36.246192932128906,178.48
2016-04-19,1253.0,103.25999450683594,41.35589599609375,36.04744338989258,178.48
2016-04-20,1253.199951171875,103.3440933227539,40.89044952392578,36.09260940551758,178.48
2016-04-21,1249.0,103.35344696044922,40.16122055053711,35.96611785888672,178.48
2016-04-22,1228.699951171875,101.79356384277344,40.308624267578125,35.89384460449219,178.48
2016-04-23,1228.699951171875,101.79356384277344,40.308624267578125,35.89384460449219,178.48
2016-04-24,1228.699951171875,101.79356384277344,40.308624267578125,35.89384460449219,178.48
2016-04-25,1238.9000244140625,101.79356384277344,40.58789825439453,35.934505462646484,178.48
2016-04-26,1242.199951171875,101.29850006103516,40.42499542236328,36.02033233642578,178.48
2016-04-27,1249.199951171875,100.4858627319336,40.61894226074219,35.98420333862305,178.48
2016-04-28,1265.5,99.2715835571289,40.65771484375,35.59571075439453,178.48
2016-04-29,1289.199951171875,98.74853515625,40.5723876953125,35.77639389038086,178.48
2016-04-30,1289.199951171875,98.74853515625,40.5723876953125,35.77639389038086,178.48
2016-05-01,1289.199951171875,98.74853515625,40.5723876953125,35.77639389038086,180.329
2016-05-02,1294.699951171875,99.68257904052734,41.037845611572266,36.27781677246094,180.329
2016-05-03,1290.699951171875,98.75785827636719,40.960262298583984,35.943546295166016,180.329
2016-05-04,1273.300048828125,98.12271118164062,41.084381103515625,35.780921936035156,180.329
2016-05-05,1271.4000244140625,98.09468841552734,41.09214782714844,35.550540924072266,180.329
2016-05-06,1292.9000244140625,98.61776733398438,41.30160903930664,35.81254196166992,180.329
2016-05-07,1292.9000244140625,98.61776733398438,41.30160903930664,35.81254196166992,180.329
2016-05-08,1292.9000244140625,98.61776733398438,41.30160903930664,35.81254196166992,180.329
2016-05-09,1265.5999755859375,98.8979721069336,41.52656555175781,35.91191482543945,180.329
2016-05-10,1263.9000244140625,100.25236511230469,41.93772888183594,36.372676849365234,180.329
2016-05-11,1274.5999755859375,99.34634399414062,41.604148864746094,35.64088439941406,180.329
2016-05-12,1270.300048828125,98.90731048583984,41.82910919189453,35.708641052246094,180.329
2016-05-13,1271.9000244140625,98.54302978515625,41.30160903930664,35.284019470214844,180.329
2016-05-14,1271.9000244140625,98.54302978515625,41.30160903930664,35.284019470214844,180.329
2016-05-15,1271.9000244140625,98.54302978515625,41.30160903930664,35.284019470214844,180.329
2016-05-16,1273.4000244140625,99.77600860595703,41.56536102294922,35.50536346435547,180.329
2016-05-17,1276.199951171875,98.52436065673828,40.75081253051758,35.103336334228516,180.329
2016-05-18,1273.699951171875,98.87928771972656,40.277591705322266,34.900062561035156,180.329
2016-05-19,1254.199951171875,98.36555480957031,40.6732292175293,34.86843490600586,180.329
2016-05-20,1252.4000244140625,99.44908905029297,40.463768005371094,35.09881591796875,180.329
2016-05-21,1252.4000244140625,99.44908905029297,40.463768005371094,35.09881591796875,180.329
2016-05-22,1252.4000244140625,99.44908905029297,40.463768005371094,35.09881591796875,180.329
2016-05-23,1251.0999755859375,99.31832885742188,40.5025749206543,34.97684860229492,180.329
2016-05-24,1228.9000244140625,101.30785369873047,40.843902587890625,35.39695358276367,180.329
2016-05-25,1223.5,102.03639221191406,40.905967712402344,35.5911979675293,180.329
2016-05-26,1220.0999755859375,102.33529663085938,41.06887435913086,35.663475036621094,180.329
2016-05-27,1213.800048828125,102.86773681640625,41.115421295166016,35.83060836791992,180.329
2016-05-28,1213.800048828125,102.86773681640625,41.115421295166016,35.83060836791992,180.329
2016-05-29,1213.800048828125,102.86773681640625,41.115421295166016,35.83060836791992,180.329
2016-05-30,1213.800048828125,102.86773681640625,41.115421295166016,35.83060836791992,180.329
2016-05-31,1214.800048828125,103.06387329101562,40.85165786743164,35.79446792602539,180.329
2016-06-01,1211.9000244140625,103.07321166992188,41.27055740356445,35.77189636230469,181.901
2016-06-02,1209.800048828125,103.28805541992188,41.28608322143555,35.97064208984375,181.901
2016-06-03,1240.0999755859375,102.80233764648438,41.54985046386719,35.73574447631836,181.901
2016-06-04,1240.0999755859375,102.80233764648438,41.54985046386719,35.73574447631836,181.901
2016-06-05,1240.0999755859375,102.80233764648438,41.54985046386719,35.73574447631836,181.901
2016-06-06,1244.5999755859375,103.17595672607422,41.596397399902344,35.82609558105469,181.901
2016-06-07,1244.4000244140625,102.91443634033203,41.54985046386719,35.87125778198242,181.901
2016-06-08,1259.800048828125,103.09187316894531,41.798091888427734,35.91191482543945,181.901
2016-06-09,1270.199951171875,102.92375183105469,41.96099853515625,35.83060836791992,181.901
2016-06-10,1273.4000244140625,101.75621032714844,41.99203109741211,35.45568084716797,181.901
2016-06-11,1273.4000244140625,101.75621032714844,41.99203109741211,35.45568084716797,181.901
2016-06-12,1273.4000244140625,101.75621032714844,41.99203109741211,35.45568084716797,181.901
2016-06-13,1284.4000244140625,100.90624237060547,41.642921447753906,35.26144027709961,181.901
2016-06-14,1285.5999755859375,100.90624237060547,41.80584716796875,35.17108917236328,181.901
2016-06-15,1285.800048828125,100.61664581298828,41.681732177734375,35.27047348022461,181.901
2016-06-16,1296.0999755859375,100.91554260253906,41.89892578125,35.3834114074707,181.901
2016-06-17,1292.5,99.73269653320312,41.729583740234375,35.32765197753906,181.901
2016-06-18,1292.5,99.73269653320312,41.729583740234375,35.32765197753906,181.901
2016-06-19,1292.5,99.73269653320312,41.729583740234375,35.32765197753906,181.901
2016-06-20,1290.0,100.36017608642578,41.86225891113281,35.64496612548828,181.901
2016-06-21,1270.5,100.6786117553711,41.97151565551758,35.563377380371094,181.901
2016-06-22,1268.0,100.43508911132812,41.99493408203125,35.51350784301758,181.901
2016-06-23,1261.199951171875,101.8680191040039,42.25247573852539,35.862579345703125,181.901
2016-06-24,1320.0,97.67229461669922,41.44083023071289,34.529788970947266,181.901
2016-06-25,1320.0,97.67229461669922,41.44083023071289,34.529788970947266,181.901
2016-06-26,1320.0,97.67229461669922,41.44083023071289,34.529788970947266,181.901
2016-06-27,1322.5,95.733642578125,41.35498046875,33.8951530456543,181.901
2016-06-28,1315.300048828125,97.83148956298828,41.612525939941406,34.570594787597656,181.901
2016-06-29,1323.9000244140625,99.56411743164062,42.09638595581055,35.12818908691406,181.901
2016-06-30,1318.4000244140625,100.71603393554688,43.04071044921875,35.38657760620117,181.901
2016-07-01,1336.699951171875,101.22179412841797,42.83781051635742,35.753780364990234,183.003
2016-07-02,1336.699951171875,101.22179412841797,42.83781051635742,35.753780364990234,183.003
2016-07-03,1336.699951171875,101.22179412841797,42.83781051635742,35.753780364990234,183.003
2016-07-04,1336.699951171875,101.22179412841797,42.83781051635742,35.753780364990234,183.003
2016-07-05,1356.4000244140625,100.6036605834961,43.07973098754883,35.463645935058594,183.003
2016-07-06,1364.9000244140625,101.42784118652344,43.11874008178711,35.767372131347656,183.003
2016-07-07,1360.0999755859375,101.7275390625,43.03289031982422,35.9214973449707,183.003
2016-07-08,1356.5999755859375,103.30091857910156,43.462135314941406,36.54709243774414,183.003
2016-07-09,1356.5999755859375,103.30091857910156,43.462135314941406,36.54709243774414,183.003
2016-07-10,1356.5999755859375,103.30091857910156,43.462135314941406,36.54709243774414,183.003
2016-07-11,1355.0,103.89092254638672,43.46994400024414,36.76015090942383,183.003
2016-07-12,1334.0999755859375,104.41539764404297,43.23582077026367,36.90522766113281,183.003
2016-07-13,1342.4000244140625,104.16252899169922,43.47774124145508,36.723899841308594,183.003
2016-07-14,1331.300048828125,104.87429809570312,43.46994400024414,36.87348175048828,183.003
2016-07-15,1326.5,104.70574188232422,43.46994400024414,36.71029281616211,183.003
2016-07-16,1326.5,104.70574188232422,43.46994400024414,36.71029281616211,183.003
2016-07-17,1326.5,104.70574188232422,43.46994400024414,36.71029281616211,183.003
2016-07-18,1328.4000244140625,105.39877319335938,43.423118591308594,36.850830078125,183.003
2016-07-19,1331.5,105.01480102539062,43.39189910888672,36.78282928466797,183.003
2016-07-20,1318.800048828125,106.2416763305664,43.23582077026367,36.93694305419922,183.003
2016-07-21,1330.5,105.99818420410156,43.110939025878906,36.837223052978516,183.003
2016-07-22,1323.0999755859375,106.43834686279297,43.31385803222656,36.9913444519043,183.003
2016-07-23,1323.0999755859375,106.43834686279297,43.31385803222656,36.9913444519043,183.003
2016-07-24,1323.0999755859375,106.43834686279297,43.31385803222656,36.9913444519043,183.003
2016-07-25,1319.300048828125,106.44772338867188,43.26703643798828,37.050289154052734,183.003
2016-07-26,1320.699951171875,106.56944274902344,42.93144989013672,37.00495147705078,183.003
2016-07-27,1326.5999755859375,107.30935668945312,42.29148864746094,36.89161682128906,183.003
2016-07-28,1332.300048828125,107.68395233154297,42.47880172729492,36.95961380004883,183.003
2016-07-29,1349.0,107.91807556152344,42.689510345458984,37.00040817260742,183.003
2016-07-30,1349.0,107.91807556152344,42.689510345458984,37.00040817260742,183.003
2016-07-31,1349.0,107.91807556152344,42.689510345458984,37.00040817260742,183.003
2016-08-01,1351.4000244140625,108.4893798828125,42.73634338378906,37.05934524536133,183.641
2016-08-02,1364.4000244140625,107.66522979736328,42.67390441894531,36.506290435791016,183.641
2016-08-03,1356.0999755859375,108.0211181640625,42.43976974487305,36.61055374145508,183.641
2016-08-04,1358.800048828125,108.33014678955078,42.5334358215332,36.59242630004883,183.641
2016-08-05,1336.4000244140625,109.36974334716797,42.603675842285156,36.977752685546875,183.641
2016-08-06,1336.4000244140625,109.36974334716797,42.603675842285156,36.977752685546875,183.641
2016-08-07,1336.4000244140625,109.36974334716797,42.603675842285156,36.977752685546875,183.641
2016-08-08,1333.4000244140625,109.24799346923828,42.55683135986328,36.855342864990234,183.641
2016-08-09,1339.0,109.50083923339844,42.689510345458984,36.74655532836914,183.641
2016-08-10,1344.300048828125,109.21988677978516,42.84560012817383,36.823631286621094,183.641
2016-08-11,1342.5,109.68816375732422,42.84560012817383,37.1908073425293,183.641
2016-08-12,1335.800048828125,109.76309967041016,42.99388122558594,37.17267990112305,183.641
2016-08-13,1335.800048828125,109.76309967041016,42.99388122558594,37.17267990112305,183.641
2016-08-14,1335.800048828125,109.76309967041016,42.99388122558594,37.17267990112305,183.641
2016-08-15,1340.300048828125,110.2313461303711,42.88461685180664,37.24522018432617,183.641
2016-08-16,1350.5,109.6225814819336,42.69731140136719,37.03214645385742,183.641
2016-08-17,1342.699951171875,109.81927490234375,42.81437301635742,36.94602584838867,183.641
2016-08-18,1351.199951171875,109.84735870361328,42.96265411376953,36.9233512878418,183.641
2016-08-19,1340.4000244140625,109.81927490234375,42.861202239990234,36.94602584838867,183.641
2016-08-20,1340.4000244140625,109.81927490234375,42.861202239990234,36.94602584838867,183.641
2016-08-21,1340.4000244140625,109.81927490234375,42.861202239990234,36.94602584838867,183.641
2016-08-22,1337.699951171875,109.90355682373047,42.92362594604492,36.90975570678711,183.641
2016-08-23,1340.5999755859375,110.10023498535156,42.83781051635742,37.09560775756836,183.641
2016-08-24,1324.4000244140625,109.38844299316406,42.767547607421875,36.91883087158203,183.641
2016-08-25,1320.0999755859375,109.21051788330078,42.603675842285156,36.79641342163086,183.641
2016-08-26,1321.5,109.36974334716797,42.3851432800293,36.692161560058594,183.641
2016-08-27,1321.5,109.36974334716797,42.3851432800293,36.692161560058594,183.641
2016-08-28,1321.5,109.36974334716797,42.3851432800293,36.692161560058594,183.641
2016-08-29,1322.9000244140625,109.51957702636719,42.63488006591797,36.819087982177734,183.641
2016-08-30,1311.699951171875,109.1636734008789,42.3851432800293,36.615081787109375,183.641
2016-08-31,1306.9000244140625,109.05131530761719,42.43976974487305,36.519901275634766,183.641
2016-09-01,1312.199951171875,109.3322525024414,42.45539093017578,36.59242630004883,183.928
2016-09-02,1322.0999755859375,109.68816375732422,42.78316879272461,36.664955139160156,183.928
2016-09-03,1322.0999755859375,109.68816375732422,42.78316879272461,36.664955139160156,183.928
2016-09-04,1322.0999755859375,109.68816375732422,42.78316879272461,36.664955139160156,183.928
2016-09-05,1322.0999755859375,109.68816375732422,42.78316879272461,36.664955139160156,183.928
2016-09-06,1349.4000244140625,110.37184143066406,42.876808166503906,36.73295211791992,183.928
2016-09-07,1344.300048828125,110.43736267089844,42.50220489501953,36.751102447509766,183.928
2016-09-08,1336.800048828125,109.7911605834961,42.2680778503418,36.43375778198242,183.928
2016-09-09,1330.0999755859375,107.02835083007812,41.12085723876953,35.55430221557617,183.928
2016-09-10,1330.0999755859375,107.02835083007812,41.12085723876953,35.55430221557617,183.928
2016-09-11,1330.0999755859375,107.02835083007812,41.12085723876953,35.55430221557617,183.928
2016-09-12,1321.0,108.94828033447266,41.893470764160156,36.05296325683594,183.928
2016-09-13,1319.0,107.9742660522461,41.378387451171875,35.54071044921875,183.928
2016-09-14,1321.5,108.4893798828125,41.253509521484375,35.54523468017578,183.928
2016-09-15,1313.5,110.17515563964844,41.58910369873047,35.80363464355469,183.928
2016-09-16,1305.800048828125,110.12257385253906,41.45404052734375,35.72627639770508,183.928
2016-09-17,1305.800048828125,110.12257385253906,41.45404052734375,35.72627639770508,183.928
2016-09-18,1305.800048828125,110.12257385253906,41.45404052734375,35.72627639770508,183.928
2016-09-19,1313.5,109.64375305175781,41.3676643371582,35.698974609375,183.928
2016-09-20,1313.699951171875,109.85028839111328,41.47760009765625,35.72627639770508,183.928
2016-09-21,1326.9000244140625,110.93004608154297,41.70532989501953,36.072120666503906,183.928
2016-09-22,1340.4000244140625,111.81259155273438,42.074398040771484,36.33605194091797,183.928
2016-09-23,1337.199951171875,111.09902954101562,41.88593292236328,36.25414276123047,183.928
2016-09-24,1337.199951171875,111.09902954101562,41.88593292236328,36.25414276123047,183.928
2016-09-25,1337.199951171875,111.09902954101562,41.88593292236328,36.25414276123047,183.928
2016-09-26,1339.699951171875,110.16951751708984,41.53256607055664,35.853694915771484,183.928
2016-09-27,1325.9000244140625,111.25865173339844,41.70532989501953,36.21773147583008,183.928
2016-09-28,1319.4000244140625,111.4464111328125,41.7759895324707,36.317848205566406,183.928
2016-09-29,1321.699951171875,110.63896179199219,41.3676643371582,36.131282806396484,183.928
2016-09-30,1313.300048828125,111.46520233154297,41.78385925292969,36.422515869140625,183.928
2016-10-01,1313.300048828125,111.46520233154297,41.78385925292969,36.422515869140625,183.997
2016-10-02,1313.300048828125,111.46520233154297,41.78385925292969,36.422515869140625,183.997
2016-10-03,1309.0,111.30561065673828,41.5168571472168,36.39976501464844,183.997
2016-10-04,1266.300048828125,111.1366195678711,41.16350173950195,36.2723503112793,183.997
2016-10-05,1265.199951171875,111.53091430664062,41.12423324584961,36.422515869140625,183.997
2016-10-06,1249.800048828125,111.47457885742188,41.2027587890625,36.449825286865234,183.997
2016-10-07,1248.9000244140625,111.23047637939453,41.09281539916992,36.285987854003906,183.997
2016-10-08,1248.9000244140625,111.23047637939453,41.09281539916992,36.285987854003906,183.997
2016-10-09,1248.9000244140625,111.23047637939453,41.09281539916992,36.285987854003906,183.997
2016-10-10,1248.9000244140625,111.93464660644531,41.09281539916992,36.34514236450195,183.997
2016-10-11,1253.0,110.33851623535156,40.880794525146484,35.903751373291016,183.997
2016-10-12,1251.0999755859375,110.24464416503906,41.108516693115234,36.072120666503906,183.997
2016-10-13,1255.0,109.85028839111328,41.11637878417969,35.940155029296875,183.997
2016-10-14,1253.0999755859375,109.98173522949219,41.12423324584961,35.899200439453125,183.997
2016-10-15,1253.0999755859375,109.98173522949219,41.12423324584961,35.899200439453125,183.997
2016-10-16,1253.0999755859375,109.98173522949219,41.12423324584961,35.899200439453125,183.997
2016-10-17,1254.4000244140625,109.68131256103516,40.92791748046875,35.603416442871094,183.997
2016-10-18,1260.800048828125,110.65775299072266,41.05355453491211,35.84004592895508,183.997
2016-10-19,1267.9000244140625,110.64837646484375,40.81797790527344,35.99931335449219,183.997
2016-10-20,1265.5999755859375,110.51693725585938,40.794429779052734,35.931053161621094,183.997
2016-10-21,1265.9000244140625,110.93004608154297,41.01430130004883,36.21773147583008,183.997
2016-10-22,1265.9000244140625,110.93004608154297,41.01430130004883,36.21773147583008,183.997
2016-10-23,1265.9000244140625,110.93004608154297,41.01430130004883,36.21773147583008,183.997
2016-10-24,1262.0,112.26323699951172,41.28128433227539,36.47711181640625,183.997
2016-10-25,1271.9000244140625,111.9064712524414,41.43048095703125,36.04936218261719,183.997
2016-10-26,1264.800048828125,111.14598846435547,41.375526428222656,35.894657135009766,183.997
2016-10-27,1267.9000244140625,110.63896179199219,41.18704605102539,35.59431076049805,183.997
2016-10-28,1275.5,109.94417572021484,41.359806060791016,35.51240158081055,183.997
2016-10-29,1275.5,109.94417572021484,41.359806060791016,35.51240158081055,183.997
2016-10-30,1275.5,109.94417572021484,41.359806060791016,35.51240158081055,183.997
2016-10-31,1271.5,109.84093475341797,41.46189498901367,35.539703369140625,183.997
2016-11-01,1286.4000244140625,109.01470947265625,41.28128433227539,35.2894287109375,184.206
2016-11-02,1306.800048828125,108.1415023803711,41.179195404052734,35.0755500793457,184.206
2016-11-03,1302.0999755859375,107.08061218261719,40.89651870727539,34.98454284667969,184.206
2016-11-04,1303.300048828125,106.70501708984375,40.52743911743164,34.91628646850586,184.206
2016-11-05,1303.300048828125,106.70501708984375,40.52743911743164,34.91628646850586,184.206
2016-11-06,1303.300048828125,106.70501708984375,40.52743911743164,34.91628646850586,184.206
2016-11-07,1278.300048828125,109.2400131225586,41.210601806640625,35.72172546386719,184.206
2016-11-08,1273.4000244140625,109.9535903930664,41.383365631103516,35.86735534667969,184.206
2016-11-09,1272.5999755859375,110.46060180664062,40.81797790527344,35.940155029296875,184.206
2016-11-10,1265.5,108.67670440673828,39.726463317871094,36.072120666503906,184.206
2016-11-11,1265.5,108.72364044189453,39.68720245361328,36.27688980102539,184.206
2016-11-12,1265.5,108.72364044189453,39.68720245361328,36.27688980102539,184.206
2016-11-13,1265.5,108.72364044189453,39.68720245361328,36.27688980102539,184.206
2016-11-14,1221.199951171875,107.6251220703125,39.61653137207031,36.28145217895508,184.206
2016-11-15,1224.0,109.11795043945312,39.85996627807617,36.422515869140625,184.206
2016-11-16,1223.4000244140625,109.76579284667969,39.86781311035156,36.622737884521484,184.206
2016-11-17,1216.5,110.56387329101562,39.79713821411133,37.06412887573242,184.206
2016-11-18,1208.5,110.15074157714844,39.65578079223633,36.95036697387695,184.206
2016-11-19,1208.5,110.15074157714844,39.65578079223633,36.95036697387695,184.206
2016-11-20,1208.5,110.15074157714844,39.65578079223633,36.95036697387695,184.206
2016-11-21,1209.5999755859375,111.29618835449219,39.922786712646484,37.191551208496094,184.206
2016-11-22,1211.0,111.63418579101562,40.12693786621094,37.63294982910156,184.206
2016-11-23,1189.0999755859375,111.18351745605469,39.90707778930664,37.66935348510742,184.206
2016-11-24,1189.0999755859375,111.18351745605469,39.90707778930664,37.66935348510742,184.206
2016-11-25,1178.199951171875,111.54032135009766,40.22117233276367,37.76036834716797,184.206
2016-11-26,1178.199951171875,111.54032135009766,40.22117233276367,37.76036834716797,184.206
2016-11-27,1178.199951171875,111.54032135009766,40.22117233276367,37.76036834716797,184.206
2016-11-28,1190.5999755859375,111.28679656982422,40.30755615234375,37.46003723144531,184.206
2016-11-29,1187.9000244140625,111.67173767089844,40.36252975463867,37.56014633178711,184.206
2016-11-30,1170.800048828125,110.31974792480469,39.7186279296875,37.246150970458984,184.206
2016-12-01,1166.9000244140625,108.4137954711914,39.45947265625,37.26435470581055,184.379
2016-12-02,1175.0999755859375,108.62974548339844,39.71076583862305,37.059593200683594,184.379
2016-12-03,1175.0999755859375,108.62974548339844,39.71076583862305,37.059593200683594,184.379
2016-12-04,1175.0999755859375,108.62974548339844,39.71076583862305,37.059593200683594,184.379
2016-12-05,1174.0,109.47476196289062,39.757869720458984,37.46458053588867,184.379
2016-12-06,1167.5999755859375,109.73766326904297,39.87565612792969,37.5510368347168,184.379
2016-12-07,1175.0,111.12718963623047,40.44891357421875,38.279136657714844,184.379
2016-12-08,1169.800048828125,111.32435607910156,40.283992767333984,38.279136657714844,184.379
2016-12-09,1159.4000244140625,112.1975326538086,40.8651008605957,38.36558151245117,184.379
2016-12-10,1159.4000244140625,112.1975326538086,40.8651008605957,38.36558151245117,184.379
2016-12-11,1159.4000244140625,112.1975326538086,40.8651008605957,38.36558151245117,184.379
2016-12-12,1163.5,111.69053649902344,41.03000259399414,38.047061920166016,184.379
2016-12-13,1156.699951171875,113.09886932373047,41.218467712402344,38.388343811035156,184.379
2016-12-14,1161.300048828125,112.86414337158203,40.77085876464844,38.128963470458984,184.379
2016-12-15,1127.800048828125,113.04254913330078,40.94362258911133,38.03794860839844,184.379
2016-12-16,1135.300048828125,112.62346649169922,41.17780303955078,37.85118865966797,184.379
2016-12-17,1135.300048828125,112.62346649169922,41.17780303955078,37.85118865966797,184.379
2016-12-18,1135.300048828125,112.62346649169922,41.17780303955078,37.85118865966797,184.379
2016-12-19,1140.5,113.08492279052734,41.25690460205078,37.9518928527832,184.379
2016-12-20,1131.5,113.5180892944336,41.17780303955078,38.25401306152344,184.379
2016-12-21,1131.0999755859375,113.43331909179688,41.16988754272461,38.23570251464844,184.379
2016-12-22,1128.800048828125,113.11314392089844,41.10658645629883,37.823734283447266,184.379
2016-12-23,1131.9000244140625,113.1884994506836,41.18570327758789,37.741329193115234,184.379
2016-12-24,1131.9000244140625,113.1884994506836,41.18570327758789,37.741329193115234,184.379
2016-12-25,1131.9000244140625,113.1884994506836,41.18570327758789,37.741329193115234,184.379
2016-12-26,1131.9000244140625,113.1884994506836,41.18570327758789,37.741329193115234,184.379
2016-12-27,1137.300048828125,113.77234649658203,41.17780303955078,37.887821197509766,184.379
2016-12-28,1139.4000244140625,112.88715362548828,40.92463302612305,37.62689971923828,184.379
2016-12-29,1156.4000244140625,112.72709655761719,41.114501953125,37.57654571533203,184.379
2016-12-30,1150.0,111.56884002685547,40.908809661865234,37.26069259643555,184.379
2016-12-31,1150.0,111.56884002685547,40.908809661865234,37.26069259643555,184.379
2017-01-01,1150.0,111.56884002685547,40.908809661865234,37.26069259643555,184.633
2017-01-02,1150.0,111.56884002685547,40.908809661865234,37.26069259643555,184.633
2017-01-03,1160.4000244140625,112.5669937133789,41.05912780761719,37.480411529541016,184.633
2017-01-04,1163.800048828125,113.17906951904297,41.05912780761719,37.97936248779297,184.633
2017-01-05,1179.699951171875,113.81941986083984,41.19361877441406,37.9518928527832,184.633
2017-01-06,1171.9000244140625,114.81758117675781,41.23316955566406,38.13957214355469,184.633
2017-01-07,1171.9000244140625,114.81758117675781,41.23316955566406,38.13957214355469,184.633
2017-01-08,1171.9000244140625,114.81758117675781,41.23316955566406,38.13957214355469,184.633
2017-01-09,1183.5,115.19425201416016,40.90089416503906,38.1075439453125,184.633
2017-01-10,1184.199951171875,115.44851684570312,40.69520950317383,38.244850158691406,184.633
2017-01-11,1195.5999755859375,115.75921630859375,40.77432632446289,38.32725524902344,184.633
2017-01-12,1198.9000244140625,115.580322265625,40.73476791381836,38.29064178466797,184.633
2017-01-13,1195.300048828125,115.9758529663086,40.75849533081055,38.43252182006836,184.633
2017-01-14,1195.300048828125,115.9758529663086,40.75849533081055,38.43252182006836,184.633
2017-01-15,1195.300048828125,115.9758529663086,40.75849533081055,38.43252182006836,184.633
2017-01-16,1195.300048828125,115.9758529663086,40.75849533081055,38.43252182006836,184.633
2017-01-17,1212.0,115.62738800048828,41.33601379394531,38.496612548828125,184.633
2017-01-18,1211.300048828125,115.86282348632812,41.478424072265625,38.42795181274414,184.633
2017-01-19,1200.9000244140625,115.80633544921875,41.32810592651367,38.3089485168457,184.633
2017-01-20,1204.300048828125,116.06058502197266,41.59709930419922,38.41880416870117,184.633
2017-01-21,1204.300048828125,116.06058502197266,41.59709930419922,38.41880416870117,184.633
2017-01-22,1204.300048828125,116.06058502197266,41.59709930419922,38.41880416870117,184.633
2017-01-23,1215.0,116.15474700927734,41.58127212524414,38.44627380371094,184.633
2017-01-24,1210.300048828125,116.93632507324219,41.85816192626953,38.762115478515625,184.633
2017-01-25,1197.300048828125,118.11341857910156,41.850250244140625,39.00014114379883,184.633
2017-01-26,1189.5,118.2358169555664,41.66828536987305,39.05964279174805,184.633
2017-01-27,1188.0999755859375,118.46183776855469,41.438865661621094,38.93605422973633,184.633
2017-01-28,1188.0999755859375,118.46183776855469,41.438865661621094,38.93605422973633,184.633
2017-01-29,1188.0999755859375,118.46183776855469,41.438865661621094,38.93605422973633,184.633
2017-01-30,1193.199951171875,117.53901672363281,41.4072265625,38.890289306640625,184.633
2017-01-31,1208.5999755859375,117.3035888671875,41.60499954223633,38.83076858520508,184.633
2017-02-01,1205.5999755859375,118.11341857910156,41.2806396484375,38.757530212402344,185.001
2017-02-02,1216.699951171875,118.00983428955078,41.66036605834961,38.725486755371094,185.001
2017-02-03,1218.5,118.34882354736328,41.92936325073242,38.67512512207031,185.001
2017-02-04,1218.5,118.34882354736328,41.92936325073242,38.67512512207031,185.001
2017-02-05,1218.5,118.34882354736328,41.92936325073242,38.67512512207031,185.001
2017-02-06,1230.0,118.49007415771484,41.69993591308594,38.56071090698242,185.001
2017-02-07,1234.199951171875,118.92326354980469,42.04011154174805,38.524085998535156,185.001
2017-02-08,1237.5999755859375,119.12101745605469,42.214149475097656,38.762115478515625,185.001
2017-02-09,1235.0999755859375,119.55419921875,42.38820266723633,39.00471496582031,185.001
2017-02-10,1234.4000244140625,119.94967651367188,42.41985321044922,39.24274826049805,185.001
2017-02-11,1234.4000244140625,119.94967651367188,42.41985321044922,39.24274826049805,185.001
2017-02-12,1234.4000244140625,119.94967651367188,42.41985321044922,39.24274826049805,185.001
2017-02-13,1224.4000244140625,120.62767791748047,42.41985321044922,39.28852462768555,185.001
2017-02-14,1223.9000244140625,121.0325927734375,42.427757263183594,39.5128173828125,185.001
2017-02-15,1231.699951171875,121.74826049804688,42.81541442871094,39.71879577636719,185.001
2017-02-16,1240.0,121.7105941772461,42.870784759521484,39.51740646362305,185.001
2017-02-17,1237.5999755859375,122.23790740966797,43.084388732910156,39.645565032958984,185.001
2017-02-18,1237.5999755859375,122.23790740966797,43.084388732910156,39.645565032958984,185.001
2017-02-19,1237.5999755859375,122.23790740966797,43.084388732910156,39.645565032958984,185.001
2017-02-20,1237.5999755859375,122.23790740966797,43.084388732910156,39.645565032958984,185.001
2017-02-21,1237.5,122.8405990600586,43.47203826904297,39.87444305419922,185.001
2017-02-22,1232.0,122.8876724243164,43.479957580566406,39.87444305419922,185.001
2017-02-23,1250.199951171875,122.4262466430664,43.582794189453125,39.6043701171875,185.001
2017-02-24,1256.9000244140625,122.66166687011719,43.73310852050781,39.78746032714844,185.001
2017-02-25,1256.9000244140625,122.66166687011719,43.73310852050781,39.78746032714844,185.001
2017-02-26,1256.9000244140625,122.66166687011719,43.73310852050781,39.78746032714844,185.001
2017-02-27,1257.4000244140625,122.8123550415039,43.53532409667969,39.8332405090332,185.001
2017-02-28,1252.5999755859375,122.43568420410156,43.5907096862793,39.53569793701172,185.001
2017-03-01,1248.9000244140625,123.77285766601562,43.79640197753906,39.9797248840332,186.51
2017-03-02,1231.9000244140625,123.15133666992188,43.788490295410156,39.883602142333984,186.51
2017-03-03,1225.5,123.37733459472656,43.622344970703125,39.824092864990234,186.51
2017-03-04,1225.5,123.37733459472656,43.622344970703125,39.824092864990234,186.51
2017-03-05,1225.5,123.37733459472656,43.622344970703125,39.824092864990234,186.51
2017-03-06,1224.5,123.104248046875,43.43248748779297,39.69591522216797,186.51
2017-03-07,1215.0999755859375,122.89708709716797,43.377113342285156,39.567752838134766,186.51
2017-03-08,1208.5,123.11369323730469,43.282169342041016,39.7325439453125,186.51
2017-03-09,1202.4000244140625,123.20783233642578,43.353370666503906,39.69591522216797,186.51
2017-03-10,1200.699951171875,123.72575378417969,43.55113983154297,39.75542449951172,186.51
2017-03-11,1200.699951171875,123.72575378417969,43.55113983154297,39.75542449951172,186.51
2017-03-12,1200.699951171875,123.72575378417969,43.55113983154297,39.75542449951172,186.51
2017-03-13,1202.4000244140625,123.93295288085938,43.582794189453125,39.8607063293457,186.51
2017-03-14,1201.9000244140625,123.631591796875,43.45621871948242,39.85155487060547,186.51
2017-03-15,1200.0999755859375,124.39433288574219,43.78057098388672,40.06210708618164,186.51
2017-03-16,1226.5,124.30955505371094,43.8438606262207,40.05754089355469,186.51
2017-03-17,1229.800048828125,124.26618957519531,43.724578857421875,40.10850143432617,186.51
2017-03-18,1229.800048828125,124.26618957519531,43.724578857421875,40.10850143432617,186.51
2017-03-19,1229.800048828125,124.26618957519531,43.724578857421875,40.10850143432617,186.51
2017-03-20,1233.5999755859375,124.37942504882812,43.812049865722656,40.012088775634766,186.51
2017-03-21,1246.0999755859375,122.4921646118164,43.77230453491211,39.50706481933594,186.51
2017-03-22,1249.300048828125,123.32258605957031,43.684810638427734,39.55295944213867,186.51
2017-03-23,1246.9000244140625,123.01119232177734,43.58937072753906,39.64479064941406,186.51
2017-03-24,1248.199951171875,123.26596069335938,43.50189208984375,39.74119567871094,186.51
2017-03-25,1248.199951171875,123.26596069335938,43.50189208984375,39.74119567871094,186.51
2017-03-26,1248.199951171875,123.26596069335938,43.50189208984375,39.74119567871094,186.51
2017-03-27,1255.4000244140625,123.46409606933594,43.462135314941406,39.72743606567383,186.51
2017-03-28,1255.300048828125,124.2190170288086,43.54165267944336,40.030452728271484,186.51
2017-03-29,1253.4000244140625,124.79460144042969,43.621185302734375,40.26919174194336,186.51
2017-03-30,1245.0,125.00224304199219,43.53370666503906,40.374786376953125,186.51
2017-03-31,1247.300048828125,124.91730499267578,43.40645980834961,40.3793830871582,186.51
2017-04-01,1247.300048828125,124.91730499267578,43.40645980834961,40.3793830871582,188.524
2017-04-02,1247.300048828125,124.91730499267578,43.40645980834961,40.3793830871582,188.524
2017-04-03,1250.800048828125,124.8417739868164,43.33488082885742,40.21869659423828,188.524
2017-04-04,1255.0,125.03994750976562,43.462135314941406,40.154415130615234,188.524
2017-04-05,1245.4000244140625,124.53042602539062,43.382606506347656,40.05799865722656,188.524
2017-04-06,1250.300048828125,124.596435546875,43.382606506347656,40.18195724487305,188.524
2017-04-07,1254.300048828125,124.53042602539062,43.50189208984375,40.06258773803711,188.524
2017-04-08,1254.300048828125,124.53042602539062,43.50189208984375,40.06258773803711,188.524
2017-04-09,1254.300048828125,124.53042602539062,43.50189208984375,40.06258773803711,188.524
2017-04-10,1251.0999755859375,124.57757568359375,43.6291389465332,40.209510803222656,188.524
2017-04-11,1271.199951171875,124.03968811035156,43.645050048828125,40.1773681640625,188.524
2017-04-12,1275.300048828125,123.53959655761719,43.812049865722656,40.01667404174805,188.524
2017-04-13,1285.9000244140625,123.04891967773438,43.61322784423828,39.73661422729492,188.524
2017-04-14,1285.9000244140625,123.04891967773438,43.61322784423828,39.73661422729492,188.524
2017-04-15,1285.9000244140625,123.04891967773438,43.61322784423828,39.73661422729492,188.524
2017-04-16,1285.9000244140625,123.04891967773438,43.61322784423828,39.73661422729492,188.524
2017-04-17,1289.4000244140625,124.06805419921875,43.92338180541992,40.14523696899414,188.524
2017-04-18,1291.699951171875,123.87932586669922,44.12221145629883,40.149818420410156,188.524
2017-04-19,1281.4000244140625,124.07744598388672,43.955204010009766,40.18655776977539,188.524
2017-04-20,1281.9000244140625,125.11543273925781,43.867733001708984,40.60893249511719,188.524
2017-04-21,1287.4000244140625,125.08715057373047,43.74046325683594,40.517112731933594,188.524
2017-04-22,1287.4000244140625,125.08715057373047,43.74046325683594,40.517112731933594,188.524
2017-04-23,1287.4000244140625,125.08715057373047,43.74046325683594,40.517112731933594,188.524
2017-04-24,1275.800048828125,126.59696197509766,44.13812255859375,40.77881622314453,188.524
2017-04-25,1265.5999755859375,127.5122299194336,44.31308364868164,41.10019302368164,188.524
2017-04-26,1262.0999755859375,127.33302307128906,43.955204010009766,41.29302215576172,188.524
2017-04-27,1263.699951171875,128.09730529785156,43.89952850341797,41.51339340209961,188.524
2017-04-28,1266.0999755859375,128.3238067626953,43.883636474609375,41.34811782836914,188.524
2017-04-29,1266.0999755859375,128.3238067626953,43.883636474609375,41.34811782836914,188.524
2017-04-30,1266.0999755859375,128.3238067626953,43.883636474609375,41.34811782836914,188.524
2017-05-01,1253.300048828125,129.46556091308594,43.71662139892578,41.4032096862793,190.519
2017-05-02,1255.0999755859375,129.68258666992188,43.4223747253418,41.44912338256836,190.519
2017-05-03,1246.4000244140625,129.2673797607422,43.462135314941406,41.20579147338867,190.519
2017-05-04,1226.5,129.31455993652344,43.796146392822266,41.141517639160156,190.519
2017-05-05,1224.800048828125,129.7864532470703,43.91543960571289,41.39862060546875,190.519
2017-05-06,1224.800048828125,129.7864532470703,43.91543960571289,41.39862060546875,190.519
2017-05-07,1224.800048828125,129.7864532470703,43.91543960571289,41.39862060546875,190.519
2017-05-08,1225.300048828125,130.06947326660156,43.89952850341797,41.476661682128906,190.519
2017-05-09,1214.300048828125,130.5224609375,43.74046325683594,41.71540832519531,190.519
2017-05-10,1217.300048828125,130.597900390625,43.77230453491211,41.57308578491211,190.519
2017-05-11,1222.699951171875,130.494140625,43.83592224121094,41.32516098022461,190.519
2017-05-12,1226.199951171875,130.78660583496094,43.708675384521484,41.26547622680664,190.519
2017-05-13,1226.199951171875,130.78660583496094,43.708675384521484,41.26547622680664,190.519
2017-05-14,1226.199951171875,130.78660583496094,43.708675384521484,41.26547622680664,190.519
2017-05-15,1228.5999755859375,131.20179748535156,43.851810455322266,41.27465057373047,190.519
2017-05-16,1235.0,131.74911499023438,43.812049865722656,41.13233184814453,190.519
2017-05-17,1257.5,128.3992919921875,43.74843215942383,40.466609954833984,190.519
2017-05-18,1251.699951171875,129.5221710205078,43.78023147583008,40.70076370239258,190.519
2017-05-19,1252.699951171875,130.06947326660156,44.018829345703125,40.97623825073242,190.519
2017-05-20,1252.699951171875,130.06947326660156,44.018829345703125,40.97623825073242,190.519
2017-05-21,1252.699951171875,130.06947326660156,44.018829345703125,40.97623825073242,190.519
2017-05-22,1260.699951171875,131.16412353515625,44.2653694152832,41.18283462524414,190.519
2017-05-23,1254.800048828125,131.2961883544922,44.31308364868164,41.026737213134766,190.519
2017-05-24,1252.4000244140625,131.900146484375,44.488040924072266,41.17364501953125,190.519
2017-05-25,1255.800048828125,133.0230255126953,44.766395568847656,41.5363655090332,190.519
2017-05-26,1267.5999755859375,133.2589569091797,44.93339920043945,41.66032028198242,190.519
2017-05-27,1267.5999755859375,133.2589569091797,44.93339920043945,41.66032028198242,190.519
2017-05-28,1267.5999755859375,133.2589569091797,44.93339920043945,41.66032028198242,190.519
2017-05-29,1267.5999755859375,133.2589569091797,44.93339920043945,41.66032028198242,190.519
2017-05-30,1262.0999755859375,133.3721923828125,44.9174919128418,41.69245910644531,190.519
2017-05-31,1272.0,133.32496643066406,45.04475021362305,41.802650451660156,190.519
2017-06-01,1267.0,133.84400939941406,45.41056823730469,42.19748306274414,192.243
2017-06-02,1276.800048828125,135.37269592285156,45.54576110839844,42.34900665283203,192.243
2017-06-03,1276.800048828125,135.37269592285156,45.54576110839844,42.34900665283203,192.243
2017-06-04,1276.800048828125,135.37269592285156,45.54576110839844,42.34900665283203,192.243
2017-06-05,1279.300048828125,135.3443603515625,45.593482971191406,42.23421859741211,192.243
2017-06-06,1294.4000244140625,134.80648803710938,45.48215103149414,41.87151336669922,192.243
2017-06-07,1290.0999755859375,135.3348846435547,45.46623611450195,41.944976806640625,192.243
2017-06-08,1276.300048828125,135.47647094726562,45.124271392822266,41.67407989501953,192.243
2017-06-09,1268.5,132.08889770507812,45.0685920715332,41.49043655395508,192.243
2017-06-10,1268.5,132.08889770507812,45.0685920715332,41.49043655395508,192.243
2017-06-11,1268.5,132.08889770507812,45.0685920715332,41.49043655395508,192.243
2017-06-12,1266.0999755859375,131.38113403320312,45.06063461303711,41.46748352050781,192.243
2017-06-13,1265.800048828125,132.44741821289062,45.13222122192383,41.72459030151367,192.243
2017-06-14,1272.800048828125,131.87184143066406,45.41852951049805,41.70164108276367,192.243
2017-06-15,1252.199951171875,131.2867889404297,45.31513977050781,41.52716827392578,192.243
2017-06-16,1254.0,130.71714782714844,44.8390998840332,41.51565933227539,192.243
2017-06-17,1254.0,130.71714782714844,44.8390998840332,41.51565933227539,192.243
2017-06-18,1254.0,130.71714782714844,44.8390998840332,41.51565933227539,192.243
2017-06-19,1244.199951171875,132.90289306640625,45.055484771728516,41.833412170410156,192.243
2017-06-20,1241.0,131.86204528808594,44.87916946411133,41.30841827392578,192.243
2017-06-21,1243.4000244140625,133.16781616210938,44.750938415527344,41.37289810180664,192.243
2017-06-22,1247.5999755859375,133.1299591064453,44.45442199707031,41.27618408203125,192.243
2017-06-23,1256.199951171875,133.64093017578125,44.47045135498047,41.22553253173828,192.243
2017-06-24,1256.199951171875,133.64093017578125,44.47045135498047,41.22553253173828,192.243
2017-06-25,1256.199951171875,133.64093017578125,44.47045135498047,41.22553253173828,192.243
2017-06-26,1246.300048828125,133.01641845703125,44.646751403808594,41.37289810180664,192.243
2017-06-27,1246.4000244140625,130.6036376953125,44.2620735168457,41.045928955078125,192.243
2017-06-28,1248.0,132.4865264892578,44.42237091064453,41.46039581298828,192.243
2017-06-29,1244.199951171875,130.1873321533203,43.94952392578125,41.05975341796875,192.243
2017-06-30,1240.699951171875,130.23458862304688,44.02967071533203,41.27618408203125,192.243
2017-07-01,1240.699951171875,130.23458862304688,44.02967071533203,41.27618408203125,193.487
2017-07-02,1240.699951171875,130.23458862304688,44.02967071533203,41.27618408203125,193.487
2017-07-03,1217.9000244140625,128.8626251220703,43.98960494995117,41.23474884033203,193.487
2017-07-04,1217.9000244140625,128.8626251220703,43.98960494995117,41.23474884033203,193.487
2017-07-05,1220.4000244140625,130.13050842285156,43.957542419433594,41.1334342956543,193.487
2017-07-06,1222.199951171875,128.95726013183594,43.7091064453125,40.7143669128418,193.487
2017-07-07,1208.5999755859375,130.34811401367188,43.68505859375,41.078163146972656,193.487
2017-07-08,1208.5999755859375,130.34811401367188,43.68505859375,41.078163146972656,193.487
2017-07-09,1208.5999755859375,130.34811401367188,43.68505859375,41.078163146972656,193.487
2017-07-10,1212.0999755859375,131.19972229003906,43.38051986694336,41.165672302246094,193.487
2017-07-11,1213.5999755859375,131.56874084472656,43.260311126708984,41.08277130126953,193.487
2017-07-12,1218.0999755859375,133.1299591064453,43.500736236572266,41.39592361450195,193.487
2017-07-13,1216.300048828125,133.4232635498047,43.508750915527344,41.4005241394043,193.487
2017-07-14,1226.5999755859375,134.47357177734375,43.853355407714844,41.53407669067383,193.487
2017-07-15,1226.5999755859375,134.47357177734375,43.853355407714844,41.53407669067383,193.487
2017-07-16,1226.5999755859375,134.47357177734375,43.853355407714844,41.53407669067383,193.487
2017-07-17,1232.800048828125,134.5397491455078,43.901451110839844,41.63539123535156,193.487
2017-07-18,1241.0999755859375,135.43870544433594,43.901451110839844,41.8242073059082,193.487
2017-07-19,1241.199951171875,136.23348999023438,44.061729431152344,42.0268440246582,193.487
2017-07-20,1244.800048828125,136.41326904296875,44.069740295410156,41.9393424987793,193.487
2017-07-21,1254.300048828125,136.35647583007812,44.14187240600586,41.96696853637695,193.487
2017-07-22,1254.300048828125,136.35647583007812,44.14187240600586,41.96696853637695,193.487
2017-07-23,1254.300048828125,136.35647583007812,44.14187240600586,41.96696853637695,193.487
2017-07-24,1253.9000244140625,136.98095703125,43.997615814208984,41.8242073059082,193.487
2017-07-25,1251.699951171875,136.63087463378906,44.302154541015625,42.11894607543945,193.487
2017-07-26,1249.0,137.0756072998047,44.294132232666016,42.100521087646484,193.487
2017-07-27,1259.5999755859375,136.2145538330078,44.726905822753906,42.409061431884766,193.487
2017-07-28,1268.4000244140625,136.1010284423828,44.35022735595703,42.08670425415039,193.487
2017-07-29,1268.4000244140625,136.1010284423828,44.35022735595703,42.08670425415039,193.487
2017-07-30,1268.4000244140625,136.1010284423828,44.35022735595703,42.08670425415039,193.487
2017-07-31,1266.5999755859375,135.5238037109375,44.33420181274414,42.07289505004883,193.487
2017-08-01,1272.5999755859375,135.83607482910156,44.28612518310547,42.146575927734375,194.32
2017-08-02,1271.800048828125,136.20506286621094,44.25406265258789,42.03144073486328,194.32
2017-08-03,1267.800048828125,135.67526245117188,44.2140007019043,41.91630554199219,194.32
2017-08-04,1258.300048828125,135.9212188720703,44.09378433227539,41.92090606689453,194.32
2017-08-05,1258.300048828125,135.9212188720703,44.09378433227539,41.92090606689453,194.32
2017-08-06,1258.300048828125,135.9212188720703,44.09378433227539,41.92090606689453,194.32
2017-08-07,1258.199951171875,136.78228759765625,44.42237091064453,42.01762771606445,194.32
2017-08-08,1256.4000244140625,136.54576110839844,44.25406265258789,42.040653228759766,194.32
2017-08-09,1273.0,136.36595153808594,44.32619094848633,41.79658508300781,194.32
2017-08-10,1283.699951171875,133.44224548339844,44.14187240600586,41.1702766418457,194.32
2017-08-11,1287.699951171875,134.45465087890625,44.173919677734375,41.38211441040039,194.32
2017-08-12,1287.699951171875,134.45465087890625,44.173919677734375,41.38211441040039,194.32
2017-08-13,1287.699951171875,134.45465087890625,44.173919677734375,41.38211441040039,194.32
2017-08-14,1284.199951171875,136.18614196777344,44.39029312133789,41.676841735839844,194.32
2017-08-15,1273.699951171875,136.28076171875,44.61469650268555,41.294612884521484,194.32
2017-08-16,1276.9000244140625,136.51734924316406,44.76697540283203,41.506446838378906,194.32
2017-08-17,1286.4000244140625,133.72607421875,44.358245849609375,40.84330749511719,194.32
2017-08-18,1285.699951171875,133.63140869140625,44.238037109375,40.64067840576172,194.32
2017-08-19,1285.699951171875,133.63140869140625,44.238037109375,40.64067840576172,194.32
2017-08-20,1285.699951171875,133.63140869140625,44.238037109375,40.64067840576172,194.32
2017-08-21,1290.800048828125,133.4611053466797,44.39832305908203,40.7143669128418,194.32
2017-08-22,1285.0999755859375,135.4954833984375,44.40633010864258,41.151851654052734,194.32
2017-08-23,1288.9000244140625,135.01287841796875,44.278099060058594,40.801849365234375,194.32
2017-08-24,1286.5,134.615478515625,43.669029235839844,40.7143669128418,194.32
2017-08-25,1292.5,134.33164978027344,43.81328201293945,40.8156623840332,194.32
2017-08-26,1292.5,134.33164978027344,43.81328201293945,40.8156623840332,194.32
2017-08-27,1292.5,134.33164978027344,43.81328201293945,40.8156623840332,194.32
2017-08-28,1309.699951171875,134.74795532226562,43.68505859375,40.83871841430664,194.32
2017-08-29,1313.0999755859375,135.27783203125,43.83732986450195,40.801849365234375,194.32
2017-08-30,1308.0999755859375,136.86746215820312,43.82931137084961,41.096588134765625,194.32
2017-08-31,1316.199951171875,138.33399963378906,43.8453369140625,41.29000473022461,194.32
2017-09-01,1324.5,138.144775390625,44.053714752197266,41.478824615478516,194.79
2017-09-02,1324.5,138.144775390625,44.053714752197266,41.478824615478516,194.79
2017-09-03,1324.5,138.144775390625,44.053714752197266,41.478824615478516,194.79
2017-09-04,1324.5,138.144775390625,44.053714752197266,41.478824615478516,194.79
2017-09-05,1339.199951171875,136.90530395507812,44.11781692504883,41.30841827392578,194.79
2017-09-06,1333.9000244140625,137.32168579101562,44.302154541015625,41.566314697265625,194.79
2017-09-07,1345.0999755859375,137.6433563232422,44.36627197265625,41.20711898803711,194.79
2017-09-08,1346.0,136.4511260986328,44.149879455566406,41.064353942871094,194.79
2017-09-09,1346.0,136.4511260986328,44.149879455566406,41.064353942871094,194.79
2017-09-10,1346.0,136.4511260986328,44.149879455566406,41.064353942871094,194.79
2017-09-11,1331.0,138.0217742919922,44.42237091064453,41.28080368041992,194.79
2017-09-12,1328.0,138.3529510498047,44.51853561401367,41.46500015258789,194.79
2017-09-13,1323.4000244140625,138.54225158691406,44.542572021484375,41.764339447021484,194.79
2017-09-14,1324.699951171875,137.72848510742188,44.45442199707031,41.538692474365234,194.79
2017-09-15,1320.4000244140625,138.2016143798828,44.531837463378906,41.42222595214844,194.79
2017-09-16,1320.4000244140625,138.2016143798828,44.531837463378906,41.42222595214844,194.79
2017-09-17,1320.4000244140625,138.2016143798828,44.531837463378906,41.42222595214844,194.79
2017-09-18,1306.300048828125,138.02047729492188,44.59636306762695,41.27897262573242,194.79
2017-09-19,1306.199951171875,138.2575225830078,44.45926284790039,41.24199295043945,194.79
2017-09-20,1312.0,137.830810546875,44.03184509277344,41.38063430786133,194.79
2017-09-21,1290.5999755859375,136.98683166503906,43.61249923706055,41.31131362915039,194.79
2017-09-22,1293.300048828125,136.8540802001953,43.483455657958984,41.38063430786133,194.79
2017-09-23,1293.300048828125,136.8540802001953,43.483455657958984,41.38063430786133,194.79
2017-09-24,1293.300048828125,136.8540802001953,43.483455657958984,41.38063430786133,194.79
2017-09-25,1306.800048828125,135.41268920898438,43.79798126220703,41.2928352355957,194.79
2017-09-26,1297.0,135.7635955810547,43.90281677246094,41.29743957519531,194.79
2017-09-27,1283.4000244140625,136.98683166503906,43.56410217285156,41.523895263671875,194.79
2017-09-28,1285.5,136.93943786621094,43.56410217285156,41.47306442260742,194.79
2017-09-29,1281.5,137.92562866210938,43.5318489074707,41.63018798828125,194.79
2017-09-30,1281.5,137.92562866210938,43.5318489074707,41.63018798828125,194.79
2017-10-01,1281.5,137.92562866210938,43.5318489074707,41.63018798828125,195.055
2017-10-02,1272.699951171875,138.0489501953125,43.45119857788086,41.70876693725586,195.055
2017-10-03,1271.5,138.3428497314453,43.49958419799805,41.88436508178711,195.055
2017-10-04,1273.699951171875,138.47561645507812,43.63668441772461,42.10158920288086,195.055
2017-10-05,1269.9000244140625,139.83169555664062,43.83023452758789,42.3372802734375,195.055
2017-10-06,1271.5999755859375,140.02130126953125,43.39476013183594,42.38811492919922,195.055
2017-10-07,1271.5999755859375,140.02130126953125,43.39476013183594,42.38811492919922,195.055
2017-10-08,1271.5999755859375,140.02130126953125,43.39476013183594,42.38811492919922,195.055
2017-10-09,1281.800048828125,139.860107421875,43.273780822753906,42.25410079956055,195.055
2017-10-10,1290.5999755859375,139.96441650390625,43.65280532836914,42.212493896484375,195.055
2017-10-11,1285.800048828125,140.3816375732422,43.74152755737305,42.2356071472168,195.055
2017-10-12,1293.300048828125,140.12562561035156,43.92700958251953,41.953697204589844,195.055
2017-10-13,1301.5,140.6661376953125,44.007652282714844,42.15704345703125,195.055
2017-10-14,1301.5,140.6661376953125,44.007652282714844,42.15704345703125,195.055
2017-10-15,1301.5,140.6661376953125,44.007652282714844,42.15704345703125,195.055
2017-10-16,1299.9000244140625,141.1497344970703,44.02378463745117,42.212493896484375,195.055
2017-10-17,1283.0,141.32994079589844,43.862483978271484,42.2356071472168,195.055
2017-10-18,1279.9000244140625,141.15921020507812,43.8060302734375,42.120052337646484,195.055
2017-10-19,1286.9000244140625,140.6376953125,43.572166442871094,42.120052337646484,195.055
2017-10-20,1277.4000244140625,141.01699829101562,43.46732711791992,42.22174835205078,195.055
2017-10-21,1277.4000244140625,141.01699829101562,43.46732711791992,42.22174835205078,195.055
2017-10-22,1277.4000244140625,141.01699829101562,43.46732711791992,42.22174835205078,195.055
2017-10-23,1277.699951171875,140.09719848632812,43.43507385253906,41.935211181640625,195.055
2017-10-24,1275.0,140.3342742919922,43.281837463378906,42.0368766784668,195.055
2017-10-25,1275.4000244140625,139.80320739746094,43.160884857177734,41.87512969970703,195.055
2017-10-26,1266.300048828125,139.3574981689453,43.19314956665039,42.02301788330078,195.055
2017-10-27,1268.5,143.41612243652344,42.82218551635742,42.70237731933594,195.055
2017-10-28,1268.5,143.41612243652344,42.82218551635742,42.70237731933594,195.055
2017-10-29,1268.5,143.41612243652344,42.82218551635742,42.70237731933594,195.055
2017-10-30,1274.0999755859375,143.73851013183594,42.45928192138672,42.50827407836914,195.055
2017-10-31,1267.0,144.27906799316406,42.8140983581543,42.51289367675781,195.055
2017-11-01,1274.0999755859375,144.2316131591797,42.95121383666992,42.52674865722656,195.419
2017-11-02,1274.9000244140625,143.9566192626953,42.84638214111328,42.20787811279297,195.419
2017-11-03,1266.5,145.341064453125,42.85443115234375,42.378868103027344,195.419
2017-11-04,1266.5,145.341064453125,42.85443115234375,42.378868103027344,195.419
2017-11-05,1266.5,145.341064453125,42.85443115234375,42.378868103027344,195.419
2017-11-06,1279.4000244140625,145.83416748046875,42.3947639465332,42.68851089477539,195.419
2017-11-07,1273.699951171875,145.91952514648438,42.87055969238281,42.43431854248047,195.419
2017-11-08,1281.5999755859375,146.50743103027344,43.33830642700195,42.48054122924805,195.419
2017-11-09,1285.5999755859375,145.73936462402344,43.33024215698242,42.54523849487305,195.419
2017-11-10,1272.4000244140625,145.7299041748047,43.77378463745117,42.68851089477539,195.419
2017-11-11,1272.4000244140625,145.7299041748047,43.77378463745117,42.68851089477539,195.419
2017-11-12,1272.4000244140625,145.7299041748047,43.77378463745117,42.68851089477539,195.419
2017-11-13,1277.300048828125,145.9100799560547,44.02378463745117,42.8317756652832,195.419
2017-11-14,1281.5,145.37901306152344,44.177001953125,42.868751525878906,195.419
2017-11-15,1276.5,144.69627380371094,43.70926284790039,42.68389892578125,195.419
2017-11-16,1277.4000244140625,146.54541015625,44.31409454345703,43.039737701416016,195.419
2017-11-17,1295.800048828125,145.9859161376953,44.1608772277832,43.22922897338867,195.419
2017-11-18,1295.800048828125,145.9859161376953,44.1608772277832,43.22922897338867,195.419
2017-11-19,1295.800048828125,145.9859161376953,44.1608772277832,43.22922897338867,195.419
2017-11-20,1274.5999755859375,145.87213134765625,44.112483978271484,43.31241226196289,195.419
2017-11-21,1281.0999755859375,147.45571899414062,44.25764465332031,43.58046340942383,195.419
2017-11-22,1291.5999755859375,147.63589477539062,44.201194763183594,43.62204360961914,195.419
2017-11-23,1291.5999755859375,147.63589477539062,44.201194763183594,43.62204360961914,195.419
2017-11-24,1286.699951171875,148.17640686035156,44.168941497802734,43.73295974731445,195.419
2017-11-25,1286.699951171875,148.17640686035156,44.168941497802734,43.73295974731445,195.419
2017-11-26,1286.699951171875,148.17640686035156,44.168941497802734,43.73295974731445,195.419
2017-11-27,1293.800048828125,148.1100616455078,44.19312286376953,43.76531982421875,195.419
2017-11-28,1294.699951171875,148.48934936523438,44.556026458740234,44.250572204589844,195.419
2017-11-29,1282.0999755859375,145.9005889892578,44.78990173339844,44.44004821777344,195.419
2017-11-30,1273.199951171875,147.1238250732422,45.20118713378906,44.66649627685547,195.419
2017-12-01,1278.800048828125,146.49798583984375,45.31407928466797,44.64801788330078,195.816
2017-12-02,1278.800048828125,146.49798583984375,45.31407928466797,44.64801788330078,195.816
2017-12-03,1278.800048828125,146.49798583984375,45.31407928466797,44.64801788330078,195.816
2017-12-04,1274.300048828125,144.81007385253906,45.74150848388672,45.16562271118164,195.816
2017-12-05,1261.5999755859375,144.90489196777344,45.66893005371094,44.90681457519531,195.816
2017-12-06,1262.800048828125,145.55917358398438,45.959251403808594,44.615665435791016,195.816
2017-12-07,1249.800048828125,146.0522918701172,45.51570129394531,44.731197357177734,195.816
2017-12-08,1245.199951171875,146.6970977783203,45.63667297363281,44.943782806396484,195.816
2017-12-09,1245.199951171875,146.6970977783203,45.63667297363281,44.943782806396484,195.816
2017-12-10,1245.199951171875,146.6970977783203,45.63667297363281,44.943782806396484,195.816
2017-12-11,1243.699951171875,147.8350067138672,45.628597259521484,45.04083251953125,195.816
2017-12-12,1238.5,147.63589477539062,45.63667297363281,45.05931854248047,195.816
2017-12-13,1245.4000244140625,147.92039489746094,45.89473342895508,45.09629821777344,195.816
2017-12-14,1253.800048828125,147.81607055664062,45.69310760498047,45.23493194580078,195.816
2017-12-15,1254.300048828125,149.4945068359375,46.211448669433594,45.430625915527344,195.816
2017-12-16,1254.300048828125,149.4945068359375,46.211448669433594,45.430625915527344,195.816
2017-12-17,1254.300048828125,149.4945068359375,46.211448669433594,45.430625915527344,195.816
2017-12-18,1262.199951171875,150.74790954589844,46.18708419799805,45.83869934082031,195.816
2017-12-19,1260.699951171875,149.8546600341797,46.243961334228516,45.778419494628906,195.816
2017-12-20,1266.0999755859375,149.69314575195312,46.1627082824707,45.690303802490234,195.816
2017-12-21,1267.300048828125,149.71212768554688,46.13020706176758,45.98708724975586,195.816
2017-12-22,1275.4000244140625,149.54107666015625,46.20332717895508,45.898983001708984,195.816
2017-12-23,1275.4000244140625,149.54107666015625,46.20332717895508,45.898983001708984,195.816
2017-12-24,1275.4000244140625,149.54107666015625,46.20332717895508,45.898983001708984,195.816
2017-12-25,1275.4000244140625,149.54107666015625,46.20332717895508,45.898983001708984,195.816
2017-12-26,1284.0999755859375,148.7333984375,46.308937072753906,46.00099563598633,195.816
2017-12-27,1287.0,148.75233459472656,46.30082321166992,45.90825653076172,195.816
2017-12-28,1294.0999755859375,148.93287658691406,46.227699279785156,46.033477783203125,195.816
2017-12-29,1306.300048828125,148.0111846923828,46.219581604003906,45.76451110839844,195.816
2017-12-30,1306.300048828125,148.0111846923828,46.219581604003906,45.76451110839844,195.816
2017-12-31,1306.300048828125,148.0111846923828,46.219581604003906,45.76451110839844,195.816
2018-01-01,1306.300048828125,148.0111846923828,46.219581604003906,45.76451110839844,196.088
2018-01-02,1313.699951171875,150.60536193847656,45.93522644042969,46.46009826660156,196.088
2018-01-03,1316.199951171875,152.06875610351562,45.918975830078125,46.67340087890625,196.088
2018-01-04,1319.4000244140625,152.33474731445312,46.04896545410156,46.82643127441406,196.088
2018-01-05,1320.300048828125,153.86474609375,46.25206756591797,47.1973991394043,196.088
2018-01-06,1320.300048828125,153.86474609375,46.25206756591797,47.1973991394043,196.088
2018-01-07,1320.300048828125,153.86474609375,46.25206756591797,47.1973991394043,196.088
2018-01-08,1318.5999755859375,154.46334838867188,46.365806579589844,47.2530517578125,196.088
2018-01-09,1311.699951171875,154.47286987304688,46.30082321166992,47.345787048339844,196.088
2018-01-10,1317.4000244140625,154.11180114746094,46.073333740234375,47.31333541870117,196.088
2018-01-11,1320.5999755859375,155.16656494140625,46.00835037231445,48.08311080932617,196.088
2018-01-12,1333.4000244140625,156.30685424804688,46.024593353271484,48.70448684692383,196.088
2018-01-13,1333.4000244140625,156.30685424804688,46.024593353271484,48.70448684692383,196.088
2018-01-14,1333.4000244140625,156.30685424804688,46.024593353271484,48.70448684692383,196.088
2018-01-15,1333.4000244140625,156.30685424804688,46.024593353271484,48.70448684692383,196.088
2018-01-16,1335.4000244140625,155.86021423339844,46.2358283996582,48.35669708251953,196.088
2018-01-17,1338.0,157.54217529296875,46.76390838623047,48.588565826416016,196.088
2018-01-18,1326.0,157.57066345214844,46.625797271728516,48.54683303833008,196.088
2018-01-19,1331.9000244140625,158.0648193359375,47.14574432373047,48.96880340576172,196.088
2018-01-20,1331.9000244140625,158.0648193359375,47.14574432373047,48.96880340576172,196.088
2018-01-21,1331.9000244140625,158.0648193359375,47.14574432373047,48.96880340576172,196.088
2018-01-22,1330.9000244140625,159.75624084472656,47.50322341918945,49.51136016845703,196.088
2018-01-23,1335.699951171875,161.07708740234375,47.34886169433594,49.9286994934082,196.088
2018-01-24,1355.9000244140625,160.03184509277344,47.44635009765625,50.142024993896484,196.088
2018-01-25,1362.4000244140625,159.97482299804688,47.470726013183594,50.05390548706055,196.088
2018-01-26,1351.5999755859375,162.42648315429688,47.69821548461914,50.54545593261719,196.088
2018-01-27,1351.5999755859375,162.42648315429688,47.69821548461914,50.54545593261719,196.088
2018-01-28,1351.5999755859375,162.42648315429688,47.69821548461914,50.54545593261719,196.088
2018-01-29,1351.5999755859375,161.63778686523438,47.511356353759766,50.406333923339844,196.088
2018-01-30,1335.4000244140625,160.3074188232422,47.19449996948242,50.15592575073242,196.088
2018-01-31,1339.0,160.97259521484375,46.97514343261719,49.993629455566406,196.088
2018-02-01,1344.300048828125,159.6042022705078,46.77204132080078,49.43716812133789,196.879
2018-02-02,1333.699951171875,156.42088317871094,45.878353118896484,48.96417236328125,196.879
2018-02-03,1333.699951171875,156.42088317871094,45.878353118896484,48.96417236328125,196.879
2018-02-04,1333.699951171875,156.42088317871094,45.878353118896484,48.96417236328125,196.879
2018-02-05,1333.0,150.2537384033203,44.212852478027344,47.31333541870117,196.879
2018-02-06,1326.0999755859375,154.23532104492188,44.700321197509766,48.52363586425781,196.879
2018-02-07,1311.5999755859375,152.2398223876953,44.50533676147461,48.3752555847168,196.879
2018-02-08,1316.9000244140625,145.81610107421875,43.54665756225586,46.44617462158203,196.879
2018-02-09,1313.0999755859375,148.33421325683594,43.63602828979492,46.756866455078125,196.879
2018-02-10,1313.0999755859375,148.33421325683594,43.63602828979492,46.756866455078125,196.879
2018-02-11,1313.0999755859375,148.33421325683594,43.63602828979492,46.756866455078125,196.879
2018-02-12,1324.199951171875,150.96649169921875,44.0828742980957,47.39216613769531,196.879
2018-02-13,1328.0999755859375,151.7456817626953,44.28596496582031,47.637939453125,196.879
2018-02-14,1355.5,154.5869140625,44.26160430908203,48.39842987060547,196.879
2018-02-15,1352.0999755859375,157.4566650390625,44.992801666259766,48.82969665527344,196.879
2018-02-16,1353.199951171875,156.7534637451172,45.17152786254883,48.593196868896484,196.879
2018-02-17,1353.199951171875,156.7534637451172,45.17152786254883,48.593196868896484,196.879
2018-02-18,1353.199951171875,156.7534637451172,45.17152786254883,48.593196868896484,196.879
2018-02-19,1353.199951171875,156.7534637451172,45.17152786254883,48.593196868896484,196.879
2018-02-20,1328.800048828125,157.06704711914062,44.14786911010742,48.44480514526367,196.879
2018-02-21,1330.0,156.62045288085938,43.619781494140625,48.3752555847168,196.879
2018-02-22,1330.5999755859375,156.60142517089844,43.73351287841797,48.435523986816406,196.879
2018-02-23,1328.199951171875,159.80381774902344,44.155982971191406,49.11256790161133,196.879
2018-02-24,1328.199951171875,159.80381774902344,44.155982971191406,49.11256790161133,196.879
2018-02-25,1328.199951171875,159.80381774902344,44.155982971191406,49.11256790161133,196.879
2018-02-26,1330.699951171875,161.92283630371094,44.432212829589844,49.52528381347656,196.879
2018-02-27,1315.5,159.91778564453125,43.84725570678711,48.47726821899414,196.879
2018-02-28,1315.5,158.8915557861328,43.392303466796875,48.259315490722656,196.879
2018-03-01,1302.9000244140625,156.29736328125,43.294795989990234,47.73994445800781,198.545
2018-03-02,1321.0999755859375,157.73226928710938,43.660404205322266,47.78632736206055,198.545
2018-03-03,1321.0999755859375,157.73226928710938,43.660404205322266,47.78632736206055,198.545
2018-03-04,1321.0999755859375,157.73226928710938,43.660404205322266,47.78632736206055,198.545
2018-03-05,1318.0999755859375,159.48068237304688,44.042240142822266,48.35669708251953,198.545
2018-03-06,1333.5999755859375,160.15536499023438,44.074745178222656,48.69057846069336,198.545
2018-03-07,1326.0,160.5260009765625,43.676639556884766,48.36133575439453,198.545
2018-03-08,1319.9000244140625,161.40972900390625,44.074745178222656,48.51436233520508,198.545
2018-03-09,1322.4000244140625,164.54559326171875,44.359100341796875,49.265594482421875,198.545
2018-03-10,1322.4000244140625,164.54559326171875,44.359100341796875,49.265594482421875,198.545
2018-03-11,1322.4000244140625,164.54559326171875,44.359100341796875,49.265594482421875,198.545
2018-03-12,1319.4000244140625,165.4197998046875,44.277854919433594,49.427894592285156,198.545
2018-03-13,1325.9000244140625,163.16769409179688,44.2453498840332,49.080108642578125,198.545
2018-03-14,1324.4000244140625,163.13919067382812,43.79851150512695,49.01982498168945,198.545
2018-03-15,1316.800048828125,162.99664306640625,43.489776611328125,48.96880340576172,198.545
2018-03-16,1311.300048828125,162.5120391845703,43.50531768798828,48.917659759521484,198.545
2018-03-17,1311.300048828125,162.5120391845703,43.50531768798828,48.917659759521484,198.545
2018-03-18,1311.300048828125,162.5120391845703,43.50531768798828,48.917659759521484,198.545
2018-03-19,1316.800048828125,159.0446319580078,43.08045959472656,48.30837631225586,198.545
2018-03-20,1311.0999755859375,159.5680694580078,42.957916259765625,48.59674835205078,198.545
2018-03-21,1320.699951171875,158.87332153320312,42.42686080932617,48.55953598022461,198.545
2018-03-22,1326.5999755859375,154.95188903808594,42.0755615234375,47.52704620361328,198.545
2018-03-23,1349.300048828125,150.86871337890625,41.55267333984375,46.59221267700195,198.545
2018-03-24,1349.300048828125,150.86871337890625,41.55267333984375,46.59221267700195,198.545
2018-03-25,1349.300048828125,150.86871337890625,41.55267333984375,46.59221267700195,198.545
2018-03-26,1354.4000244140625,156.47479248046875,42.149085998535156,47.9688835144043,198.545
2018-03-27,1341.300048828125,151.41123962402344,42.12458038330078,47.029415130615234,198.545
2018-03-28,1324.199951171875,149.66941833496094,42.70465850830078,46.45734786987305,198.545
2018-03-29,1322.800048828125,152.41061401367188,42.998775482177734,47.108463287353516,198.545
2018-03-30,1322.800048828125,152.41061401367188,42.998775482177734,47.108463287353516,198.545
2018-03-31,1322.800048828125,152.41061401367188,42.998775482177734,47.108463287353516,198.545
2018-04-01,1322.800048828125,152.41061401367188,42.998775482177734,47.108463287353516,200.584
2018-04-02,1342.0999755859375,148.01329040527344,41.94484329223633,45.7783317565918,200.584
2018-04-03,1332.800048828125,149.67898559570312,42.50040054321289,46.359676361083984,200.584
2018-04-04,1335.800048828125,152.03944396972656,43.162174224853516,47.210784912109375,200.584
2018-04-05,1324.300048828125,152.90554809570312,43.26837158203125,47.84330749511719,200.584
2018-04-06,1331.9000244140625,149.07931518554688,42.82719802856445,46.82476806640625,200.584
2018-04-07,1331.9000244140625,149.07931518554688,42.82719802856445,46.82476806640625,200.584
2018-04-08,1331.9000244140625,149.07931518554688,42.82719802856445,46.82476806640625,200.584
2018-04-09,1336.300048828125,150.1263427734375,42.80269241333008,46.71315002441406,200.584
2018-04-10,1342.0,153.43858337402344,42.90072250366211,47.28055191040039,200.584
2018-04-11,1356.5,152.5534210205078,42.819026947021484,47.13636779785156,200.584
2018-04-12,1338.4000244140625,154.390380859375,42.753684997558594,47.341007232666016,200.584
2018-04-13,1344.800048828125,153.5908660888672,42.96609115600586,47.07592010498047,200.584
2018-04-14,1344.800048828125,153.5908660888672,42.96609115600586,47.07592010498047,200.584
2018-04-15,1344.800048828125,153.5908660888672,42.96609115600586,47.07592010498047,200.584
2018-04-16,1347.5,154.7615203857422,43.43178176879883,47.429386138916016,200.584
2018-04-17,1347.199951171875,158.09286499023438,43.52981185913086,48.313045501708984,200.584
2018-04-18,1351.199951171875,158.4164581298828,43.203033447265625,48.54093551635742,200.584
2018-04-19,1346.800048828125,156.96018981933594,41.95301055908203,48.387454986572266,200.584
2018-04-20,1336.699951171875,154.47601318359375,41.25039291381836,47.894466400146484,200.584
2018-04-21,1336.699951171875,154.47601318359375,41.25039291381836,47.894466400146484,200.584
2018-04-22,1336.699951171875,154.47601318359375,41.25039291381836,47.894466400146484,200.584
2018-04-23,1322.5,154.08580017089844,41.20136260986328,47.99678039550781,200.584
2018-04-24,1331.4000244140625,150.82113647460938,40.939945220947266,47.23869323730469,200.584
2018-04-25,1321.199951171875,151.00192260742188,41.01346969604492,47.43403625488281,200.584
2018-04-26,1316.300048828125,154.18093872070312,41.258541107177734,48.201419830322266,200.584
2018-04-27,1320.300048828125,154.27613830566406,41.47915267944336,48.42000198364258,200.584
2018-04-28,1320.300048828125,154.27613830566406,41.47915267944336,48.42000198364258,200.584
2018-04-29,1320.300048828125,154.27613830566406,41.47915267944336,48.42000198364258,200.584
2018-04-30,1316.199951171875,153.1815948486328,41.21769714355469,48.22931671142578,200.584
2018-05-01,1303.800048828125,154.93289184570312,40.858219146728516,48.29442596435547,202.42
2018-05-02,1302.5999755859375,154.0191650390625,40.05756378173828,47.96421813964844,202.42
2018-05-03,1310.699951171875,154.00013732910156,40.01670837402344,47.75028991699219,202.42
2018-05-04,1312.699951171875,156.92213439941406,40.59678268432617,48.378143310546875,202.42
2018-05-05,1312.699951171875,156.92213439941406,40.59678268432617,48.378143310546875,202.42
2018-05-06,1312.699951171875,156.92213439941406,40.59678268432617,48.378143310546875,202.42
2018-05-07,1312.199951171875,158.22608947753906,40.343509674072266,48.54093551635742,202.42
2018-05-08,1312.0,158.06427001953125,40.180118560791016,48.3362922668457,202.42
2018-05-09,1311.300048828125,159.78701782226562,40.2373161315918,48.50371551513672,202.42
2018-05-10,1320.800048828125,161.44313049316406,40.47423553466797,48.680458068847656,202.42
2018-05-11,1319.0,161.2908477783203,40.47423553466797,48.782772064208984,202.42
2018-05-12,1319.0,161.2908477783203,40.47423553466797,48.782772064208984,202.42
2018-05-13,1319.0,161.2908477783203,40.47423553466797,48.782772064208984,202.42
2018-05-14,1316.5,161.56687927246094,40.4578857421875,48.87579345703125,202.42
2018-05-15,1288.9000244140625,159.77748107910156,40.30266189575195,48.59209060668945,202.42
2018-05-16,1290.199951171875,160.833984375,40.588619232177734,48.99671936035156,202.42
2018-05-17,1288.199951171875,160.21533203125,40.72750473022461,48.83393478393555,202.42
2018-05-18,1290.199951171875,159.3872528076172,40.47423553466797,48.773468017578125,202.42
2018-05-19,1290.199951171875,159.3872528076172,40.47423553466797,48.773468017578125,202.42
2018-05-20,1290.199951171875,159.3872528076172,40.47423553466797,48.773468017578125,202.42
2018-05-21,1290.199951171875,160.28196716308594,40.645816802978516,49.043212890625,202.42
2018-05-22,1291.699951171875,160.072509765625,40.5722770690918,48.82464599609375,202.42
2018-05-23,1289.300048828125,161.4241180419922,40.71934127807617,49.17808151245117,202.42
2018-05-24,1303.699951171875,161.37652587890625,40.6866455078125,49.28506851196289,202.42
2018-05-25,1303.300048828125,161.538330078125,40.75202941894531,49.3594856262207,202.42
2018-05-26,1303.300048828125,161.538330078125,40.75202941894531,49.3594856262207,202.42
2018-05-27,1303.300048828125,161.538330078125,40.75202941894531,49.3594856262207,202.42
2018-05-28,1303.300048828125,161.538330078125,40.75202941894531,49.3594856262207,202.42
2018-05-29,1298.699951171875,160.824462890625,40.66214370727539,48.97809600830078,202.42
2018-05-30,1301.5,161.9761199951172,41.234046936035156,49.424598693847656,202.42
2018-05-31,1300.0999755859375,161.87142944335938,40.5722770690918,49.187408447265625,202.42
2018-06-01,1294.800048828125,164.41278076171875,40.5722770690918,49.55016326904297,204.013
2018-06-02,1294.800048828125,164.41278076171875,40.5722770690918,49.55016326904297,204.013
2018-06-03,1294.800048828125,164.41278076171875,40.5722770690918,49.55016326904297,204.013
2018-06-04,1293.0999755859375,165.89755249023438,40.9072380065918,50.10361099243164,204.013
2018-06-05,1297.5,166.41151428222656,40.71934127807617,50.3966178894043,204.013
2018-06-06,1297.0999755859375,167.38229370117188,40.76835632324219,50.86636734008789,204.013
2018-06-07,1298.699951171875,166.0212860107422,41.02163314819336,51.01518249511719,204.013
2018-06-08,1298.0999755859375,166.03077697753906,41.52816390991211,51.12214660644531,204.013
2018-06-09,1298.0999755859375,166.03077697753906,41.52816390991211,51.12214660644531,204.013
2018-06-10,1298.0999755859375,166.03077697753906,41.52816390991211,51.12214660644531,204.013
2018-06-11,1298.9000244140625,166.47816467285156,41.87130355834961,51.32678985595703,204.013
2018-06-12,1295.0999755859375,167.3538055419922,41.95301055908203,51.57328414916992,204.013
2018-06-13,1296.9000244140625,167.34425354003906,41.82228469848633,51.652347564697266,204.013
2018-06-14,1304.0,169.03846740722656,41.89582443237305,52.19185256958008,204.013
2018-06-15,1274.5999755859375,168.4483184814453,42.43427276611328,52.27765655517578,204.013
2018-06-16,1274.5999755859375,168.4483184814453,42.43427276611328,52.27765655517578,204.013
2018-06-17,1274.5999755859375,168.4483184814453,42.43427276611328,52.27765655517578,204.013
2018-06-18,1276.199951171875,168.3510284423828,41.81678009033203,52.18904495239258,204.013
2018-06-19,1275.5999755859375,167.87417602539062,42.039066314697266,52.12377166748047,204.013
2018-06-20,1271.199951171875,169.06639099121094,42.08024215698242,52.37091827392578,204.013
2018-06-21,1267.199951171875,167.59750366210938,42.16257095336914,51.997867584228516,204.013
2018-06-22,1267.4000244140625,167.2255401611328,42.50837326049805,51.90926742553711,204.013
2018-06-23,1267.4000244140625,167.2255401611328,42.50837326049805,51.90926742553711,204.013
2018-06-24,1267.4000244140625,167.2255401611328,42.50837326049805,51.90926742553711,204.013
2018-06-25,1265.5999755859375,163.4578857421875,42.72243881225586,50.78081130981445,204.013
2018-06-26,1256.5999755859375,164.12557983398438,42.541297912597656,51.144527435302734,204.013
2018-06-27,1252.800048828125,161.89361572265625,42.45074462890625,50.48237228393555,204.013
2018-06-28,1247.800048828125,163.2861785888672,42.45074462890625,50.878746032714844,204.013
2018-06-29,1251.300048828125,163.72496032714844,42.4260368347168,50.96732711791992,204.013
2018-06-30,1251.300048828125,163.72496032714844,42.4260368347168,50.96732711791992,204.013
2018-07-01,1251.300048828125,163.72496032714844,42.4260368347168,50.96732711791992,204.922
2018-07-02,1239.800048828125,164.82186889648438,42.17904281616211,51.037269592285156,204.922
2018-07-03,1251.5999755859375,162.91421508789062,42.27784729003906,50.78081130981445,204.922
2018-07-04,1251.5999755859375,162.91421508789062,42.27784729003906,50.78081130981445,204.922
2018-07-05,1257.300048828125,164.93629455566406,42.86240768432617,51.03260803222656,204.922
2018-07-06,1254.300048828125,167.5021209716797,42.994140625,51.43364334106445,204.922
2018-07-07,1254.300048828125,167.5021209716797,42.994140625,51.43364334106445,204.922
2018-07-08,1254.300048828125,167.5021209716797,42.994140625,51.43364334106445,204.922
2018-07-09,1258.0999755859375,169.00917053222656,42.829471588134766,52.04916000366211,204.922
2018-07-10,1253.800048828125,169.13319396972656,43.33992385864258,52.16107940673828,204.922
2018-07-11,1242.800048828125,168.27474975585938,43.19997024536133,52.03983688354492,204.922
2018-07-12,1245.0,171.17442321777344,43.14232635498047,52.384910583496094,204.922
2018-07-13,1239.5999755859375,171.31747436523438,43.42226791381836,52.50147247314453,204.922
2018-07-14,1239.5999755859375,171.31747436523438,43.42226791381836,52.50147247314453,204.922
2018-07-15,1239.5999755859375,171.31747436523438,43.42226791381836,52.50147247314453,204.922
2018-07-16,1238.0999755859375,170.9073028564453,43.216434478759766,52.632041931152344,204.922
2018-07-17,1225.699951171875,171.947021484375,43.58692169189453,52.68333435058594,204.922
2018-07-18,1226.300048828125,171.6226806640625,43.23291015625,52.650699615478516,204.922
2018-07-19,1222.4000244140625,170.76422119140625,43.25761032104492,52.52945327758789,204.922
2018-07-20,1229.5,170.72607421875,43.521060943603516,52.296302795410156,204.922
2018-07-21,1229.5,170.72607421875,43.521060943603516,52.296302795410156,204.922
2018-07-22,1229.5,170.72607421875,43.521060943603516,52.296302795410156,204.922
2018-07-23,1224.0,171.2697296142578,43.249366760253906,52.2403450012207,204.922
2018-07-24,1223.9000244140625,171.97560119628906,43.33170700073242,52.086456298828125,204.922
2018-07-25,1231.4000244140625,174.3792724609375,43.661033630371094,52.468833923339844,204.922
2018-07-26,1225.300048828125,171.7371368408203,43.89156723022461,52.193721771240234,204.922
2018-07-27,1222.5999755859375,169.41928100585938,43.94920349121094,52.0584831237793,204.922
2018-07-28,1222.5999755859375,169.41928100585938,43.94920349121094,52.0584831237793,204.922
2018-07-29,1222.5999755859375,169.41928100585938,43.94920349121094,52.0584831237793,204.922
2018-07-30,1221.300048828125,167.02525329589844,43.89978790283203,51.64347457885742,204.922
2018-07-31,1223.699951171875,168.30331420898438,44.10563278198242,51.88595962524414,204.922
2018-08-01,1217.9000244140625,168.9424591064453,43.73512268066406,51.62948989868164,205.301
2018-08-02,1210.5999755859375,171.24114990234375,44.17972946166992,51.98388671875,205.301
2018-08-03,1214.199951171875,171.76576232910156,44.698429107666016,52.16107940673828,205.301
2018-08-04,1214.199951171875,171.76576232910156,44.698429107666016,52.16107940673828,205.301
2018-08-05,1214.199951171875,171.76576232910156,44.698429107666016,52.16107940673828,205.301
2018-08-06,1208.5999755859375,172.77682495117188,44.73958969116211,52.51081085205078,205.301
2018-08-07,1209.5999755859375,173.40634155273438,44.467891693115234,52.75328826904297,205.301
2018-08-08,1212.5999755859375,173.6162109375,44.130332946777344,52.80924606323242,205.301
2018-08-09,1211.9000244140625,173.51126098632812,43.99860382080078,53.00509262084961,205.301
2018-08-10,1211.0999755859375,172.18544006347656,43.83393478393555,52.56210708618164,205.301
2018-08-11,1211.0999755859375,172.18544006347656,43.83393478393555,52.56210708618164,205.301
2018-08-12,1211.0999755859375,172.18544006347656,43.83393478393555,52.56210708618164,205.301
2018-08-13,1191.300048828125,171.99464416503906,43.83393478393555,52.296302795410156,205.301
2018-08-14,1193.0,173.072509765625,44.1385612487793,52.80458450317383,205.301
2018-08-15,1177.5,170.95501708984375,44.3196907043457,52.16107940673828,205.301
2018-08-16,1176.199951171875,171.51779174804688,44.95365524291992,52.417545318603516,205.301
2018-08-17,1176.5,171.55589294433594,45.2994499206543,52.46417236328125,205.301
2018-08-18,1176.5,171.55589294433594,45.2994499206543,52.46417236328125,205.301
2018-08-19,1176.5,171.55589294433594,45.2994499206543,52.46417236328125,205.301
2018-08-20,1186.800048828125,171.40333557128906,45.27476119995117,52.83721160888672,205.301
2018-08-21,1192.5999755859375,172.03277587890625,44.95365524291992,53.256900787353516,205.301
2018-08-22,1196.300048828125,172.70050048828125,44.67372131347656,53.31283950805664,205.301
2018-08-23,1187.0,172.45249938964844,44.566688537597656,53.261558532714844,205.301
2018-08-24,1206.300048828125,174.05490112304688,44.509063720703125,53.57398223876953,205.301
2018-08-25,1206.300048828125,174.05490112304688,44.509063720703125,53.57398223876953,205.301
2018-08-26,1206.300048828125,174.05490112304688,44.509063720703125,53.57398223876953,205.301
2018-08-27,1209.0,175.82907104492188,44.53376007080078,53.91905212402344,205.301
2018-08-28,1207.4000244140625,176.08660888671875,44.385562896728516,54.02629089355469,205.301
2018-08-29,1204.5,178.11827087402344,44.43496322631836,54.63249588012695,205.301
2018-08-30,1197.699951171875,177.8035125732422,44.29499053955078,54.32007598876953,205.301
2018-08-31,1200.300048828125,178.03245544433594,44.278526306152344,54.53457260131836,205.301
2018-09-01,1200.300048828125,178.03245544433594,44.278526306152344,54.53457260131836,205.347
2018-09-02,1200.300048828125,178.03245544433594,44.278526306152344,54.53457260131836,205.347
2018-09-03,1200.300048828125,178.03245544433594,44.278526306152344,54.53457260131836,205.347
2018-09-04,1192.699951171875,177.26937866210938,44.22089385986328,54.637168884277344,205.347
2018-09-05,1194.9000244140625,174.9801483154297,44.731353759765625,54.049617767333984,205.347
2018-09-06,1197.9000244140625,173.4158477783203,44.8548469543457,53.900394439697266,205.347
2018-09-07,1193.5999755859375,172.74818420410156,44.76428985595703,53.89573669433594,205.347
2018-09-08,1193.5999755859375,172.74818420410156,44.76428985595703,53.89573669433594,205.347
2018-09-09,1193.5999755859375,172.74818420410156,44.76428985595703,53.89573669433594,205.347
2018-09-10,1193.0,173.33001708984375,44.92072677612305,54.09624481201172,205.347
2018-09-11,1195.4000244140625,174.66539001464844,44.75605010986328,54.529911041259766,205.347
2018-09-12,1204.699951171875,174.15032958984375,45.27476119995117,54.63249588012695,205.347
2018-09-13,1202.0,176.0102996826172,45.20888900756836,54.725765228271484,205.347
2018-09-14,1195.0,175.4952850341797,45.08538818359375,54.52057647705078,205.347
2018-09-15,1195.0,175.4952850341797,45.08538818359375,54.52057647705078,205.347
2018-09-16,1195.0,175.4952850341797,45.08538818359375,54.52057647705078,205.347
2018-09-17,1199.699951171875,172.96755981445312,45.25005340576172,53.84444046020508,205.347
2018-09-18,1196.800048828125,174.3983154296875,45.0606803894043,54.529911041259766,205.347
2018-09-19,1202.199951171875,174.26478576660156,44.978355407714844,54.55322265625,205.347
2018-09-20,1206.199951171875,176.19149780273438,45.546451568603516,54.926273345947266,205.347
2018-09-21,1196.199951171875,175.22816467285156,45.61941909790039,54.68352508544922,205.347
2018-09-22,1196.199951171875,175.22816467285156,45.61941909790039,54.68352508544922,205.347
2018-09-23,1196.199951171875,175.22816467285156,45.61941909790039,54.68352508544922,205.347
2018-09-24,1199.300048828125,175.71551513671875,44.922935485839844,54.32809066772461,205.347
2018-09-25,1200.0,175.9543914794922,44.65761184692383,54.5572509765625,205.347
2018-09-26,1194.0,176.07858276367188,44.70734786987305,54.68352508544922,205.347
2018-09-27,1182.300048828125,177.5692596435547,44.649314880371094,54.870609283447266,205.347
2018-09-28,1191.5,177.53099060058594,44.71565246582031,54.8238525390625,205.347
2018-09-29,1191.5,177.53099060058594,44.71565246582031,54.8238525390625,205.347
2018-09-30,1191.5,177.53099060058594,44.71565246582031,54.8238525390625,205.347
2018-10-01,1187.0999755859375,177.8941650390625,44.68248748779297,54.65547180175781,205.342
2018-10-02,1202.4000244140625,177.49282836914062,44.93952560424805,53.91650390625,205.342
2018-10-03,1198.300048828125,177.6839141845703,44.4586067199707,53.73410415649414,205.342
2018-10-04,1197.199951171875,174.27261352539062,44.35082244873047,52.892234802246094,205.342
2018-10-05,1201.199951171875,172.1417236328125,44.30937576293945,52.49470138549805,205.342
2018-10-06,1201.199951171875,172.1417236328125,44.30937576293945,52.49470138549805,205.342
2018-10-07,1201.199951171875,172.1417236328125,44.30937576293945,52.49470138549805,205.342
2018-10-08,1184.4000244140625,171.09066772460938,44.922935485839844,52.63032913208008,205.342
2018-10-09,1187.199951171875,171.6448516845703,44.82344055175781,52.475990295410156,205.342
2018-10-10,1189.300048828125,164.09603881835938,44.28450393676758,50.70808792114258,205.342
2018-10-11,1223.5,162.0607452392578,43.19002151489258,49.81477355957031,205.342
2018-10-12,1218.0999755859375,166.57089233398438,43.430477142333984,50.73613739013672,205.342
2018-10-13,1218.0999755859375,166.57089233398438,43.430477142333984,50.73613739013672,205.342
2018-10-14,1218.0999755859375,166.57089233398438,43.430477142333984,50.73613739013672,205.342
2018-10-15,1226.4000244140625,164.55471801757812,43.695804595947266,50.61922073364258,205.342
2018-10-16,1227.300048828125,169.34197998046875,44.18500518798828,51.634124755859375,205.342
2018-10-17,1223.699951171875,169.40887451171875,44.39229202270508,51.208534240722656,205.342
2018-10-18,1226.5,165.48158264160156,44.33424377441406,50.22635269165039,205.342
2018-10-19,1225.300048828125,165.3286895751953,45.345802307128906,49.735260009765625,205.342
2018-10-20,1225.300048828125,165.3286895751953,45.345802307128906,49.735260009765625,205.342
2018-10-21,1225.300048828125,165.3286895751953,45.345802307128906,49.735260009765625,205.342
2018-10-22,1221.199951171875,166.17913818359375,45.00585174560547,49.936363220214844,205.342
2018-10-23,1233.4000244140625,165.5675811767578,45.204833984375,49.94572830200195,205.342
2018-10-24,1227.800048828125,157.9900665283203,45.39555358886719,48.453765869140625,205.342
2018-10-25,1229.0999755859375,163.455810546875,45.503334045410156,49.91766357421875,205.342
2018-10-26,1232.5,159.2513885498047,44.63274002075195,48.36490249633789,205.342
2018-10-27,1232.5,159.2513885498047,44.63274002075195,48.36490249633789,205.342
2018-10-28,1232.5,159.2513885498047,44.63274002075195,48.36490249633789,205.342
2018-10-29,1224.5,155.973876953125,45.14679718017578,47.93928909301758,205.342
2018-10-30,1222.5999755859375,158.5443115234375,46.04228210449219,48.6595573425293,205.342
2018-10-31,1212.300048828125,162.2709503173828,45.61112594604492,49.286277770996094,205.342
2018-11-01,1236.0,164.4113311767578,45.934486389160156,50.291831970214844,205.079
2018-11-02,1230.9000244140625,161.8505401611328,45.694034576416016,50.49760437011719,205.079
2018-11-03,1230.9000244140625,161.8505401611328,45.694034576416016,50.49760437011719,205.079
2018-11-04,1230.9000244140625,161.8505401611328,45.694034576416016,50.49760437011719,205.079
2018-11-05,1229.800048828125,161.4491729736328,46.266143798828125,50.5677604675293,205.079
2018-11-06,1223.800048828125,162.67227172851562,46.54805374145508,50.792259216308594,205.079
2018-11-07,1226.199951171875,167.77488708496094,46.81338119506836,52.16730499267578,205.079
2018-11-08,1222.9000244140625,166.7046661376953,46.83826446533203,52.18134307861328,205.079
2018-11-09,1206.4000244140625,163.89535522460938,47.111873626708984,51.456398010253906,205.079
2018-11-10,1206.4000244140625,163.89535522460938,47.111873626708984,51.456398010253906,205.079
2018-11-11,1206.4000244140625,163.89535522460938,47.111873626708984,51.456398010253906,205.079
2018-11-12,1201.300048828125,158.9361114501953,46.863136291503906,50.422786712646484,205.079
2018-11-13,1199.199951171875,159.06985473632812,46.75533676147461,50.39940643310547,205.079
2018-11-14,1207.9000244140625,157.85630798339844,46.44026565551758,50.02055740356445,205.079
2018-11-15,1212.800048828125,160.61782836914062,46.36564636230469,49.94572830200195,205.079
2018-11-16,1220.800048828125,160.05409240722656,46.481727600097656,49.74929428100586,205.079
2018-11-17,1220.800048828125,160.05409240722656,46.481727600097656,49.74929428100586,205.079
2018-11-18,1220.800048828125,160.05409240722656,46.481727600097656,49.74929428100586,205.079
2018-11-19,1223.0999755859375,154.8558807373047,46.4071044921875,48.53327941894531,205.079
2018-11-20,1219.0,152.0848388671875,45.63599395751953,47.43417739868164,205.079
2018-11-21,1225.800048828125,153.24102783203125,45.27116775512695,47.92993927001953,205.079
2018-11-22,1225.800048828125,153.24102783203125,45.27116775512695,47.92993927001953,205.079
2018-11-23,1221.0,152.13259887695312,45.42870330810547,47.71479797363281,205.079
2018-11-24,1221.0,152.13259887695312,45.42870330810547,47.71479797363281,205.079
2018-11-25,1221.0,152.13259887695312,45.42870330810547,47.71479797363281,205.079
2018-11-26,1220.199951171875,155.64898681640625,45.486751556396484,48.785823822021484,205.079
2018-11-27,1211.199951171875,156.17457580566406,45.893028259277344,48.930824279785156,205.079
2018-11-28,1221.4000244140625,161.20071411132812,46.27444076538086,50.37601089477539,205.079
2018-11-29,1224.0999755859375,160.67520141601562,46.349056243896484,50.14216232299805,205.079
2018-11-30,1220.199951171875,161.8409423828125,46.647552490234375,50.50697326660156,205.079
2018-12-01,1220.199951171875,161.8409423828125,46.647552490234375,50.50697326660156,204.669
2018-12-02,1220.199951171875,161.8409423828125,46.647552490234375,50.50697326660156,204.669
2018-12-03,1233.9000244140625,164.6693572998047,46.689002990722656,51.45172882080078,204.669
2018-12-04,1241.0999755859375,158.35321044921875,45.901329040527344,49.59962844848633,204.669
2018-12-05,1241.0999755859375,158.35321044921875,45.901329040527344,49.59962844848633,204.669
2018-12-06,1238.0999755859375,159.47122192382812,45.95107650756836,49.83815002441406,204.669
2018-12-07,1246.800048828125,154.2061767578125,45.370670318603516,48.346187591552734,204.669
2018-12-08,1246.800048828125,154.2061767578125,45.370670318603516,48.346187591552734,204.669
2018-12-09,1246.800048828125,154.2061767578125,45.370670318603516,48.346187591552734,204.669
2018-12-10,1243.699951171875,155.821044921875,45.370670318603516,48.383609771728516,204.669
2018-12-11,1241.9000244140625,156.33697509765625,45.74378204345703,48.40232849121094,204.669
2018-12-12,1244.4000244140625,157.71298217773438,45.68574905395508,48.912109375,204.669
2018-12-13,1242.699951171875,157.76072692871094,45.967655181884766,48.668907165527344,204.669
2018-12-14,1237.0,153.91949462890625,45.18826675415039,47.859779357910156,204.669
2018-12-15,1237.0,153.91949462890625,45.18826675415039,47.859779357910156,204.669
2018-12-16,1237.0,153.91949462890625,45.18826675415039,47.859779357910156,204.669
2018-12-17,1247.4000244140625,150.4317169189453,44.14353942871094,46.643775939941406,204.669
2018-12-18,1249.199951171875,151.377685546875,43.62117385864258,47.008583068847656,204.669
2018-12-19,1252.0999755859375,147.66067504882812,43.19831466674805,46.077850341796875,204.669
2018-12-20,1263.5999755859375,145.52020263671875,42.427207946777344,45.04422378540039,204.669
2018-12-21,1253.800048828125,141.00997924804688,41.98711013793945,44.023460388183594,204.669
2018-12-22,1253.800048828125,141.00997924804688,41.98711013793945,44.023460388183594,204.669
2018-12-23,1253.800048828125,141.00997924804688,41.98711013793945,44.023460388183594,204.669
2018-12-24,1267.5,137.51327514648438,40.77384567260742,43.18770217895508,204.669
2018-12-25,1267.5,137.51327514648438,40.77384567260742,43.18770217895508,204.669
2018-12-26,1269.199951171875,146.0994873046875,41.911800384521484,45.74664306640625,204.669
2018-12-27,1277.300048828125,146.6648406982422,42.31342315673828,45.99081039428711,204.669
2018-12-28,1279.9000244140625,146.588134765625,42.31342315673828,45.995513916015625,204.669
2018-12-29,1279.9000244140625,146.588134765625,42.31342315673828,45.995513916015625,204.669
2018-12-30,1279.9000244140625,146.588134765625,42.31342315673828,45.995513916015625,204.669
2018-12-31,1278.300048828125,147.82435607910156,42.489139556884766,46.4885139465332,204.669
2019-01-01,1278.300048828125,147.82435607910156,42.489139556884766,46.4885139465332,204.17
2019-01-02,1281.0,148.41847229003906,42.23811721801758,46.840667724609375,204.17
2019-01-03,1291.800048828125,143.56959533691406,41.99546432495117,45.826473236083984,204.17
2019-01-04,1282.699951171875,149.71221923828125,42.890769958496094,47.34306335449219,204.17
2019-01-05,1282.699951171875,149.71221923828125,42.890769958496094,47.34306335449219,204.17
2019-01-06,1282.699951171875,149.71221923828125,42.890769958496094,47.34306335449219,204.17
2019-01-07,1286.800048828125,151.49456787109375,42.832183837890625,48.413604736328125,204.17
2019-01-08,1283.199951171875,152.8649139404297,43.225460052490234,48.94887161254883,204.17
2019-01-09,1289.300048828125,154.1106719970703,42.823822021484375,49.19771957397461,204.17
2019-01-10,1284.699951171875,154.55148315429688,43.0748405456543,49.05686950683594,204.17
2019-01-11,1287.0999755859375,153.9861297607422,43.20036315917969,49.103824615478516,204.17
2019-01-12,1287.0999755859375,153.9861297607422,43.20036315917969,49.103824615478516,204.17
2019-01-13,1287.0999755859375,153.9861297607422,43.20036315917969,49.103824615478516,204.17
2019-01-14,1289.0999755859375,152.62533569335938,42.991172790527344,48.803306579589844,204.17
2019-01-15,1286.199951171875,155.6056365966797,43.417903900146484,49.24467849731445,204.17
2019-01-16,1291.5999755859375,155.57684326171875,43.18362808227539,49.13198471069336,204.17
2019-01-17,1291.0,156.80345153808594,43.367706298828125,49.465362548828125,204.17
2019-01-18,1281.300048828125,158.35586547851562,43.886478424072266,50.150875091552734,204.17
2019-01-19,1281.300048828125,158.35586547851562,43.886478424072266,50.150875091552734,204.17
2019-01-20,1281.300048828125,158.35586547851562,43.886478424072266,50.150875091552734,204.17
2019-01-21,1281.300048828125,158.35586547851562,43.886478424072266,50.150875091552734,204.17
2019-01-22,1282.5,155.1839141845703,43.4848518371582,49.39961624145508,204.17
2019-01-23,1283.0999755859375,155.3851776123047,44.00362014770508,49.49822235107422,204.17
2019-01-24,1279.0999755859375,156.39137268066406,43.45974349975586,49.70481872558594,204.17
2019-01-25,1297.4000244140625,158.26002502441406,43.284027099609375,50.25417709350586,204.17
2019-01-26,1297.4000244140625,158.26002502441406,43.284027099609375,50.25417709350586,204.17
2019-01-27,1297.4000244140625,158.26002502441406,43.284027099609375,50.25417709350586,204.17
2019-01-28,1302.4000244140625,156.30511474609375,43.46810531616211,49.96306610107422,204.17
2019-01-29,1308.199951171875,154.82940673828125,43.56850814819336,49.63908767700195,204.17
2019-01-30,1309.9000244140625,158.76795959472656,43.86137008666992,50.61573028564453,204.17
2019-01-31,1319.699951171875,161.1444854736328,44.67300033569336,51.07585144042969,204.17
2019-02-01,1316.9000244140625,160.46405029296875,44.53075408935547,50.32930374145508,204.395
2019-02-02,1316.9000244140625,160.46405029296875,44.53075408935547,50.32930374145508,204.395
2019-02-03,1316.9000244140625,160.46405029296875,44.53075408935547,50.32930374145508,204.395
2019-02-04,1314.300048828125,162.45729064941406,44.81524658203125,50.65796661376953,204.395
2019-02-05,1314.199951171875,163.89471435546875,44.823612213134766,51.132198333740234,204.395
2019-02-06,1309.5,163.4059600830078,44.83198547363281,50.920902252197266,204.395
2019-02-07,1309.4000244140625,161.2115020751953,44.798519134521484,50.503013610839844,204.395
2019-02-08,1313.699951171875,161.52777099609375,45.007694244384766,50.30113220214844,204.395
2019-02-09,1313.699951171875,161.52777099609375,45.007694244384766,50.30113220214844,204.395
2019-02-10,1313.699951171875,161.52777099609375,45.007694244384766,50.30113220214844,204.395
2019-02-11,1307.0,161.3744354248047,45.12483596801758,50.39033508300781,204.395
2019-02-12,1309.199951171875,163.7605743408203,45.47626495361328,51.165069580078125,204.395
2019-02-13,1310.800048828125,163.8755645751953,45.55992889404297,51.512508392333984,204.395
2019-02-14,1309.800048828125,164.07681274414062,45.04953384399414,51.32470703125,204.395
2019-02-15,1318.0999755859375,164.7667694091797,45.47626495361328,51.676849365234375,204.395
2019-02-16,1318.0999755859375,164.7667694091797,45.47626495361328,51.676849365234375,204.395
2019-02-17,1318.0999755859375,164.7667694091797,45.47626495361328,51.676849365234375,204.395
2019-02-18,1318.0999755859375,164.7667694091797,45.47626495361328,51.676849365234375,204.395
2019-02-19,1340.0999755859375,165.0925750732422,45.710548400878906,51.888145446777344,204.395
2019-02-20,1343.300048828125,165.06381225585938,45.62687301635742,51.99144744873047,204.395
2019-02-21,1323.5,164.46011352539062,45.7607536315918,51.888145446777344,204.395
2019-02-22,1329.199951171875,165.67713928222656,45.54320526123047,52.16987228393555,204.395
2019-02-23,1329.199951171875,165.67713928222656,45.54320526123047,52.16987228393555,204.395
2019-02-24,1329.199951171875,165.67713928222656,45.54320526123047,52.16987228393555,204.395
2019-02-25,1325.9000244140625,166.28086853027344,45.29217529296875,51.99613952636719,204.395
2019-02-26,1325.0999755859375,166.45333862304688,45.31727981567383,52.06657028198242,204.395
2019-02-27,1317.699951171875,166.3479461669922,45.2503547668457,52.02900695800781,204.395
2019-02-28,1312.800048828125,165.9646453857422,45.467899322509766,51.74728775024414,204.395
2019-03-01,1296.4000244140625,167.114501953125,45.384212493896484,52.16517639160156,205.743
2019-03-02,1296.4000244140625,167.114501953125,45.384212493896484,52.16517639160156,205.743
2019-03-03,1296.4000244140625,167.114501953125,45.384212493896484,52.16517639160156,205.743
2019-03-04,1284.800048828125,167.14329528808594,45.30891418457031,52.0008430480957,205.743
2019-03-05,1282.0,167.26785278320312,45.27545166015625,52.13230895996094,205.743
2019-03-06,1284.9000244140625,166.31915283203125,45.2085075378418,51.888145446777344,205.743
2019-03-07,1283.800048828125,164.2779998779297,44.9156608581543,51.25898361206055,205.743
2019-03-08,1297.0,164.02886962890625,44.94075393676758,50.902130126953125,205.743
2019-03-09,1297.0,164.02886962890625,44.94075393676758,50.902130126953125,205.743
2019-03-10,1297.0,164.02886962890625,44.94075393676758,50.902130126953125,205.743
2019-03-11,1288.800048828125,167.44033813476562,45.526458740234375,51.60174560546875,205.743
2019-03-12,1296.300048828125,168.3602752685547,45.54320526123047,51.74728775024414,205.743
2019-03-13,1307.5,169.62522888183594,45.80258560180664,51.93040466308594,205.743
2019-03-14,1293.4000244140625,169.33773803710938,45.7607536315918,51.77546310424805,205.743
2019-03-15,1301.800048828125,170.9093475341797,46.01987075805664,52.10761642456055,205.743
2019-03-16,1301.800048828125,170.9093475341797,46.01987075805664,52.10761642456055,205.743
2019-03-17,1301.800048828125,170.9093475341797,46.01987075805664,52.10761642456055,205.743
2019-03-18,1300.300048828125,171.31637573242188,46.08718490600586,52.611732482910156,205.743
2019-03-19,1305.0,171.89244079589844,46.053524017333984,52.87556076049805,205.743
2019-03-20,1300.5,172.5740203857422,45.86001205444336,52.95094299316406,205.743
2019-03-21,1306.0999755859375,175.27166748046875,46.398460388183594,53.67649459838867,205.743
2019-03-22,1311.5999755859375,171.4219512939453,46.33958053588867,52.611732482910156,205.743
2019-03-23,1311.5999755859375,171.4219512939453,46.33958053588867,52.611732482910156,205.743
2019-03-24,1311.5999755859375,171.4219512939453,46.33958053588867,52.611732482910156,205.743
2019-03-25,1321.9000244140625,171.0955810546875,46.43211364746094,52.92267990112305,205.743
2019-03-26,1314.300048828125,171.89244079589844,46.8275260925293,53.14882278442383,205.743
2019-03-27,1309.9000244140625,170.788330078125,46.667686462402344,53.040462493896484,205.743
2019-03-28,1289.800048828125,171.18197631835938,46.89483642578125,53.3608283996582,205.743
2019-03-29,1293.0,172.47799682617188,47.20612716674805,53.63880157470703,205.743
2019-03-30,1293.0,172.47799682617188,47.20612716674805,53.63880157470703,205.743
2019-03-31,1293.0,172.47799682617188,47.20612716674805,53.63880157470703,205.743
2019-04-01,1288.4000244140625,174.7628936767578,47.0462760925293,54.22772216796875,207.658
2019-04-02,1290.0,175.42529296875,46.659271240234375,54.218292236328125,207.658
2019-04-03,1289.9000244140625,176.4333038330078,46.43211364746094,54.599918365478516,207.658
2019-04-04,1289.0,176.3660888671875,46.608802795410156,55.04279327392578,207.658
2019-04-05,1290.4000244140625,177.2781219482422,46.768638610839844,55.36787414550781,207.658
2019-04-06,1290.4000244140625,177.2781219482422,46.768638610839844,55.36787414550781,207.658
2019-04-07,1290.4000244140625,177.2781219482422,46.768638610839844,55.36787414550781,207.658
2019-04-08,1297.0999755859375,177.72940063476562,46.9621467590332,55.56575012207031,207.658
2019-04-09,1303.5,177.1053466796875,46.90324783325195,55.066341400146484,207.658
2019-04-10,1309.0999755859375,178.0557403564453,47.037864685058594,55.330169677734375,207.658
2019-04-11,1288.5999755859375,177.63336181640625,47.130401611328125,55.400856018066406,207.658
2019-04-12,1290.5999755859375,178.40138244628906,47.28184509277344,55.744781494140625,207.658
2019-04-13,1290.5999755859375,178.40138244628906,47.28184509277344,55.744781494140625,207.658
2019-04-14,1290.5999755859375,178.40138244628906,47.28184509277344,55.744781494140625,207.658
2019-04-15,1286.800048828125,178.43019104003906,47.55948257446289,55.857852935791016,207.658
2019-04-16,1272.5999755859375,179.04457092285156,47.56788635253906,56.10283660888672,207.658
2019-04-17,1272.199951171875,179.6685791015625,47.80345916748047,56.21120834350586,207.658
2019-04-18,1271.9000244140625,179.89898681640625,47.84552764892578,56.19235610961914,207.658
2019-04-19,1271.9000244140625,179.89898681640625,47.84552764892578,56.19235610961914,207.658
2019-04-20,1271.9000244140625,179.89898681640625,47.84552764892578,56.19235610961914,207.658
2019-04-21,1271.9000244140625,179.89898681640625,47.84552764892578,56.19235610961914,207.658
2019-04-22,1273.5,180.4077911376953,47.86235046386719,55.9803352355957,207.658
2019-04-23,1269.300048828125,182.70223999023438,47.71091079711914,56.649356842041016,207.658
2019-04-24,1275.5,182.12623596191406,47.81187057495117,56.70119094848633,207.658
2019-04-25,1275.800048828125,182.865478515625,47.50899887084961,56.40437316894531,207.658
2019-04-26,1284.9000244140625,183.02867126464844,47.938072204589844,56.851951599121094,207.658
2019-04-27,1284.9000244140625,183.02867126464844,47.938072204589844,56.851951599121094,207.658
2019-04-28,1284.9000244140625,183.02867126464844,47.938072204589844,56.851951599121094,207.658
2019-04-29,1278.5999755859375,183.38388061523438,47.99696350097656,56.654075622558594,207.658
2019-04-30,1282.800048828125,181.96304321289062,48.55223083496094,56.56928253173828,207.658
2019-05-01,1281.4000244140625,181.37744140625,47.95489501953125,55.881412506103516,209.321
2019-05-02,1269.699951171875,180.59024047851562,47.938072204589844,55.9238166809082,209.321
2019-05-03,1279.199951171875,183.4702606201172,48.29983139038086,56.583396911621094,209.321
2019-05-04,1279.199951171875,183.4702606201172,48.29983139038086,56.583396911621094,209.321
2019-05-05,1279.199951171875,183.4702606201172,48.29983139038086,56.583396911621094,209.321
2019-05-06,1281.699951171875,182.34707641601562,48.224117279052734,56.23947525024414,209.321
2019-05-07,1283.5,178.79501342773438,47.74456787109375,55.38671875,209.321
2019-05-08,1279.4000244140625,178.34375,47.73615646362305,55.40555191040039,209.321
2019-05-09,1283.5,177.3837432861328,47.63519287109375,55.179412841796875,209.321
2019-05-10,1285.699951171875,177.60455322265625,48.2156982421875,55.2595100402832,209.321
2019-05-11,1285.699951171875,177.60455322265625,48.2156982421875,55.2595100402832,209.321
2019-05-12,1285.699951171875,177.60455322265625,48.2156982421875,55.2595100402832,209.321
2019-05-13,1300.0999755859375,171.44119262695312,47.761390686035156,53.61524963378906,209.321
2019-05-14,1294.699951171875,173.3228302001953,47.98854064941406,54.15704345703125,209.321
2019-05-15,1296.300048828125,175.77090454101562,48.36714172363281,54.52452850341797,209.321
2019-05-16,1285.0,177.53733825683594,48.745731353759766,55.02865219116211,209.321
2019-05-17,1274.5,175.722900390625,48.585880279541016,54.609336853027344,209.321
2019-05-18,1274.5,175.722900390625,48.585880279541016,54.609336853027344,209.321
2019-05-19,1274.5,175.722900390625,48.585880279541016,54.609336853027344,209.321
2019-05-20,1276.0999755859375,172.75640869140625,48.46809387207031,54.22300338745117,209.321
2019-05-21,1272.0,174.5612335205078,48.36714172363281,54.599918365478516,209.321
2019-05-22,1273.5999755859375,173.78369140625,48.585880279541016,54.039268493652344,209.321
2019-05-23,1284.800048828125,171.12435913085938,48.56904602050781,53.37025833129883,209.321
2019-05-24,1283.0,171.0380096435547,48.39238357543945,53.44092559814453,209.321
2019-05-25,1283.0,171.0380096435547,48.39238357543945,53.44092559814453,209.321
2019-05-26,1283.0,171.0380096435547,48.39238357543945,53.44092559814453,209.321
2019-05-27,1283.0,171.0380096435547,48.39238357543945,53.44092559814453,209.321
2019-05-28,1276.5,170.39480590820312,47.60153579711914,53.08756637573242,209.321
2019-05-29,1280.5999755859375,168.9931182861328,47.256591796875,52.61643600463867,209.321
2019-05-30,1287.0999755859375,169.70355224609375,47.45851516723633,52.96037673950195,209.321
2019-05-31,1305.800048828125,166.9962615966797,46.78546905517578,52.267799377441406,209.321
2019-06-01,1305.800048828125,166.9962615966797,46.78546905517578,52.267799377441406,210.555
2019-06-02,1305.800048828125,166.9962615966797,46.78546905517578,52.267799377441406,210.555
2019-06-03,1322.699951171875,163.3193817138672,47.3743782043457,51.829647064208984,210.555
2019-06-04,1323.4000244140625,167.9179229736328,47.80345916748047,53.2336311340332,210.555
2019-06-05,1328.300048828125,169.16592407226562,48.35029983520508,53.497459411621094,210.555
2019-06-06,1337.5999755859375,170.5099639892578,48.8551025390625,53.77072525024414,210.555
2019-06-07,1341.199951171875,173.80282592773438,49.326236724853516,54.548091888427734,210.555
2019-06-08,1341.199951171875,173.80282592773438,49.326236724853516,54.548091888427734,210.555
2019-06-09,1341.199951171875,173.80282592773438,49.326236724853516,54.548091888427734,210.555
2019-06-10,1324.699951171875,175.82852172851562,49.34306716918945,55.00981521606445,210.555
2019-06-11,1326.4000244140625,176.0684814453125,49.50291061401367,55.2218132019043,210.555
2019-06-12,1331.9000244140625,175.05087280273438,49.57862854003906,55.20769500732422,210.555
2019-06-13,1339.199951171875,176.0877227783203,49.6879997253418,55.70237350463867,210.555
2019-06-14,1340.0999755859375,175.33892822265625,49.713233947753906,55.82487869262695,210.555
2019-06-15,1340.0999755859375,175.33892822265625,49.713233947753906,55.82487869262695,210.555
2019-06-16,1340.0999755859375,175.33892822265625,49.713233947753906,55.82487869262695,210.555
2019-06-17,1338.699951171875,176.39492797851562,49.57021713256836,55.84842300415039,210.555
2019-06-18,1346.5999755859375,178.9582061767578,49.301002502441406,56.27245330810547,210.555
2019-06-19,1344.5999755859375,179.63021850585938,49.50291061401367,56.3761100769043,210.555
2019-06-20,1392.9000244140625,181.30064392089844,49.940391540527344,56.76714324951172,210.555
2019-06-21,1396.199951171875,181.03182983398438,49.77846908569336,56.50428009033203,210.555
2019-06-22,1396.199951171875,181.03182983398438,49.77846908569336,56.50428009033203,210.555
2019-06-23,1396.199951171875,181.03182983398438,49.77846908569336,56.50428009033203,210.555
2019-06-24,1414.300048828125,181.03758239746094,49.905643463134766,56.201725006103516,210.555
2019-06-25,1414.9000244140625,177.9298858642578,49.88020324707031,55.662776947021484,210.555
2019-06-26,1411.5999755859375,178.7572784423828,49.168113708496094,55.84242248535156,210.555
2019-06-27,1408.4000244140625,179.44039916992188,49.26136779785156,56.192264556884766,210.555
2019-06-28,1409.699951171875,179.67135620117188,49.22745132446289,56.35300827026367,210.555
2019-06-29,1409.699951171875,179.67135620117188,49.22745132446289,56.35300827026367,210.555
2019-06-30,1409.699951171875,179.67135620117188,49.22745132446289,56.35300827026367,210.555
2019-07-01,1385.5999755859375,182.09593200683594,49.5241584777832,56.84940719604492,211.304
2019-07-02,1404.5999755859375,182.81761169433594,49.95650100708008,56.972320556640625,211.304
2019-07-03,1417.699951171875,184.19345092773438,50.57533645629883,57.46872329711914,211.304
2019-07-04,1417.699951171875,184.19345092773438,50.57533645629883,57.46872329711914,211.304
2019-07-05,1396.699951171875,183.81820678710938,50.35493469238281,57.534908294677734,211.304
2019-07-06,1396.699951171875,183.81820678710938,50.35493469238281,57.534908294677734,211.304
2019-07-07,1396.699951171875,183.81820678710938,50.35493469238281,57.534908294677734,211.304
2019-07-08,1397.0,182.5289306640625,50.42274475097656,57.6058235168457,211.304
2019-07-09,1397.5,183.44300842285156,50.12604904174805,57.66727828979492,211.304
2019-07-10,1410.0999755859375,185.2710418701172,50.44818115234375,57.87529754638672,211.304
2019-07-11,1404.300048828125,185.1363525390625,50.57533645629883,57.99348068237305,211.304
2019-07-12,1409.9000244140625,186.20436096191406,50.7194709777832,58.66007614135742,211.304
2019-07-13,1409.9000244140625,186.20436096191406,50.7194709777832,58.66007614135742,211.304
2019-07-14,1409.9000244140625,186.20436096191406,50.7194709777832,58.66007614135742,211.304
2019-07-15,1411.4000244140625,186.8008270263672,50.838138580322266,58.84918212890625,211.304
2019-07-16,1409.199951171875,185.83871459960938,50.8550910949707,58.773529052734375,211.304
2019-07-17,1421.300048828125,184.92466735839844,50.795745849609375,58.2109489440918,211.304
2019-07-18,1426.0999755859375,185.1363525390625,51.13484573364258,58.13531494140625,211.304
2019-07-19,1425.0999755859375,183.77972412109375,50.81269836425781,57.752376556396484,211.304
2019-07-20,1425.0999755859375,183.77972412109375,50.81269836425781,57.752376556396484,211.304
2019-07-21,1425.0999755859375,183.77972412109375,50.81269836425781,57.752376556396484,211.304
2019-07-22,1425.300048828125,185.24221801757812,50.51599884033203,57.785465240478516,211.304
2019-07-23,1420.0999755859375,186.45452880859375,50.88051986694336,58.177860260009766,211.304
2019-07-24,1422.800048828125,187.7629852294922,50.541439056396484,58.470970153808594,211.304
2019-07-25,1413.9000244140625,185.98306274414062,50.6092414855957,58.14476776123047,211.304
2019-07-26,1418.5,187.897705078125,51.17722702026367,58.409515380859375,211.304
2019-07-27,1418.5,187.897705078125,51.17722702026367,58.409515380859375,211.304
2019-07-28,1418.5,187.897705078125,51.17722702026367,58.409515380859375,211.304
2019-07-29,1419.5999755859375,187.2530517578125,51.270469665527344,58.12586212158203,211.304
2019-07-30,1429.699951171875,186.4448699951172,51.42306900024414,57.733463287353516,211.304
2019-07-31,1426.0999755859375,183.8663330078125,50.38037109375,57.071598052978516,211.304
2019-08-01,1420.9000244140625,182.95230102539062,50.20233917236328,56.29627227783203,211.662
2019-08-02,1445.5999755859375,180.25823974609375,50.210819244384766,55.83298110961914,211.662
2019-08-03,1445.5999755859375,180.25823974609375,50.210819244384766,55.83298110961914,211.662
2019-08-04,1445.5999755859375,180.25823974609375,50.210819244384766,55.83298110961914,211.662
2019-08-05,1464.5999755859375,173.8888397216797,48.90531539916992,54.334320068359375,211.662
2019-08-06,1472.4000244140625,176.32310485839844,49.34614181518555,55.161651611328125,211.662
2019-08-07,1507.300048828125,177.27560424804688,49.92259216308594,55.38385009765625,211.662
2019-08-08,1497.699951171875,181.13380432128906,50.566871643066406,56.4522819519043,211.662
2019-08-09,1496.5999755859375,179.43080139160156,50.28711700439453,55.922786712646484,211.662
2019-08-10,1496.5999755859375,179.43080139160156,50.28711700439453,55.922786712646484,211.662
2019-08-11,1496.5999755859375,179.43080139160156,50.28711700439453,55.922786712646484,211.662
2019-08-12,1505.300048828125,177.371826171875,49.948028564453125,55.10964584350586,211.662
2019-08-13,1502.199951171875,181.25889587402344,50.51599884033203,56.0173454284668,211.662
2019-08-14,1515.9000244140625,175.842041015625,49.71913528442383,54.2634162902832,211.662
2019-08-15,1519.5999755859375,175.6399688720703,50.46513366699219,54.17357635498047,211.662
2019-08-16,1512.5,178.45904541015625,51.041595458984375,54.788177490234375,211.662
2019-08-17,1512.5,178.45904541015625,51.041595458984375,54.788177490234375,211.662
2019-08-18,1512.5,178.45904541015625,51.041595458984375,54.788177490234375,211.662
2019-08-19,1500.4000244140625,181.29739379882812,51.550228118896484,55.4783935546875,211.662
2019-08-20,1504.5999755859375,179.89263916015625,50.99072265625,55.49258041381836,211.662
2019-08-21,1504.5999755859375,181.48983764648438,51.126365661621094,56.5610237121582,211.662
2019-08-22,1497.300048828125,180.90292358398438,51.397647857666016,56.57521438598633,211.662
2019-08-23,1526.5999755859375,175.17816162109375,50.541439056396484,55.07183074951172,211.662
2019-08-24,1526.5999755859375,175.17816162109375,50.541439056396484,55.07183074951172,211.662
2019-08-25,1526.5999755859375,175.17816162109375,50.541439056396484,55.07183074951172,211.662
2019-08-26,1526.300048828125,177.82403564453125,51.16876220703125,55.61549377441406,211.662
2019-08-27,1541.0,177.44882202148438,51.02464294433594,55.341304779052734,211.662
2019-08-28,1537.800048828125,178.0837860107422,51.51632308959961,56.03152847290039,211.662
2019-08-29,1526.5,180.8066864013672,51.541751861572266,56.873046875,211.662
2019-08-30,1519.0999755859375,180.3737030029297,51.47393035888672,56.53264617919922,211.662
2019-08-31,1519.0999755859375,180.3737030029297,51.47393035888672,56.53264617919922,211.662
2019-09-01,1519.0999755859375,180.3737030029297,51.47393035888672,56.53264617919922,211.842
2019-09-02,1519.0999755859375,180.3737030029297,51.47393035888672,56.53264617919922,211.842
2019-09-03,1545.9000244140625,178.6226043701172,51.770633697509766,56.30100631713867,211.842
2019-09-04,1550.300048828125,181.20118713378906,52.236881256103516,56.85886001586914,211.842
2019-09-05,1515.4000244140625,184.5205841064453,51.91475296020508,57.94620895385742,211.842
2019-09-06,1506.199951171875,184.3377685546875,52.08430099487305,58.088035583496094,211.842
2019-09-07,1506.199951171875,184.3377685546875,52.08430099487305,58.088035583496094,211.842
2019-09-08,1506.199951171875,184.3377685546875,52.08430099487305,58.088035583496094,211.842
2019-09-09,1502.199951171875,183.95291137695312,51.96561050415039,58.31024169921875,211.842
2019-09-10,1490.300048828125,183.42372131347656,51.64347457885742,58.078582763671875,211.842
2019-09-11,1494.4000244140625,185.14596557617188,51.829978942871094,58.187313079833984,211.842
2019-09-12,1498.699951171875,185.9156951904297,52.04191207885742,58.466243743896484,211.842
2019-09-13,1490.9000244140625,185.25180053710938,51.74519729614258,58.34805679321289,211.842
2019-09-14,1490.9000244140625,185.25180053710938,51.74519729614258,58.34805679321289,211.842
2019-09-15,1490.9000244140625,185.25180053710938,51.74519729614258,58.34805679321289,211.842
2019-09-16,1503.0999755859375,184.4243621826172,51.245052337646484,57.60109329223633,211.842
2019-09-17,1505.0999755859375,185.30955505371094,51.52479553222656,57.9509391784668,211.842
2019-09-18,1507.5,185.2325897216797,51.60957336425781,57.922569274902344,211.842
2019-09-19,1498.4000244140625,185.54042053222656,51.60108947753906,57.76656723022461,211.842
2019-09-20,1507.300048828125,183.57766723632812,51.43737030029297,57.104408264160156,211.842
2019-09-21,1507.300048828125,183.57766723632812,51.43737030029297,57.104408264160156,211.842
2019-09-22,1507.300048828125,183.57766723632812,51.43737030029297,57.104408264160156,211.842
2019-09-23,1523.699951171875,183.65863037109375,51.64201736450195,57.303611755371094,211.842
2019-09-24,1532.0999755859375,181.21951293945312,51.85520553588867,56.69172286987305,211.842
2019-09-25,1504.5999755859375,183.25372314453125,51.88931655883789,57.2087516784668,211.842
2019-09-26,1507.5,182.57884216308594,52.17925262451172,56.962093353271484,211.842
2019-09-27,1499.0999755859375,180.31324768066406,52.119564056396484,56.76288604736328,211.842
2019-09-28,1499.0999755859375,180.31324768066406,52.119564056396484,56.76288604736328,211.842
2019-09-29,1499.0999755859375,180.31324768066406,52.119564056396484,56.76288604736328,211.842
2019-09-30,1465.699951171875,182.0293426513672,52.37537384033203,57.251434326171875,211.842
2019-10-01,1482.0,180.54466247558594,52.23893737792969,56.77237319946289,211.937
2019-10-02,1501.0,177.4402618408203,51.190067291259766,55.752559661865234,211.937
2019-10-03,1507.0999755859375,179.38775634765625,51.54822540283203,56.02293014526367,211.937
2019-10-04,1506.199951171875,182.0293426513672,52.35832977294922,56.54943084716797,211.937
2019-10-05,1506.199951171875,182.0293426513672,52.35832977294922,56.54943084716797,211.937
2019-10-06,1506.199951171875,182.0293426513672,52.35832977294922,56.54943084716797,211.937
2019-10-07,1497.699951171875,181.4798126220703,51.93195724487305,56.30278015136719,211.937
2019-10-08,1497.199951171875,178.7610626220703,51.43737030029297,55.709877014160156,211.937
2019-10-09,1506.0999755859375,180.50608825683594,51.82961654663086,56.1842155456543,211.937
2019-10-10,1494.800048828125,181.90402221679688,51.93195724487305,56.558921813964844,211.937
2019-10-11,1482.699951171875,184.24676513671875,51.88079071044922,57.19926834106445,211.937
2019-10-12,1482.699951171875,184.24676513671875,51.88079071044922,57.19926834106445,211.937
2019-10-13,1482.699951171875,184.24676513671875,51.88079071044922,57.19926834106445,211.937
2019-10-14,1491.699951171875,184.2274169921875,51.62497329711914,57.170799255371094,211.937
2019-10-15,1477.5999755859375,186.5702362060547,51.403255462646484,57.67359161376953,211.937
2019-10-16,1488.0,186.10743713378906,51.45440673828125,57.91075134277344,211.937
2019-10-17,1492.300048828125,186.59913635253906,51.69318771362305,58.06254196166992,211.937
2019-10-18,1488.199951171875,184.80593872070312,51.7955207824707,57.94870376586914,211.937
2019-10-19,1488.199951171875,184.80593872070312,51.7955207824707,57.94870376586914,211.937
2019-10-20,1488.199951171875,184.80593872070312,51.7955207824707,57.94870376586914,211.937
2019-10-21,1482.4000244140625,186.4448699951172,51.966064453125,58.15266036987305,211.937
2019-10-22,1481.699951171875,184.96017456054688,51.98311233520508,57.78268814086914,211.937
2019-10-23,1489.9000244140625,185.31690979003906,52.221893310546875,57.51707077026367,211.937
2019-10-24,1498.9000244140625,187.1197509765625,52.40095901489258,57.48860168457031,211.937
2019-10-25,1499.5,188.6140594482422,52.09397506713867,57.42219543457031,211.937
2019-10-26,1499.5,188.6140594482422,52.09397506713867,57.42219543457031,211.937
2019-10-27,1499.5,188.6140594482422,52.09397506713867,57.42219543457031,211.937
2019-10-28,1490.0,190.47474670410156,51.99164581298828,57.60243606567383,211.937
2019-10-29,1487.0,188.99969482421875,51.99164581298828,57.27515411376953,211.937
2019-10-30,1493.199951171875,189.91558837890625,52.230411529541016,57.63090515136719,211.937
2019-10-31,1511.4000244140625,190.0023193359375,52.15365982055664,57.32258987426758,211.937
2019-11-01,1508.0,191.7280731201172,52.1451416015625,57.702056884765625,212.078
2019-11-02,1508.0,191.7280731201172,52.1451416015625,57.702056884765625,212.078
2019-11-03,1508.0,191.7280731201172,52.1451416015625,57.702056884765625,212.078
2019-11-04,1508.0,192.91392517089844,51.64201736450195,57.73050308227539,212.078
2019-11-05,1480.800048828125,193.01995849609375,51.81256103515625,57.81589126586914,212.078
2019-11-06,1490.199951171875,192.5861053466797,52.0257568359375,57.87755584716797,212.078
2019-11-07,1464.199951171875,193.2320556640625,51.8466796875,57.53129196166992,212.078
2019-11-08,1461.300048828125,194.0032958984375,51.81256103515625,57.55500411987305,212.078
2019-11-09,1461.300048828125,194.0032958984375,51.81256103515625,57.55500411987305,212.078
2019-11-10,1461.300048828125,194.0032958984375,51.81256103515625,57.55500411987305,212.078
2019-11-11,1455.5,193.7430419921875,51.73582458496094,57.436431884765625,212.078
2019-11-12,1452.0999755859375,194.3022003173828,51.906375885009766,57.398494720458984,212.078
2019-11-13,1461.699951171875,194.35040283203125,52.29863739013672,57.21823501586914,212.078
2019-11-14,1471.800048828125,194.19610595703125,52.28157043457031,57.46488571166992,212.078
2019-11-15,1467.300048828125,195.6230010986328,52.29863739013672,57.56924057006836,212.078
2019-11-16,1467.300048828125,195.6230010986328,52.29863739013672,57.56924057006836,212.078
2019-11-17,1467.300048828125,195.6230010986328,52.29863739013672,57.56924057006836,212.078
2019-11-18,1470.9000244140625,195.77723693847656,52.571510314941406,57.76845932006836,212.078
2019-11-19,1473.300048828125,196.0664520263672,52.50328826904297,57.13285827636719,212.078
2019-11-20,1473.300048828125,194.8902587890625,52.62266540527344,57.00004959106445,212.078
2019-11-21,1463.0999755859375,194.4564666748047,52.35832977294922,56.6775016784668,212.078
2019-11-22,1463.0999755859375,194.58177185058594,52.27304458618164,57.06644821166992,212.078
2019-11-23,1463.0999755859375,194.58177185058594,52.27304458618164,57.06644821166992,212.078
2019-11-24,1463.0999755859375,194.58177185058594,52.27304458618164,57.06644821166992,212.078
2019-11-25,1456.5999755859375,196.8859405517578,52.3327522277832,57.56924057006836,212.078
2019-11-26,1459.800048828125,197.26193237304688,52.75911331176758,57.96293640136719,212.078
2019-11-27,1453.4000244140625,198.64056396484375,52.88703155517578,58.460975646972656,212.078
2019-11-28,1453.4000244140625,198.64056396484375,52.88703155517578,58.460975646972656,212.078
2019-11-29,1465.5999755859375,197.73434448242188,52.869972229003906,58.08150863647461,212.078
2019-11-30,1465.5999755859375,197.73434448242188,52.869972229003906,58.08150863647461,212.078
2019-12-01,1465.5999755859375,197.73434448242188,52.869972229003906,58.08150863647461,212.21
2019-12-02,1462.300048828125,195.7097625732422,52.989356994628906,57.60243606567383,212.21
2019-12-03,1478.199951171875,194.1768798828125,52.904075622558594,57.02375411987305,212.21
2019-12-04,1474.0,195.1602325439453,53.25370788574219,57.341556549072266,212.21
2019-12-05,1476.9000244140625,195.5458526611328,53.23664855957031,57.28463363647461,212.21
2019-12-06,1459.0999755859375,197.63795471191406,53.44129943847656,57.744747161865234,212.21
2019-12-07,1459.0999755859375,197.63795471191406,53.44129943847656,57.744747161865234,212.21
2019-12-08,1459.0999755859375,197.63795471191406,53.44129943847656,57.744747161865234,212.21
2019-12-09,1459.300048828125,196.7413330078125,53.483943939208984,57.81589126586914,212.21
2019-12-10,1462.5999755859375,196.57740783691406,53.31339645385742,57.71628189086914,212.21
2019-12-11,1469.4000244140625,197.61863708496094,53.39013671875,57.863319396972656,212.21
2019-12-12,1466.699951171875,199.09368896484375,53.34751510620117,58.370845794677734,212.21
2019-12-13,1475.5999755859375,199.7493133544922,53.53510284423828,58.42302703857422,212.21
2019-12-14,1475.5999755859375,199.7493133544922,53.53510284423828,58.42302703857422,212.21
2019-12-15,1475.5999755859375,199.7493133544922,53.53510284423828,58.42302703857422,212.21
2019-12-16,1475.0,201.7545623779297,53.72270965576172,58.679168701171875,212.21
2019-12-17,1474.5999755859375,201.87026977539062,53.63743591308594,58.94004440307617,212.21
2019-12-18,1472.5999755859375,202.02452087402344,53.55216598510742,58.996971130371094,212.21
2019-12-19,1478.199951171875,203.2874755859375,53.84209060668945,59.18195724487305,212.21
2019-12-20,1474.699951171875,204.10693359375,54.248741149902344,59.27238464355469,212.21
2019-12-21,1474.699951171875,204.10693359375,54.248741149902344,59.27238464355469,212.21
2019-12-22,1474.699951171875,204.10693359375,54.248741149902344,59.27238464355469,212.21
2019-12-23,1482.5,204.64608764648438,54.016624450683594,59.13436508178711,212.21
2019-12-24,1499.0999755859375,204.75234985351562,54.08539962768555,59.267616271972656,212.21
2019-12-25,1499.0999755859375,204.75234985351562,54.08539962768555,59.267616271972656,212.21
2019-12-26,1509.300048828125,206.55906677246094,54.136985778808594,59.990966796875,212.21
2019-12-27,1513.800048828125,206.3851776123047,54.377708435058594,59.98622131347656,212.21
2019-12-28,1513.800048828125,206.3851776123047,54.377708435058594,59.98622131347656,212.21
2019-12-29,1513.800048828125,206.3851776123047,54.377708435058594,59.98622131347656,212.21
2019-12-30,1514.5,205.0325927734375,54.093994140625,59.600738525390625,212.21
2019-12-31,1519.5,205.41903686523438,54.14558410644531,59.6864013671875,212.21
2020-01-01,1519.5,205.41903686523438,54.14558410644531,59.6864013671875,212.368
2020-01-02,1524.5,208.84896850585938,53.71571350097656,60.395477294921875,212.368
2020-01-03,1549.199951171875,206.93589782714844,53.62974166870117,59.88151550292969,212.368
2020-01-04,1549.199951171875,206.93589782714844,53.62974166870117,59.88151550292969,212.368
2020-01-05,1549.199951171875,206.93589782714844,53.62974166870117,59.88151550292969,212.368
2020-01-06,1566.199951171875,208.2692108154297,53.74150466918945,60.04807662963867,212.368
2020-01-07,1571.800048828125,208.24029541015625,53.32884216308594,59.95290756225586,212.368
2020-01-08,1557.4000244140625,209.80548095703125,53.526573181152344,60.13373565673828,212.368
2020-01-09,1551.699951171875,211.5832061767578,53.90486526489258,60.45258712768555,212.368
2020-01-10,1557.5,211.04217529296875,53.870479583740234,60.12421798706055,212.368
2020-01-11,1557.5,211.04217529296875,53.870479583740234,60.12421798706055,212.368
2020-01-12,1557.5,211.04217529296875,53.870479583740234,60.12421798706055,212.368
2020-01-13,1548.4000244140625,213.4769287109375,54.222957611083984,60.3145751953125,212.368
2020-01-14,1542.4000244140625,212.6363525390625,54.24014663696289,60.29554748535156,212.368
2020-01-15,1552.0999755859375,212.72335815429688,54.62702560424805,60.15753173828125,212.368
2020-01-16,1549.0,214.761962890625,54.77317810058594,60.69529724121094,212.368
2020-01-17,1558.800048828125,215.8247528076172,54.86774826049805,60.90945053100586,212.368
2020-01-18,1558.800048828125,215.8247528076172,54.86774826049805,60.90945053100586,212.368
2020-01-19,1558.800048828125,215.8247528076172,54.86774826049805,60.90945053100586,212.368
2020-01-20,1558.800048828125,215.8247528076172,54.86774826049805,60.90945053100586,212.368
2020-01-21,1556.4000244140625,215.72813415527344,55.056888580322266,60.72384262084961,212.368
2020-01-22,1555.300048828125,216.29815673828125,55.099876403808594,60.69529724121094,212.368
2020-01-23,1564.5999755859375,216.9938507080078,55.04829788208008,60.78571319580078,212.368
2020-01-24,1571.0999755859375,215.16773986816406,54.67001724243164,59.93862533569336,212.368
2020-01-25,1571.0999755859375,215.16773986816406,54.67001724243164,59.93862533569336,212.368
2020-01-26,1571.0999755859375,215.16773986816406,54.67001724243164,59.93862533569336,212.368
2020-01-27,1576.800048828125,210.72332763671875,54.498069763183594,59.043949127197266,212.368
2020-01-28,1569.199951171875,213.95999145507812,54.56684494018555,59.619781494140625,212.368
2020-01-29,1569.800048828125,214.30783081054688,54.2917366027832,59.58645248413086,212.368
2020-01-30,1583.5,215.07113647460938,54.93653869628906,59.486534118652344,212.368
2020-01-31,1582.9000244140625,211.6605224609375,54.317527770996094,59.638816833496094,212.368
2020-02-01,1582.9000244140625,211.6605224609375,54.317527770996094,59.638816833496094,213.187
2020-02-02,1582.9000244140625,211.6605224609375,54.317527770996094,59.638816833496094,213.187
2020-02-03,1577.199951171875,214.85853576660156,54.317527770996094,60.0623664855957,213.187
2020-02-04,1550.4000244140625,219.77638244628906,54.644222259521484,61.15690612792969,213.187
2020-02-05,1557.800048828125,220.50106811523438,55.082679748535156,61.466243743896484,213.187
2020-02-06,1565.0999755859375,222.40440368652344,55.17724609375,61.328224182128906,213.187
2020-02-07,1568.5999755859375,221.44790649414062,55.246036529541016,61.06172561645508,213.187
2020-02-08,1568.5999755859375,221.44790649414062,55.246036529541016,61.06172561645508,213.187
2020-02-09,1568.5999755859375,221.44790649414062,55.246036529541016,61.06172561645508,213.187
2020-02-10,1574.699951171875,224.1241912841797,55.47815704345703,61.75177764892578,213.187
2020-02-11,1565.5999755859375,224.16287231445312,55.271820068359375,62.23719787597656,213.187
2020-02-12,1567.4000244140625,226.34645080566406,55.246036529541016,62.874874114990234,213.187
2020-02-13,1575.0999755859375,226.05657958984375,55.572731018066406,62.76542282104492,213.187
2020-02-14,1582.699951171875,226.7039031982422,55.701683044433594,62.67024612426758,213.187
2020-02-15,1582.699951171875,226.7039031982422,55.701683044433594,62.67024612426758,213.187
2020-02-16,1582.699951171875,226.7039031982422,55.701683044433594,62.67024612426758,213.187
2020-02-17,1582.699951171875,226.7039031982422,55.701683044433594,62.67024612426758,213.187
2020-02-18,1600.0,226.79087829589844,55.50395202636719,62.66548156738281,213.187
2020-02-19,1607.5,228.9647216796875,55.443763732910156,62.94627380371094,213.187
2020-02-20,1616.5999755859375,226.8391571044922,55.48675537109375,62.97005081176758,213.187
2020-02-21,1644.5999755859375,222.48170471191406,55.58132553100586,62.00876235961914,213.187
2020-02-22,1644.5999755859375,222.48170471191406,55.58132553100586,62.00876235961914,213.187
2020-02-23,1644.5999755859375,222.48170471191406,55.58132553100586,62.00876235961914,213.187
2020-02-24,1672.4000244140625,213.90208435058594,54.30032730102539,59.87676239013672,213.187
2020-02-25,1646.9000244140625,208.085693359375,53.320247650146484,58.277767181396484,213.187
2020-02-26,1640.0,209.1581268310547,53.01934051513672,57.81614685058594,213.187
2020-02-27,1640.0,198.6847381591797,50.861427307128906,55.47951889038086,213.187
2020-02-28,1564.0999755859375,198.83934020996094,49.85554122924805,55.12260818481445,213.187
2020-02-29,1564.0999755859375,198.83934020996094,49.85554122924805,55.12260818481445,213.187
2020-03-01,1564.0999755859375,198.83934020996094,49.85554122924805,55.12260818481445,215.163
2020-03-02,1592.300048828125,209.10020446777344,52.520694732666016,57.016639709472656,215.163
2020-03-03,1642.0999755859375,202.39486694335938,51.8071174621582,55.636558532714844,215.163
2020-03-04,1641.0999755859375,210.8392333984375,54.3519172668457,57.55916976928711,215.163
2020-03-05,1666.4000244140625,204.43350219726562,53.32884216308594,55.41289138793945,215.163
2020-03-06,1670.800048828125,200.98426818847656,52.90757369995117,54.56105041503906,215.163
2020-03-07,1670.800048828125,200.98426818847656,52.90757369995117,54.56105041503906,215.163
2020-03-08,1670.800048828125,200.98426818847656,52.90757369995117,54.56105041503906,215.163
2020-03-09,1674.5,187.0230255126953,50.6035041809082,51.125099182128906,215.163
2020-03-10,1659.0999755859375,197.20652770996094,52.05644607543945,53.95189666748047,215.163
2020-03-11,1641.4000244140625,188.61717224121094,49.503055572509766,51.001365661621094,215.163
2020-03-12,1589.300048828125,171.3226318359375,44.8519401550293,45.84745788574219,215.163
2020-03-13,1515.699951171875,185.83462524414062,48.66912841796875,48.68378448486328,215.163
2020-03-14,1515.699951171875,185.83462524414062,48.66912841796875,48.68378448486328,215.163
2020-03-15,1515.699951171875,185.83462524414062,48.66912841796875,48.68378448486328,215.163
2020-03-16,1485.9000244140625,163.57386779785156,45.367767333984375,42.51619338989258,215.163
2020-03-17,1524.9000244140625,175.97955322265625,49.19356155395508,44.15328598022461,215.163
2020-03-18,1477.300048828125,170.62692260742188,47.92975616455078,41.61677169799805,215.163
2020-03-19,1478.5999755859375,171.65110778808594,46.33066177368164,43.06824493408203,215.163
2020-03-20,1484.0,164.92649841308594,43.33022689819336,41.78809356689453,215.163
2020-03-21,1484.0,164.92649841308594,43.33022689819336,41.78809356689453,215.163
2020-03-22,1484.0,164.92649841308594,43.33022689819336,41.78809356689453,215.163
2020-03-23,1567.0,165.04559326171875,42.047943115234375,41.856956481933594,215.163
2020-03-24,1660.199951171875,177.82635498046875,44.192283630371094,45.782989501953125,215.163
2020-03-25,1632.300048828125,176.5095672607422,44.07122802734375,46.58636474609375,215.163
2020-03-26,1650.0999755859375,185.8045654296875,46.48360061645508,48.513511657714844,215.163
2020-03-27,1623.9000244140625,179.4142303466797,46.26743698120117,46.88762664794922,215.163
2020-03-28,1623.9000244140625,179.4142303466797,46.26743698120117,46.88762664794922,215.163
2020-03-29,1623.9000244140625,179.4142303466797,46.26743698120117,46.88762664794922,215.163
2020-03-30,1622.0,185.9401397705078,48.074554443359375,47.867942810058594,215.163
2020-03-31,1583.4000244140625,184.3522186279297,47.09749984741211,46.90198516845703,215.163
2020-04-01,1578.199951171875,176.51918029785156,46.30201721191406,44.807456970214844,217.208
2020-04-02,1625.699951171875,180.10166931152344,47.48659133911133,44.97483825683594,217.208
2020-04-03,1633.699951171875,177.54554748535156,47.85839080810547,44.190582275390625,217.208
2020-04-04,1633.699951171875,177.54554748535156,47.85839080810547,44.190582275390625,217.208
2020-04-05,1633.699951171875,177.54554748535156,47.85839080810547,44.190582275390625,217.208
2020-04-06,1677.0,190.23910522460938,49.63957214355469,47.867942810058594,217.208
2020-04-07,1664.800048828125,190.1616668701172,49.06890869140625,48.580467224121094,217.208
2020-04-08,1665.4000244140625,194.19921875,49.79520797729492,50.1107177734375,217.208
2020-04-09,1736.199951171875,194.47999572753906,50.26211929321289,51.01451873779297,217.208
2020-04-10,1736.199951171875,194.47999572753906,50.26211929321289,51.01451873779297,217.208
2020-04-11,1736.199951171875,194.47999572753906,50.26211929321289,51.01451873779297,217.208
2020-04-12,1736.199951171875,194.47999572753906,50.26211929321289,51.01451873779297,217.208
2020-04-13,1744.800048828125,196.5811004638672,49.89031982421875,51.00017166137695,217.208
2020-04-14,1756.699951171875,205.13059997558594,52.00870895385742,52.994266510009766,217.208
2020-04-15,1727.199951171875,202.77780151367188,51.187294006347656,51.83224105834961,217.208
2020-04-16,1720.4000244140625,206.47647094726562,51.524513244628906,52.45390701293945,217.208
2020-04-17,1689.199951171875,208.45166015625,52.311344146728516,54.00326919555664,217.208
2020-04-18,1689.199951171875,208.45166015625,52.311344146728516,54.00326919555664,217.208
2020-04-19,1689.199951171875,208.45166015625,52.311344146728516,54.00326919555664,217.208
2020-04-20,1701.5999755859375,205.98265075683594,51.28239822387695,53.06121063232422,217.208
2020-04-21,1678.199951171875,198.3819580078125,50.19294738769531,51.683998107910156,217.208
2020-04-22,1728.699951171875,204.26885986328125,50.677154541015625,52.79821014404297,217.208
2020-04-23,1733.300048828125,203.8331756591797,50.227542877197266,52.78385925292969,217.208
2020-04-24,1723.5,207.04771423339844,50.76361846923828,53.678096771240234,217.208
2020-04-25,1723.5,207.04771423339844,50.76361846923828,53.678096771240234,217.208
2020-04-26,1723.5,207.04771423339844,50.76361846923828,53.678096771240234,217.208
2020-04-27,1711.9000244140625,208.71304321289062,50.91061782836914,54.68232345581055,217.208
2020-04-28,1710.5,204.7820281982422,51.1959342956543,54.89751434326172,217.208
2020-04-29,1703.4000244140625,212.0438232421875,50.979774475097656,56.107357025146484,217.208
2020-04-30,1684.199951171875,211.9566650390625,50.37452697753906,55.75825881958008,217.208
2020-05-01,1694.5,205.98265075683594,49.82115936279297,53.67331314086914,218.456
2020-05-02,1694.5,205.98265075683594,49.82115936279297,53.67331314086914,218.456
2020-05-03,1694.5,205.98265075683594,49.82115936279297,53.67331314086914,218.456
2020-05-04,1706.9000244140625,208.38385009765625,49.79520797729492,53.96501922607422,218.456
2020-05-05,1704.4000244140625,210.74639892578125,49.838443756103516,54.161075592041016,218.456
2020-05-06,1684.199951171875,212.0438232421875,49.29371643066406,54.151512145996094,218.456
2020-05-07,1721.800048828125,214.77426147460938,49.15536880493164,55.002708435058594,218.456
2020-05-08,1709.9000244140625,217.71766662597656,50.25346755981445,56.073875427246094,218.456
2020-05-09,1709.9000244140625,217.71766662597656,50.25346755981445,56.073875427246094,218.456
2020-05-10,1709.9000244140625,217.71766662597656,50.25346755981445,56.073875427246094,218.456
2020-05-11,1695.300048828125,219.66380310058594,50.18430709838867,55.949554443359375,218.456
2020-05-12,1704.4000244140625,215.06472778320312,49.76062774658203,54.72534942626953,218.456
2020-05-13,1713.9000244140625,212.3729705810547,49.31100082397461,53.783287048339844,218.456
2020-05-14,1738.0999755859375,214.783935546875,49.189945220947266,54.58668518066406,218.456
2020-05-15,1753.4000244140625,216.1781463623047,49.622276306152344,55.22269821166992,218.456
2020-05-16,1753.4000244140625,216.1781463623047,49.622276306152344,55.22269821166992,218.456
2020-05-17,1753.4000244140625,216.1781463623047,49.622276306152344,55.22269821166992,218.456
2020-05-18,1731.800048828125,220.20602416992188,50.409114837646484,57.31242370605469,218.456
2020-05-19,1744.199951171875,219.6541748046875,49.48393630981445,57.10679626464844,218.456
2020-05-20,1750.5999755859375,224.0402374267578,50.071895599365234,57.85279083251953,218.456
2020-05-21,1720.5,221.60031127929688,49.51852035522461,58.05841064453125,218.456
2020-05-22,1734.5999755859375,222.36521911621094,49.69145202636719,57.97233581542969,218.456
2020-05-23,1734.5999755859375,222.36521911621094,49.69145202636719,57.97233581542969,218.456
2020-05-24,1734.5999755859375,222.36521911621094,49.69145202636719,57.97233581542969,218.456
2020-05-25,1734.5999755859375,222.36521911621094,49.69145202636719,57.97233581542969,218.456
2020-05-26,1704.800048828125,221.764892578125,49.95948791503906,58.8904914855957,218.456
2020-05-27,1710.300048828125,222.97518920898438,50.71173858642578,59.899497985839844,218.456
2020-05-28,1713.300048828125,222.68472290039062,51.16134262084961,59.17262649536133,218.456
2020-05-29,1736.9000244140625,225.94769287109375,51.213233947753906,59.3878173828125,218.456
2020-05-30,1736.9000244140625,225.94769287109375,51.213233947753906,59.3878173828125,218.456
2020-05-31,1736.9000244140625,225.94769287109375,51.213233947753906,59.3878173828125,218.456
2020-06-01,1737.800048828125,226.6254425048828,51.56773376464844,59.95209884643555,219.782
2020-06-02,1725.199951171875,228.14561462402344,51.706085205078125,60.46376037597656,219.782
2020-06-03,1697.800048828125,229.17193603515625,51.7752571105957,61.606666564941406,219.782
2020-06-04,1718.9000244140625,227.56463623046875,51.524513244628906,61.295833587646484,219.782
2020-06-05,1676.199951171875,232.07659912109375,52.24217224121094,62.763919830322266,219.782
2020-06-06,1676.199951171875,232.07659912109375,52.24217224121094,62.763919830322266,219.782
2020-06-07,1676.199951171875,232.07659912109375,52.24217224121094,62.763919830322266,219.782
2020-06-08,1698.300048828125,233.87754821777344,52.80419158935547,63.72032165527344,219.782
2020-06-09,1714.699951171875,235.5719451904297,52.37186813354492,63.22300338745117,219.782
2020-06-10,1713.300048828125,238.3992156982422,52.22488021850586,62.63002014160156,219.782
2020-06-11,1732.0,226.58670043945312,50.24482727050781,59.34955978393555,219.782
2020-06-12,1729.300048828125,228.3876495361328,50.25346755981445,59.937744140625,219.782
2020-06-13,1729.300048828125,228.3876495361328,50.25346755981445,59.937744140625,219.782
2020-06-14,1729.300048828125,228.3876495361328,50.25346755981445,59.937744140625,219.782
2020-06-15,1720.300048828125,231.16648864746094,50.83279037475586,60.506813049316406,219.782
2020-06-16,1729.5999755859375,235.13626098632812,51.628273010253906,61.77882766723633,219.782
2020-06-17,1729.199951171875,235.8817901611328,51.55044174194336,61.616249084472656,219.782
2020-06-18,1724.800048828125,236.5208282470703,51.8184928894043,61.3914909362793,219.782
2020-06-19,1745.9000244140625,236.48208618164062,51.55044174194336,60.91328048706055,219.782
2020-06-20,1745.9000244140625,236.48208618164062,51.55044174194336,60.91328048706055,219.782
2020-06-21,1745.9000244140625,236.48208618164062,51.55044174194336,60.91328048706055,219.782
2020-06-22,1756.699951171875,239.31817626953125,51.4031982421875,61.53926086425781,219.782
2020-06-23,1772.0999755859375,241.35499572753906,51.32476043701172,62.023372650146484,219.782
2020-06-24,1765.800048828125,236.37930297851562,50.46208190917969,60.657325744628906,219.782
2020-06-25,1762.0999755859375,238.62948608398438,50.81935119628906,60.73881149291992,219.782
2020-06-26,1772.5,232.99427795410156,49.78240966796875,59.31524658203125,219.782
2020-06-27,1772.5,232.99427795410156,49.78240966796875,59.31524658203125,219.782
2020-06-28,1772.5,232.99427795410156,49.78240966796875,59.31524658203125,219.782
2020-06-29,1774.800048828125,235.53546142578125,50.72350311279297,60.44163131713867,219.782
2020-06-30,1793.0,240.15228271484375,51.09819793701172,61.21332931518555,219.782
2020-07-01,1773.199951171875,242.95538330078125,51.14176559448242,61.831642150878906,221.537
2020-07-02,1784.0,244.60423278808594,51.4031982421875,62.076087951660156,221.537
2020-07-03,1784.0,244.60423278808594,51.4031982421875,62.076087951660156,221.537
2020-07-04,1784.0,244.60423278808594,51.4031982421875,62.076087951660156,221.537
2020-07-05,1784.0,244.60423278808594,51.4031982421875,62.076087951660156,221.537
2020-07-06,1788.5,250.61776733398438,51.65589141845703,63.54759979248047,221.537
2020-07-07,1804.199951171875,248.89126586914062,52.12643051147461,62.55061340332031,221.537
2020-07-08,1815.5,252.16958618164062,51.995723724365234,63.21687316894531,221.537
2020-07-09,1799.199951171875,254.2937469482422,51.586177825927734,63.14496994018555,221.537
2020-07-10,1798.199951171875,256.0299377441406,52.535987854003906,63.897483825683594,221.537
2020-07-11,1798.199951171875,256.0299377441406,52.535987854003906,63.897483825683594,221.537
2020-07-12,1798.199951171875,256.0299377441406,52.535987854003906,63.897483825683594,221.537
2020-07-13,1811.0,250.76319885253906,52.45757293701172,63.08746337890625,221.537
2020-07-14,1810.5999755859375,252.5381317138672,53.22438430786133,63.71533966064453,221.537
2020-07-15,1811.4000244140625,253.05218505859375,53.26796340942383,64.62606048583984,221.537
2020-07-16,1798.699951171875,251.3257598876953,53.38124084472656,64.45350646972656,221.537
2020-07-17,1808.300048828125,251.6167449951172,53.66878890991211,64.15154266357422,221.537
2020-07-18,1808.300048828125,251.6167449951172,53.66878890991211,64.15154266357422,221.537
2020-07-19,1808.300048828125,251.6167449951172,53.66878890991211,64.15154266357422,221.537
2020-07-20,1815.9000244140625,258.7553405761719,53.12853240966797,65.17724609375,221.537
2020-07-21,1842.4000244140625,256.0589599609375,53.59037399291992,65.27792358398438,221.537
2020-07-22,1864.0999755859375,256.96099853515625,54.017356872558594,65.83873748779297,221.537
2020-07-23,1889.0999755859375,250.2491455078125,54.20906066894531,64.85133361816406,221.537
2020-07-24,1897.300048828125,247.87286376953125,54.13935089111328,64.96636199951172,221.537
2020-07-25,1897.300048828125,247.87286376953125,54.13935089111328,64.96636199951172,221.537
2020-07-26,1897.300048828125,247.87286376953125,54.13935089111328,64.96636199951172,221.537
2020-07-27,1931.0,252.29571533203125,54.40947723388672,65.3690185546875,221.537
2020-07-28,1944.699951171875,249.0852508544922,54.60988998413086,64.721923828125,221.537
2020-07-29,1953.5,251.95620727539062,54.688316345214844,65.37857818603516,221.537
2020-07-30,1942.300048828125,253.27532958984375,54.688316345214844,65.32585906982422,221.537
2020-07-31,1962.800048828125,257.7951965332031,54.63603973388672,65.66615295410156,221.537
2020-08-01,1962.800048828125,257.7951965332031,54.63603973388672,65.66615295410156,224.016
2020-08-02,1962.800048828125,257.7951965332031,54.63603973388672,65.66615295410156,224.016
2020-08-03,1966.0,261.2771301269531,54.48789596557617,65.52716064453125,224.016
2020-08-04,2001.199951171875,262.2470703125,55.167579650878906,66.05440521240234,224.016
2020-08-05,2031.0999755859375,262.8968811035156,55.05430221557617,66.85965728759766,224.016
2020-08-06,2051.5,266.37896728515625,55.04558563232422,67.18558502197266,224.016
2020-08-07,2010.0999755859375,263.3042907714844,55.34185791015625,67.28624725341797,224.016
2020-08-08,2010.0999755859375,263.3042907714844,55.34185791015625,67.28624725341797,224.016
2020-08-09,2010.0999755859375,263.3042907714844,55.34185791015625,67.28624725341797,224.016
2020-08-10,2024.4000244140625,262.17913818359375,55.62942123413086,68.09151458740234,224.016
2020-08-11,1932.5999755859375,257.2131652832031,55.24601364135742,67.95730590820312,224.016
2020-08-12,1934.9000244140625,263.68255615234375,55.960548400878906,68.85841369628906,224.016
2020-08-13,1956.699951171875,264.283935546875,55.9169807434082,68.82964324951172,224.016
2020-08-14,1937.0,263.9734802246094,55.908260345458984,68.82485961914062,224.016
2020-08-15,1937.0,263.9734802246094,55.908260345458984,68.82485961914062,224.016
2020-08-16,1937.0,263.9734802246094,55.908260345458984,68.82485961914062,224.016
2020-08-17,1985.0,267.03851318359375,56.22195816040039,69.71158599853516,224.016
2020-08-18,1999.4000244140625,269.60870361328125,56.44852066040039,70.14298248291016,224.016
2020-08-19,1958.699951171875,267.7950744628906,56.00410842895508,69.81224822998047,224.016
2020-08-20,1933.800048828125,271.5097961425781,55.890838623046875,69.70679473876953,224.016
2020-08-21,1934.5999755859375,273.3914489746094,56.03025436401367,70.06626892089844,224.016
2020-08-22,1934.5999755859375,273.3914489746094,56.03025436401367,70.06626892089844,224.016
2020-08-23,1934.5999755859375,273.3914489746094,56.03025436401367,70.06626892089844,224.016
2020-08-24,1927.699951171875,275.0985107421875,56.50951385498047,71.13035583496094,224.016
2020-08-25,1911.800048828125,277.26141357421875,56.38752365112305,71.36522674560547,224.016
2020-08-26,1940.699951171875,283.177978515625,56.45723342895508,72.06980895996094,224.016
2020-08-27,1921.5999755859375,282.2953796386719,56.80579376220703,71.68156433105469,224.016
2020-08-28,1964.5999755859375,283.7308044433594,57.31119918823242,72.15131378173828,224.016
2020-08-29,1964.5999755859375,283.7308044433594,57.31119918823242,72.15131378173828,224.016
2020-08-30,1964.5999755859375,283.7308044433594,57.31119918823242,72.15131378173828,224.016
2020-08-31,1967.5999755859375,286.0101623535156,57.14563751220703,71.94039916992188,224.016
2020-09-01,1968.199951171875,290.8985595703125,57.206626892089844,72.69293975830078,226.767
2020-09-02,1934.4000244140625,293.6530456542969,58.24357986450195,73.69950866699219,226.767
2020-09-03,1927.5999755859375,278.76483154296875,57.241485595703125,71.36043548583984,226.767
2020-09-04,1923.9000244140625,275.0500183105469,57.110774993896484,70.53599548339844,226.767
2020-09-05,1923.9000244140625,275.0500183105469,57.110774993896484,70.53599548339844,226.767
2020-09-06,1923.9000244140625,275.0500183105469,57.110774993896484,70.53599548339844,226.767
2020-09-07,1923.9000244140625,275.0500183105469,57.110774993896484,70.53599548339844,226.767
2020-09-08,1933.0,261.8299865722656,55.908260345458984,69.61093139648438,226.767
2020-09-09,1944.699951171875,269.52154541015625,56.71864318847656,70.92427062988281,226.767
2020-09-10,1954.199951171875,264.1481628417969,56.021549224853516,69.90811157226562,226.767
2020-09-11,1937.800048828125,262.31494140625,56.335243225097656,70.01356506347656,226.767
2020-09-12,1937.800048828125,262.31494140625,56.335243225097656,70.01356506347656,226.767
2020-09-13,1937.800048828125,262.31494140625,56.335243225097656,70.01356506347656,226.767
2020-09-14,1953.0999755859375,266.88330078125,56.70122528076172,70.75650024414062,226.767
2020-09-15,1956.300048828125,270.6659851074219,56.622798919677734,71.33645629882812,226.767
2020-09-16,1960.199951171875,266.34979248046875,56.370113372802734,70.93862915039062,226.767
2020-09-17,1940.0,262.18890380859375,56.01283264160156,69.94164276123047,226.767
2020-09-18,1952.0999755859375,258.8426513671875,55.49871063232422,68.9686508178711,226.767
2020-09-19,1952.0999755859375,258.8426513671875,55.49871063232422,68.9686508178711,226.767
2020-09-20,1952.0999755859375,258.8426513671875,55.49871063232422,68.9686508178711,226.767
2020-09-21,1901.199951171875,259.4634094238281,55.07532501220703,67.97242736816406,226.767
2020-09-22,1898.5999755859375,264.283935546875,55.399654388427734,69.40863800048828,226.767
2020-09-23,1859.9000244140625,256.2142028808594,54.56691360473633,68.27024841308594,226.767
2020-09-24,1868.300048828125,257.4072570800781,54.970130920410156,68.24141693115234,226.767
2020-09-25,1857.699951171875,263.39154052734375,55.25940704345703,69.13003540039062,226.767
2020-09-26,1857.699951171875,263.39154052734375,55.25940704345703,69.13003540039062,226.767
2020-09-27,1857.699951171875,263.39154052734375,55.25940704345703,69.13003540039062,226.767
2020-09-28,1872.800048828125,268.8619384765625,55.88177490234375,70.57585906982422,226.767
2020-09-29,1894.300048828125,267.64959716796875,55.51362609863281,70.02828216552734,226.767
2020-09-30,1887.5,269.482666015625,56.18857955932617,70.59986114501953,226.767
2020-10-01,1908.4000244140625,273.760009765625,56.504146575927734,71.52210998535156,229.776
2020-10-02,1900.199951171875,266.05889892578125,56.18857955932617,71.21952056884766,229.776
2020-10-03,1900.199951171875,266.05889892578125,56.18857955932617,71.21952056884766,229.776
2020-10-04,1900.199951171875,266.05889892578125,56.18857955932617,71.21952056884766,229.776
2020-10-05,1912.5,271.7329406738281,56.56550598144531,72.16096496582031,229.776
2020-10-06,1901.0999755859375,266.88330078125,56.19733428955078,70.82563018798828,229.776
2020-10-07,1883.5999755859375,271.5001525878906,56.80218505859375,72.44437408447266,229.776
2020-10-08,1888.5999755859375,272.9453125,57.179115295410156,72.9198989868164,229.776
2020-10-09,1919.5,277.1158752441406,57.626163482666016,73.6788330078125,229.776
2020-10-10,1919.5,277.1158752441406,57.626163482666016,73.6788330078125,229.776
2020-10-11,1919.5,277.1158752441406,57.626163482666016,73.6788330078125,229.776
2020-10-12,1922.5,285.67071533203125,58.2923583984375,74.6587142944336,229.776
2020-10-13,1888.5,285.660888671875,58.24853515625,74.64429473876953,229.776
2020-10-14,1901.300048828125,283.27490234375,57.950496673583984,73.818115234375,229.776
2020-10-15,1903.199951171875,281.3738708496094,57.98555374145508,74.09193420410156,229.776
2020-10-16,1900.800048828125,279.8316650390625,58.00309371948242,73.41946411132812,229.776
2020-10-17,1900.800048828125,279.8316650390625,58.00309371948242,73.41946411132812,229.776
2020-10-18,1900.800048828125,279.8316650390625,58.00309371948242,73.41946411132812,229.776
2020-10-19,1906.4000244140625,275.2633972167969,57.24923324584961,72.51641845703125,229.776
2020-10-20,1910.4000244140625,275.8550720214844,57.187870025634766,73.09762573242188,229.776
2020-10-21,1924.5999755859375,275.6416320800781,57.24047088623047,72.69895935058594,229.776
2020-10-22,1901.0999755859375,275.6319274902344,57.21416091918945,72.84785461425781,229.776
2020-10-23,1902.0,276.175048828125,57.31936264038086,73.48670196533203,229.776
2020-10-24,1902.0,276.175048828125,57.31936264038086,73.48670196533203,229.776
2020-10-25,1902.0,276.175048828125,57.31936264038086,73.48670196533203,229.776
2020-10-26,1902.699951171875,272.03350830078125,56.583030700683594,72.07451629638672,229.776
2020-10-27,1908.800048828125,274.1576843261719,56.43402099609375,72.04087829589844,229.776
2020-10-28,1876.199951171875,263.46923828125,54.78605651855469,69.76408386230469,229.776
2020-10-29,1865.5999755859375,268.0762939453125,54.768516540527344,70.20600128173828,229.776
2020-10-30,1877.4000244140625,261.2771301269531,54.57567596435547,68.67373657226562,229.776
2020-10-31,1877.4000244140625,261.2771301269531,54.57567596435547,68.67373657226562,229.776
2020-11-01,1877.4000244140625,261.2771301269531,54.57567596435547,68.67373657226562,232.279
2020-11-02,1890.4000244140625,261.859130859375,55.4434928894043,69.16368103027344,232.279
2020-11-03,1908.5,266.3885803222656,56.35511779785156,70.68632507324219,232.279
2020-11-04,1894.5999755859375,278.2799072265625,56.38142776489258,72.1897964477539,232.279
2020-11-05,1945.300048828125,285.5348815917969,56.79340362548828,73.59716796875,232.279
2020-11-06,1950.300048828125,285.7481689453125,57.05638122558594,73.37620544433594,232.279
2020-11-07,1950.300048828125,285.7481689453125,57.05638122558594,73.37620544433594,232.279
2020-11-08,1950.300048828125,285.7481689453125,57.05638122558594,73.37620544433594,232.279
2020-11-09,1853.199951171875,279.9093017578125,56.92490768432617,73.13604736328125,232.279
2020-11-10,1875.4000244140625,274.8948669433594,58.04692840576172,72.87667083740234,232.279
2020-11-11,1860.699951171875,281.044189453125,58.546573638916016,73.51551818847656,232.279
2020-11-12,1872.5999755859375,279.7249755859375,58.3887825012207,72.53081512451172,232.279
2020-11-13,1885.699951171875,282.1789245605469,59.19522476196289,73.7076416015625,232.279
2020-11-14,1885.699951171875,282.1789245605469,59.19522476196289,73.7076416015625,232.279
2020-11-15,1885.699951171875,282.1789245605469,59.19522476196289,73.7076416015625,232.279
2020-11-16,1887.300048828125,284.380615234375,59.738712310791016,74.6731185913086,232.279
2020-11-17,1884.5,283.4786376953125,59.31795883178711,74.3561019897461,232.279
2020-11-18,1873.5,281.383544921875,58.50273132324219,73.84695434570312,232.279
2020-11-19,1861.0999755859375,283.58526611328125,58.660518646240234,74.21200561523438,232.279
2020-11-20,1872.5999755859375,281.6455078125,58.2923583984375,73.82293701171875,232.279
2020-11-21,1872.5999755859375,281.6455078125,58.2923583984375,73.82293701171875,232.279
2020-11-22,1872.5999755859375,281.6455078125,58.2923583984375,73.82293701171875,232.279
2020-11-23,1837.800048828125,281.65521240234375,58.30988311767578,74.63468933105469,232.279
2020-11-24,1804.800048828125,285.6124572753906,58.704341888427734,75.7442855834961,232.279
2020-11-25,1805.699951171875,287.36798095703125,58.66929244995117,75.83555603027344,232.279
2020-11-26,1805.699951171875,287.36798095703125,58.66929244995117,75.83555603027344,232.279
2020-11-27,1781.9000244140625,290.0158996582031,58.660518646240234,75.99884796142578,232.279
2020-11-28,1781.9000244140625,290.0158996582031,58.660518646240234,75.99884796142578,232.279
2020-11-29,1781.9000244140625,290.0158996582031,58.660518646240234,75.99884796142578,232.279
2020-11-30,1775.699951171875,290.6075134277344,58.65177536010742,75.53772735595703,232.279
2020-12-01,1814.0999755859375,294.33197021484375,59.1689453125,76.0997314453125,234.328
2020-12-02,1825.699951171875,294.7102966308594,58.67805862426758,75.62419128417969,234.328
2020-12-03,1836.800048828125,295.1273498535156,58.827064514160156,75.83555603027344,234.328
2020-12-04,1835.9000244140625,296.3299865722656,59.282894134521484,75.90757751464844,234.328
2020-12-05,1835.9000244140625,296.3299865722656,59.282894134521484,75.90757751464844,234.328
2020-12-06,1835.9000244140625,296.3299865722656,59.282894134521484,75.90757751464844,234.328
2020-12-07,1861.800048828125,298.0080871582031,59.05497741699219,75.73468017578125,234.328
2020-12-08,1870.800048828125,299.0167541503906,59.37931442260742,75.57614135742188,234.328
2020-12-09,1834.5999755859375,292.24664306640625,59.142642974853516,75.50409698486328,234.328
2020-12-10,1833.5999755859375,293.4202575683594,58.879661560058594,75.43683624267578,234.328
2020-12-11,1839.800048828125,292.7703857421875,59.011146545410156,75.07659912109375,234.328
2020-12-12,1839.800048828125,292.7703857421875,59.011146545410156,75.07659912109375,234.328
2020-12-13,1839.800048828125,292.7703857421875,59.011146545410156,75.07659912109375,234.328
2020-12-14,1828.699951171875,294.8945617675781,58.783241271972656,75.18708038330078,234.328
2020-12-15,1852.300048828125,298.046875,58.923492431640625,76.20059967041016,234.328
2020-12-16,1856.0999755859375,299.6860046386719,59.037445068359375,76.70014190673828,234.328
2020-12-17,1887.199951171875,301.645263671875,59.41437911987305,77.2237319946289,234.328
2020-12-18,1885.699951171875,300.73345947265625,59.545867919921875,76.84905242919922,234.328
2020-12-19,1885.699951171875,300.73345947265625,59.545867919921875,76.84905242919922,234.328
2020-12-20,1885.699951171875,300.73345947265625,59.545867919921875,76.84905242919922,234.328
2020-12-21,1879.199951171875,300.1709289550781,58.904144287109375,75.98092651367188,234.328
2020-12-22,1866.5999755859375,300.9871520996094,58.48870086669922,75.65369415283203,234.328
2020-12-23,1874.699951171875,299.4713439941406,58.683162689208984,75.81729125976562,234.328
2020-12-24,1879.9000244140625,300.7926940917969,58.97486114501953,75.97611236572266,234.328
2020-12-25,1879.9000244140625,300.7926940917969,58.97486114501953,75.97611236572266,234.328
2020-12-26,1879.9000244140625,300.7926940917969,58.97486114501953,75.97611236572266,234.328
2020-12-27,1879.9000244140625,300.7926940917969,58.97486114501953,75.97611236572266,234.328
2020-12-28,1877.199951171875,303.8243713378906,59.44334030151367,76.8423080444336,234.328
2020-12-29,1879.699951171875,304.0964050292969,59.266544342041016,76.86637115478516,234.328
2020-12-30,1891.0,304.1062316894531,59.204673767089844,77.328369140625,234.328
2020-12-31,1893.0999755859375,304.8543395996094,59.620113372802734,77.3716812133789,234.328
2021-01-01,1893.0999755859375,304.8543395996094,59.620113372802734,77.3716812133789,236.4
2021-01-02,1893.0999755859375,304.8543395996094,59.620113372802734,77.3716812133789,236.4
2021-01-03,1893.0999755859375,304.8543395996094,59.620113372802734,77.3716812133789,236.4
2021-01-04,1944.699951171875,300.5498352050781,58.97486114501953,76.7171859741211,236.4
2021-01-05,1952.699951171875,303.02764892578125,58.97486114501953,77.28984832763672,236.4
2021-01-06,1906.9000244140625,298.8299560546875,59.019046783447266,78.07907104492188,236.4
2021-01-07,1912.300048828125,306.0593566894531,58.84226989746094,79.5853042602539,236.4
2021-01-08,1834.0999755859375,309.9945373535156,59.13395309448242,81.22628784179688,236.4
2021-01-09,1834.0999755859375,309.9945373535156,59.13395309448242,81.22628784179688,236.4
2021-01-10,1834.0999755859375,309.9945373535156,59.13395309448242,81.22628784179688,236.4
2021-01-11,1849.5999755859375,305.51513671875,58.63013458251953,79.7104263305664,236.4
2021-01-12,1842.9000244140625,305.02935791015625,58.435665130615234,80.92793273925781,236.4
2021-01-13,1853.5999755859375,307.0892639160156,58.5240592956543,80.92313385009766,236.4
2021-01-14,1850.300048828125,305.4471435546875,58.214691162109375,80.40818786621094,236.4
2021-01-15,1829.300048828125,303.02764892578125,58.01138687133789,79.78742980957031,236.4
2021-01-16,1829.300048828125,303.02764892578125,58.01138687133789,79.78742980957031,236.4
2021-01-17,1829.300048828125,303.02764892578125,58.01138687133789,79.78742980957031,236.4
2021-01-18,1829.300048828125,303.02764892578125,58.01138687133789,79.78742980957031,236.4
2021-01-19,1839.5,307.44873046875,57.75505828857422,80.23977661132812,236.4
2021-01-20,1865.9000244140625,314.6003112792969,57.861122131347656,81.75563049316406,236.4
2021-01-21,1865.300048828125,317.1169738769531,57.666664123535156,82.13581848144531,236.4
2021-01-22,1855.699951171875,316.20361328125,57.516387939453125,81.85671997070312,236.4
2021-01-23,1855.699951171875,316.20361328125,57.516387939453125,81.85671997070312,236.4
2021-01-24,1855.699951171875,316.20361328125,57.516387939453125,81.85671997070312,236.4
2021-01-25,1854.9000244140625,318.8173828125,58.0909423828125,82.15985870361328,236.4
2021-01-26,1850.699951171875,319.2837829589844,58.612449645996094,82.10693359375,236.4
2021-01-27,1844.9000244140625,310.3832092285156,57.62247085571289,79.57569885253906,236.4
2021-01-28,1837.9000244140625,312.2196960449219,57.84345245361328,79.82593536376953,236.4
2021-01-29,1847.300048828125,305.651123046875,56.650150299072266,77.96356964111328,236.4
2021-01-30,1847.300048828125,305.651123046875,56.650150299072266,77.96356964111328,236.4
2021-01-31,1847.300048828125,305.651123046875,56.650150299072266,77.96356964111328,236.4
2021-02-01,1860.800048828125,313.2886047363281,56.703189849853516,79.98955535888672,239.18
2021-02-02,1830.5,318.3995361328125,57.08327865600586,81.68827819824219,239.18
2021-02-03,1832.199951171875,317.1363830566406,57.171661376953125,81.2311019897461,239.18
2021-02-04,1788.9000244140625,320.8870849609375,57.58710861206055,82.09732055664062,239.18
2021-02-05,1810.9000244140625,321.975341796875,58.12629699707031,82.88169860839844,239.18
2021-02-06,1810.9000244140625,321.975341796875,58.12629699707031,82.88169860839844,239.18
2021-02-07,1810.9000244140625,321.975341796875,58.12629699707031,82.88169860839844,239.18
2021-02-08,1831.9000244140625,324.1324768066406,58.347286224365234,83.35332489013672,239.18
2021-02-09,1835.300048828125,324.0644836425781,58.29423904418945,82.89131927490234,239.18
2021-02-10,1840.5999755859375,323.3260192871094,58.232357025146484,82.0732650756836,239.18
2021-02-11,1824.9000244140625,325.1042175292969,57.97603225708008,81.8470687866211,239.18
2021-02-12,1821.5999755859375,326.9212951660156,58.06441879272461,81.96258544921875,239.18
2021-02-13,1821.5999755859375,326.9212951660156,58.06441879272461,81.96258544921875,239.18
2021-02-14,1821.5999755859375,326.9212951660156,58.06441879272461,81.96258544921875,239.18
2021-02-15,1821.5999755859375,326.9212951660156,58.06441879272461,81.96258544921875,239.18
2021-02-16,1797.199951171875,326.0370788574219,57.95834732055664,81.60646057128906,239.18
2021-02-17,1771.0999755859375,324.4725036621094,58.170494079589844,82.07805633544922,239.18
2021-02-18,1773.4000244140625,323.0539245605469,58.135128021240234,82.10212707519531,239.18
2021-02-19,1775.800048828125,321.64501953125,57.4014892578125,81.62570190429688,239.18
2021-02-20,1775.800048828125,321.64501953125,57.4014892578125,81.62570190429688,239.18
2021-02-21,1775.800048828125,321.64501953125,57.4014892578125,81.62570190429688,239.18
2021-02-22,1806.699951171875,313.3080139160156,57.45452117919922,79.9029312133789,239.18
2021-02-23,1804.4000244140625,312.3752136230469,57.53407287597656,79.3783950805664,239.18
2021-02-24,1796.4000244140625,314.9501037597656,57.49872970581055,80.21089172363281,239.18
2021-02-25,1774.4000244140625,303.9701843261719,56.87112808227539,77.22730255126953,239.18
2021-02-26,1728.0999755859375,305.2430725097656,55.951866149902344,77.54973602294922,239.18
2021-02-27,1728.0999755859375,305.2430725097656,55.951866149902344,77.54973602294922,239.18
2021-02-28,1728.0999755859375,305.2430725097656,55.951866149902344,77.54973602294922,239.18
2021-03-01,1722.5,314.4253845214844,56.51757049560547,79.36876678466797,244.178
2021-03-02,1733.0999755859375,309.3824462890625,56.42033767700195,78.45443725585938,244.178
2021-03-03,1715.300048828125,300.4040832519531,56.155174255371094,76.61132049560547,244.178
2021-03-04,1700.199951171875,295.4873962402344,55.951866149902344,74.98959350585938,244.178
2021-03-05,1698.0,299.9376525878906,57.18933868408203,75.46598815917969,244.178
2021-03-06,1698.0,299.9376525878906,57.18933868408203,75.46598815917969,244.178
2021-03-07,1698.0,299.9376525878906,57.18933868408203,75.46598815917969,244.178
2021-03-08,1677.699951171875,291.4451904296875,57.43684768676758,75.55744171142578,244.178
2021-03-09,1716.5999755859375,302.940185546875,57.3838005065918,78.4111099243164,244.178
2021-03-10,1721.5,302.075439453125,58.135128021240234,78.81053161621094,244.178
2021-03-11,1722.300048828125,309.03265380859375,57.99370574951172,80.01841735839844,244.178
2021-03-12,1719.5,306.5256042480469,58.47102355957031,80.25421905517578,244.178
2021-03-13,1719.5,306.5256042480469,58.47102355957031,80.25421905517578,244.178
2021-03-14,1719.5,306.5256042480469,58.47102355957031,80.25421905517578,244.178
2021-03-15,1728.9000244140625,309.8001708984375,58.727359771728516,81.3321533203125,244.178
2021-03-16,1730.5999755859375,311.5007019042969,58.79806137084961,80.49000549316406,244.178
2021-03-17,1726.800048828125,312.78326416015625,58.709678649902344,81.62090301513672,244.178
2021-03-18,1732.199951171875,303.2025146484375,58.47102355957031,79.62381744384766,244.178
2021-03-19,1741.4000244140625,304.2713623046875,58.6743278503418,80.1002197265625,244.178
2021-03-20,1741.4000244140625,304.2713623046875,58.6743278503418,80.1002197265625,244.178
2021-03-21,1741.4000244140625,304.2713623046875,58.6743278503418,80.1002197265625,244.178
2021-03-22,1737.800048828125,309.97747802734375,59.29375076293945,80.62753295898438,244.178
2021-03-23,1724.699951171875,308.6251220703125,59.542579650878906,79.87080383300781,244.178
2021-03-24,1732.9000244140625,303.4200439453125,59.3115119934082,78.68990325927734,244.178
2021-03-25,1724.9000244140625,302.8946838378906,59.88917922973633,79.37915802001953,244.178
2021-03-26,1732.199951171875,307.43817138671875,60.946712493896484,80.03947448730469,244.178
2021-03-27,1732.199951171875,307.43817138671875,60.946712493896484,80.03947448730469,244.178
2021-03-28,1732.199951171875,307.43817138671875,60.946712493896484,80.03947448730469,244.178
2021-03-29,1712.0999755859375,307.35064697265625,61.55990219116211,79.60086822509766,244.178
2021-03-30,1683.9000244140625,305.80364990234375,60.90228271484375,80.3817138671875,244.178
2021-03-31,1713.800048828125,310.48333740234375,60.706764221191406,81.00830841064453,244.178
2021-04-01,1726.5,315.77593994140625,60.41350555419922,81.65898132324219,249.787
2021-04-02,1726.5,315.77593994140625,60.41350555419922,81.65898132324219,249.787
2021-04-03,1726.5,315.77593994140625,60.41350555419922,81.65898132324219,249.787
2021-04-04,1726.5,315.77593994140625,60.41350555419922,81.65898132324219,249.787
2021-04-05,1727.0,322.0804443359375,61.186676025390625,83.51464080810547,249.787
2021-04-06,1741.5,321.856689453125,61.444393157958984,83.87612915039062,249.787
2021-04-07,1740.0999755859375,322.6349792480469,61.293304443359375,83.6255111694336,249.787
2021-04-08,1756.800048828125,326.001220703125,61.35551834106445,84.02075958251953,249.787
2021-04-09,1743.300048828125,327.9761962890625,61.248863220214844,84.82084655761719,249.787
2021-04-10,1743.300048828125,327.9761962890625,61.248863220214844,84.82084655761719,249.787
2021-04-11,1743.300048828125,327.9761962890625,61.248863220214844,84.82084655761719,249.787
2021-04-12,1731.199951171875,327.54815673828125,61.577701568603516,85.36549377441406,249.787
2021-04-13,1746.199951171875,331.37164306640625,61.248863220214844,86.2668228149414,249.787
2021-04-14,1734.9000244140625,327.3924865722656,61.1955451965332,85.41852569580078,249.787
2021-04-15,1765.4000244140625,332.3542785644531,61.68434143066406,86.03065490722656,249.787
2021-04-16,1779.0,332.7434387207031,62.039817810058594,86.69579315185547,249.787
2021-04-17,1779.0,332.7434387207031,62.039817810058594,86.69579315185547,249.787
2021-04-18,1779.0,332.7434387207031,62.039817810058594,86.69579315185547,249.787
2021-04-19,1769.4000244140625,329.6982421875,61.79986572265625,85.72218322753906,249.787
2021-04-20,1777.300048828125,327.2951354980469,62.137569427490234,84.64250946044922,249.787
2021-04-21,1792.300048828125,330.09710693359375,62.448604583740234,85.77037048339844,249.787
2021-04-22,1781.199951171875,326.1179504394531,61.98649597167969,84.82084655761719,249.787
2021-04-23,1777.0,330.2236022949219,61.82653045654297,85.70771026611328,249.787
2021-04-24,1777.0,330.2236022949219,61.82653045654297,85.70771026611328,249.787
2021-04-25,1777.0,330.2236022949219,61.82653045654297,85.70771026611328,249.787
2021-04-26,1779.199951171875,332.3736877441406,61.13335037231445,86.08367156982422,249.787
2021-04-27,1778.0,330.9338684082031,61.08891296386719,85.98246002197266,249.787
2021-04-28,1773.199951171875,329.8150329589844,61.13335037231445,85.88121795654297,249.787
2021-04-29,1768.0999755859375,331.001953125,61.782100677490234,85.90531921386719,249.787
2021-04-30,1767.300048828125,328.8323974609375,61.83540725708008,86.2378921508789,249.787
2021-05-01,1767.300048828125,328.8323974609375,61.83540725708008,86.2378921508789,255.412
2021-05-02,1767.300048828125,328.8323974609375,61.83540725708008,86.2378921508789,255.412
2021-05-03,1791.4000244140625,327.0811462402344,62.341949462890625,85.82821655273438,255.412
2021-05-04,1775.800048828125,321.19500732421875,62.022029876708984,84.93170166015625,255.412
2021-05-05,1784.0999755859375,320.1151428222656,61.977596282958984,84.66661834716797,255.412
2021-05-06,1815.5,322.52801513671875,62.77743148803711,84.8497543334961,255.412
2021-05-07,1831.0999755859375,325.1451416015625,62.77743148803711,85.6113052368164,255.412
2021-05-08,1831.0999755859375,325.1451416015625,62.77743148803711,85.6113052368164,255.412
2021-05-09,1831.0999755859375,325.1451416015625,62.77743148803711,85.6113052368164,255.412
2021-05-10,1837.5,316.93377685546875,63.257328033447266,84.08822631835938,255.412
2021-05-11,1835.9000244140625,316.4959716796875,62.70634460449219,83.13867950439453,255.412
2021-05-12,1822.5999755859375,308.3040466308594,61.870975494384766,80.32386779785156,255.412
2021-05-13,1823.800048828125,310.6876220703125,62.74189758300781,80.89263153076172,255.412
2021-05-14,1837.9000244140625,317.54669189453125,63.017391204833984,82.29520416259766,255.412
2021-05-15,1837.9000244140625,317.54669189453125,63.017391204833984,82.29520416259766,255.412
2021-05-16,1837.9000244140625,317.54669189453125,63.017391204833984,82.29520416259766,255.412
2021-05-17,1867.5,315.6202697753906,62.92850875854492,82.14579772949219,255.412
2021-05-18,1867.800048828125,313.4896240234375,62.73299026489258,81.50474548339844,255.412
2021-05-19,1881.300048828125,313.84967041015625,62.52859115600586,80.8203125,255.412
2021-05-20,1881.800048828125,319.9205322265625,63.10626220703125,81.64934539794922,255.412
2021-05-21,1876.699951171875,318.14996337890625,63.115135192871094,81.23966979980469,255.412
2021-05-22,1876.699951171875,318.14996337890625,63.115135192871094,81.23966979980469,255.412
2021-05-23,1876.699951171875,318.14996337890625,63.115135192871094,81.23966979980469,255.412
2021-05-24,1884.5999755859375,323.5008850097656,63.30176544189453,82.0445785522461,255.412
2021-05-25,1898.0999755859375,323.9483947753906,63.31953430175781,82.30485534667969,255.412
2021-05-26,1901.300048828125,325.0769348144531,63.18621826171875,83.09049987792969,255.412
2021-05-27,1895.699951171875,323.86090087890625,62.79521560668945,83.4230728149414,255.412
2021-05-28,1902.5,324.8823547363281,62.92850875854492,83.30740356445312,255.412
2021-05-29,1902.5,324.8823547363281,62.92850875854492,83.30740356445312,255.412
2021-05-30,1902.5,324.8823547363281,62.92850875854492,83.30740356445312,255.412
2021-05-31,1902.5,324.8823547363281,62.92850875854492,83.30740356445312,255.412
2021-06-01,1902.9000244140625,323.8024597167969,62.71522521972656,83.14833068847656,261.132
2021-06-02,1907.5,324.4348449707031,62.946285247802734,82.76274108886719,261.132
2021-06-03,1871.199951171875,321.0588073730469,63.33732223510742,81.77946472167969,261.132
2021-06-04,1889.800048828125,326.5071105957031,63.55948257446289,82.43500518798828,261.132
2021-06-05,1889.800048828125,326.5071105957031,63.55948257446289,82.43500518798828,261.132
2021-06-06,1889.800048828125,326.5071105957031,63.55948257446289,82.43500518798828,261.132
2021-06-07,1896.800048828125,327.4800109863281,63.45286178588867,82.43500518798828,261.132
2021-06-08,1892.199951171875,327.6357421875,62.91961669921875,83.10014343261719,261.132
2021-06-09,1893.199951171875,327.7134704589844,62.617469787597656,82.64224243164062,261.132
2021-06-10,1894.199951171875,331.12841796875,63.00849914550781,83.03266143798828,261.132
2021-06-11,1877.4000244140625,331.99432373046875,63.04404830932617,83.4857406616211,261.132
2021-06-12,1877.4000244140625,331.99432373046875,63.04404830932617,83.4857406616211,261.132
2021-06-13,1877.4000244140625,331.99432373046875,63.04404830932617,83.4857406616211,261.132
2021-06-14,1864.0,335.17578125,63.00849914550781,83.50981140136719,261.132
2021-06-15,1854.5,332.9866638183594,62.85740280151367,83.06639099121094,261.132
2021-06-16,1859.5,331.77056884765625,62.022029876708984,83.10494232177734,261.132
2021-06-17,1773.800048828125,335.9832458496094,62.24421691894531,83.41825866699219,261.132
2021-06-18,1767.9000244140625,333.34661865234375,61.142234802246094,82.97962951660156,261.132
2021-06-19,1767.9000244140625,333.34661865234375,61.142234802246094,82.97962951660156,261.132
2021-06-20,1767.9000244140625,333.34661865234375,61.142234802246094,82.97962951660156,261.132
2021-06-21,1781.800048828125,335.41839599609375,61.843502044677734,83.61920928955078,261.132
2021-06-22,1776.300048828125,338.5451354980469,61.93294143676758,84.40603637695312,261.132
2021-06-23,1782.300048828125,338.710693359375,61.54832458496094,85.05768585205078,261.132
2021-06-24,1775.5999755859375,340.8048095703125,61.85244369506836,85.34729766845703,261.132
2021-06-25,1776.5999755859375,340.3859558105469,62.32651138305664,85.88793182373047,261.132
2021-06-26,1776.5999755859375,340.3859558105469,62.32651138305664,85.88793182373047,261.132
2021-06-27,1776.5999755859375,340.3859558105469,62.32651138305664,85.88793182373047,261.132
2021-06-28,1779.5999755859375,344.5256042480469,62.38016891479492,85.9072494506836,261.132
2021-06-29,1762.800048828125,345.7723693847656,62.10289001464844,86.11962890625,261.132
2021-06-30,1770.800048828125,345.2269592285156,62.585914611816406,86.18721771240234,261.132
2021-07-01,1775.9000244140625,345.3633117675781,62.398067474365234,86.67473602294922,265.463
2021-07-02,1782.5999755859375,349.32757568359375,62.55012512207031,87.43744659423828,265.463
2021-07-03,1782.5999755859375,349.32757568359375,62.55012512207031,87.43744659423828,265.463
2021-07-04,1782.5999755859375,349.32757568359375,62.55012512207031,87.43744659423828,265.463
2021-07-05,1782.5999755859375,349.32757568359375,62.55012512207031,87.43744659423828,265.463
2021-07-06,1793.5,350.8374328613281,62.290733337402344,87.5387954711914,265.463
2021-07-07,1801.5,351.57763671875,62.62168502807617,87.49053955078125,265.463
2021-07-08,1799.5999755859375,349.4542541503906,62.38912582397461,87.27332305908203,265.463
2021-07-09,1810.0,351.6360778808594,62.746891021728516,88.08908081054688,265.463
2021-07-10,1810.0,351.6360778808594,62.746891021728516,88.08908081054688,265.463
2021-07-11,1810.0,351.6360778808594,62.746891021728516,88.08908081054688,265.463
2021-07-12,1805.5,353.0095520019531,62.648521423339844,88.69248962402344,265.463
2021-07-13,1809.4000244140625,353.0095520019531,62.630615234375,87.63050079345703,265.463
2021-07-14,1824.300048828125,353.6426086425781,63.18519592285156,87.4712142944336,265.463
2021-07-15,1828.4000244140625,351.1587829589844,63.44459533691406,86.99816131591797,265.463
2021-07-16,1814.5,348.3146667480469,63.54299545288086,85.92656707763672,265.463
2021-07-17,1814.5,348.3146667480469,63.54299545288086,85.92656707763672,265.463
2021-07-18,1814.5,348.3146667480469,63.54299545288086,85.92656707763672,265.463
2021-07-19,1808.699951171875,345.4607238769531,63.35514831542969,84.94184112548828,265.463
2021-07-20,1810.9000244140625,349.4737243652344,63.37303924560547,86.51063537597656,265.463
2021-07-21,1802.9000244140625,352.17181396484375,63.2120246887207,87.30711364746094,265.463
2021-07-22,1805.0,354.49981689453125,63.104698181152344,87.68360900878906,265.463
2021-07-23,1801.4000244140625,358.6394348144531,63.865013122558594,88.4655990600586,265.463
2021-07-24,1801.4000244140625,358.6394348144531,63.865013122558594,88.4655990600586,265.463
2021-07-25,1801.4000244140625,358.6394348144531,63.865013122558594,88.4655990600586,265.463
2021-07-26,1798.699951171875,358.921875,63.972328186035156,89.12206268310547,265.463
2021-07-27,1799.5,354.96734619140625,64.10651397705078,88.21941375732422,265.463
2021-07-28,1799.5,356.3309326171875,63.54299545288086,87.93462371826172,265.463
2021-07-29,1831.199951171875,356.9640808105469,63.856040954589844,88.92416381835938,265.463
2021-07-30,1812.5999755859375,355.1036682128906,63.9633903503418,87.0947036743164,265.463
2021-07-31,1812.5999755859375,355.1036682128906,63.9633903503418,87.0947036743164,265.463
2021-08-01,1812.5999755859375,355.1036682128906,63.9633903503418,87.0947036743164,268.733
2021-08-02,1818.0999755859375,355.1329345703125,63.695037841796875,87.3457260131836,268.733
2021-08-03,1810.0999755859375,357.2855529785156,63.98127746582031,87.99253845214844,268.733
2021-08-04,1810.5,357.8017578125,63.14942932128906,87.1381607055664,268.733
2021-08-05,1805.0999755859375,360.07122802734375,63.45354080200195,87.97322082519531,268.733
2021-08-06,1760.0,358.4932861328125,63.45354080200195,87.37468719482422,268.733
2021-08-07,1760.0,358.4932861328125,63.45354080200195,87.37468719482422,268.733
2021-08-08,1760.0,358.4932861328125,63.45354080200195,87.37468719482422,268.733
2021-08-09,1723.4000244140625,359.1556396484375,63.68608093261719,87.25399017333984,268.733
2021-08-10,1728.800048828125,357.31475830078125,64.14228820800781,87.59671783447266,268.733
2021-08-11,1750.4000244140625,356.7010803222656,64.35694885253906,87.85254669189453,268.733
2021-08-12,1749.0,357.98681640625,64.32118225097656,87.89118194580078,268.733
2021-08-13,1775.199951171875,359.2432556152344,64.85785675048828,87.64017486572266,268.733
2021-08-14,1775.199951171875,359.2432556152344,64.85785675048828,87.64017486572266,268.733
2021-08-15,1775.199951171875,359.2432556152344,64.85785675048828,87.64017486572266,268.733
2021-08-16,1786.9000244140625,359.399169921875,65.23353576660156,87.23469543457031,268.733
2021-08-17,1785.0,356.23358154296875,65.26929473876953,85.16386413574219,268.733
2021-08-18,1781.5999755859375,352.8049011230469,64.45535278320312,85.46797943115234,268.733
2021-08-19,1780.199951171875,354.5094299316406,64.97412109375,84.92251586914062,268.733
2021-08-20,1781.0,358.1816711425781,65.08147430419922,85.73831176757812,268.733
2021-08-21,1781.0,358.1816711425781,65.08147430419922,85.73831176757812,268.733
2021-08-22,1781.0,358.1816711425781,65.08147430419922,85.73831176757812,268.733
2021-08-23,1803.199951171875,363.538818359375,64.87574005126953,86.84371948242188,268.733
2021-08-24,1805.5999755859375,364.6492004394531,64.38378143310547,87.45671844482422,268.733
2021-08-25,1788.199951171875,365.0680236816406,64.27644348144531,87.79463958740234,268.733
2021-08-26,1792.199951171875,362.7498779296875,63.98127746582031,86.98368072509766,268.733
2021-08-27,1816.5999755859375,366.27587890625,64.20490264892578,87.77532958984375,268.733
2021-08-28,1816.5999755859375,366.27587890625,64.20490264892578,87.77532958984375,268.733
2021-08-29,1816.5999755859375,366.27587890625,64.20490264892578,87.77532958984375,268.733
2021-08-30,1809.0,370.38623046875,64.49111938476562,88.43663787841797,268.733
2021-08-31,1815.0,370.0843200683594,64.63423919677734,88.64903259277344,268.733
2021-09-01,1813.0999755859375,370.6980285644531,64.97412109375,88.64419555664062,271.381
2021-09-02,1808.699951171875,370.5225830078125,65.2245864868164,88.63937377929688,271.381
2021-09-03,1830.9000244140625,371.6622619628906,65.14407348632812,88.58627319335938,271.381
2021-09-04,1830.9000244140625,371.6622619628906,65.14407348632812,88.58627319335938,271.381
2021-09-05,1830.9000244140625,371.6622619628906,65.14407348632812,88.58627319335938,271.381
2021-09-06,1830.9000244140625,371.6622619628906,65.14407348632812,88.58627319335938,271.381
2021-09-07,1795.9000244140625,372.1881408691406,64.39273071289062,88.84693908691406,271.381
2021-09-08,1790.699951171875,370.8927307128906,64.9472885131836,88.94830322265625,271.381
2021-09-09,1797.4000244140625,369.6168212890625,64.57161712646484,88.83244323730469,271.381
2021-09-10,1789.5999755859375,366.8115539550781,64.29434204101562,88.28699493408203,271.381
2021-09-11,1789.5999755859375,366.8115539550781,64.29434204101562,88.28699493408203,271.381
2021-09-12,1789.5999755859375,366.8115539550781,64.29434204101562,88.28699493408203,271.381
2021-09-13,1792.0,366.5582275390625,64.45535278320312,88.50422668457031,271.381
2021-09-14,1804.699951171875,365.5161437988281,64.16017150878906,88.20975494384766,271.381
2021-09-15,1792.4000244140625,368.2336730957031,64.39273071289062,88.77935791015625,271.381
2021-09-16,1754.5999755859375,368.4868469238281,64.17805480957031,89.18482208251953,271.381
2021-09-17,1749.4000244140625,364.12322998046875,63.82920455932617,88.87105560302734,271.381
2021-09-18,1749.4000244140625,364.12322998046875,63.82920455932617,88.87105560302734,271.381
2021-09-19,1749.4000244140625,364.12322998046875,63.82920455932617,88.87105560302734,271.381
2021-09-20,1761.800048828125,356.5992736816406,63.19197463989258,86.84309387207031,271.381
2021-09-21,1776.0,357.03802490234375,63.119991302490234,86.9736099243164,271.381
2021-09-22,1776.699951171875,360.3729248046875,63.29999923706055,88.15801239013672,271.381
2021-09-23,1747.699951171875,363.69805908203125,63.533992767333984,89.0523681640625,271.381
2021-09-24,1749.699951171875,364.03936767578125,63.56101989746094,89.38592529296875,271.381
2021-09-25,1749.699951171875,364.03936767578125,63.56101989746094,89.38592529296875,271.381
2021-09-26,1749.699951171875,364.03936767578125,63.56101989746094,89.38592529296875,271.381
2021-09-27,1750.0,361.1334533691406,63.27299880981445,89.86451721191406,271.381
2021-09-28,1735.800048828125,350.9142761230469,62.52595138549805,88.13383483886719,271.381
2021-09-29,1721.5,350.3390197753906,63.092979431152344,88.22085571289062,271.381
2021-09-30,1755.300048828125,349.0518493652344,61.958919525146484,86.75123596191406,271.381
2021-10-01,1757.0,351.2165832519531,62.120933532714844,87.40387725830078,273.587
2021-10-02,1757.0,351.2165832519531,62.120933532714844,87.40387725830078,273.587
2021-10-03,1757.0,351.2165832519531,62.120933532714844,87.40387725830078,273.587
2021-10-04,1766.199951171875,343.84478759765625,61.92292785644531,86.71257019042969,273.587
2021-10-05,1759.5999755859375,348.4862365722656,62.23794174194336,87.06063079833984,273.587
2021-10-06,1760.5,350.7192687988281,62.84095764160156,87.3362045288086,273.587
2021-10-07,1757.9000244140625,353.9371337890625,63.119991302490234,88.69462585449219,273.587
2021-10-08,1756.300048828125,352.1722412109375,63.04798126220703,88.28853607177734,273.587
2021-10-09,1756.300048828125,352.1722412109375,63.04798126220703,88.28853607177734,273.587
2021-10-10,1756.300048828125,352.1722412109375,63.04798126220703,88.28853607177734,273.587
2021-10-11,1754.5999755859375,349.4710998535156,63.02997970581055,87.9308090209961,273.587
2021-10-12,1758.300048828125,348.2522888183594,63.056968688964844,88.62694549560547,273.587
2021-10-13,1793.699951171875,351.0410461425781,63.17399215698242,89.06201171875,273.587
2021-10-14,1796.699951171875,357.506103515625,63.88501739501953,89.99503326416016,273.587
2021-10-15,1767.199951171875,359.7585754394531,63.73200607299805,91.3728256225586,273.587
2021-10-16,1767.199951171875,359.7585754394531,63.73200607299805,91.3728256225586,273.587
2021-10-17,1767.199951171875,359.7585754394531,63.73200607299805,91.3728256225586,273.587
2021-10-18,1764.800048828125,363.3763122558594,63.35398483276367,92.48954010009766,273.587
2021-10-19,1769.699951171875,366.12603759765625,63.3809928894043,92.22848510742188,273.587
2021-10-20,1784.0999755859375,365.6482849121094,63.75001525878906,92.16081237792969,273.587
2021-10-21,1781.199951171875,367.8813171386719,63.66900634765625,93.51439666748047,273.587
2021-10-22,1795.5,364.7901611328125,64.16403198242188,93.1808090209961,273.587
2021-10-23,1795.5,364.7901611328125,64.16403198242188,93.1808090209961,273.587
2021-10-24,1795.5,364.7901611328125,64.16403198242188,93.1808090209961,273.587
2021-10-25,1806.0,368.52490234375,64.1190185546875,95.49161529541016,273.587
2021-10-26,1792.699951171875,369.68524169921875,64.34402465820312,95.50613403320312,273.587
2021-10-27,1797.9000244140625,370.5433044433594,63.966026306152344,95.71884155273438,273.587
2021-10-28,1801.5999755859375,374.6583251953125,64.19102478027344,96.9902572631836,273.587
2021-10-29,1783.0,376.50128173828125,64.1280288696289,97.24164581298828,273.587
2021-10-30,1783.0,376.50128173828125,64.1280288696289,97.24164581298828,273.587
2021-10-31,1783.0,376.50128173828125,64.1280288696289,97.24164581298828,273.587
2021-11-01,1795.0999755859375,377.7884521484375,64.22702026367188,99.02548217773438,275.954
2021-11-02,1788.699951171875,379.3681945800781,64.65904998779297,98.35836791992188,275.954
2021-11-03,1763.5999755859375,383.39532470703125,65.2620849609375,100.12769317626953,275.954
2021-11-04,1793.0,388.30987548828125,65.3250732421875,101.4764633178711,275.954
2021-11-05,1816.4000244140625,388.6805725097656,65.7031021118164,102.12909698486328,275.954
2021-11-06,1816.4000244140625,388.6805725097656,65.7031021118164,102.12909698486328,275.954
2021-11-07,1816.4000244140625,388.6805725097656,65.7031021118164,102.12909698486328,275.954
2021-11-08,1827.4000244140625,388.1539001464844,65.18108367919922,100.68363189697266,275.954
2021-11-09,1830.199951171875,385.48211669921875,65.40606689453125,98.82245635986328,275.954
2021-11-10,1847.5999755859375,379.81671142578125,65.60409545898438,98.45503234863281,275.954
2021-11-11,1863.199951171875,380.869873046875,65.55908966064453,98.18916320800781,275.954
2021-11-12,1867.9000244140625,384.8774719238281,65.55908966064453,98.51787567138672,275.954
2021-11-13,1867.9000244140625,384.8774719238281,65.55908966064453,98.51787567138672,275.954
2021-11-14,1867.9000244140625,384.8774719238281,65.55908966064453,98.51787567138672,275.954
2021-11-15,1866.0999755859375,384.7897644042969,65.87411499023438,98.4356918334961,275.954
2021-11-16,1853.5999755859375,387.5299072265625,65.4601058959961,99.98751068115234,275.954
2021-11-17,1869.699951171875,387.734619140625,65.31607818603516,100.62561798095703,275.954
2021-11-18,1861.0,391.7520751953125,65.08206176757812,101.76652526855469,275.954
2021-11-19,1851.199951171875,393.936279296875,64.84805297851562,102.20645141601562,275.954
2021-11-20,1851.199951171875,393.936279296875,64.84805297851562,102.20645141601562,275.954
2021-11-21,1851.199951171875,393.936279296875,64.84805297851562,102.20645141601562,275.954
2021-11-22,1806.0,389.36309814453125,65.36109924316406,101.95023345947266,275.954
2021-11-23,1783.5,387.58831787109375,65.7931137084961,101.21058654785156,275.954
2021-11-24,1784.0999755859375,388.8365478515625,65.5950927734375,101.41845703125,275.954
2021-11-25,1784.0999755859375,388.8365478515625,65.5950927734375,101.41845703125,275.954
2021-11-26,1785.300048828125,381.46466064453125,64.76704406738281,98.65324401855469,275.954
2021-11-27,1785.300048828125,381.46466064453125,64.76704406738281,98.65324401855469,275.954
2021-11-28,1785.300048828125,381.46466064453125,64.76704406738281,98.65324401855469,275.954
2021-11-29,1782.300048828125,389.7432556152344,64.92906951904297,100.18572235107422,275.954
2021-11-30,1773.5999755859375,384.0194396972656,63.26399612426758,98.83212280273438,275.954
2021-12-01,1781.5999755859375,377.4862060546875,62.95797348022461,97.04825592041016,278.527
2021-12-02,1760.699951171875,380.20672607421875,63.62400436401367,98.43087768554688,278.527
2021-12-03,1782.0,373.5954895019531,64.41604614257812,96.51649475097656,278.527
2021-12-04,1782.0,373.5954895019531,64.41604614257812,96.51649475097656,278.527
2021-12-05,1782.0,373.5954895019531,64.41604614257812,96.51649475097656,278.527
2021-12-06,1777.5,376.589111328125,65.55009460449219,97.61869812011719,278.527
2021-12-07,1782.5999755859375,387.92962646484375,65.694091796875,99.89566802978516,278.527
2021-12-08,1783.4000244140625,389.6653137207031,65.48709869384766,100.14705657958984,278.527
2021-12-09,1774.5999755859375,383.931640625,65.66709899902344,98.41153717041016,278.527
2021-12-10,1782.9000244140625,388.10516357421875,66.7741470336914,99.09800720214844,278.527
2021-12-11,1782.9000244140625,388.10516357421875,66.7741470336914,99.09800720214844,278.527
2021-12-12,1782.9000244140625,388.10516357421875,66.7741470336914,99.09800720214844,278.527
2021-12-13,1786.300048828125,382.49822998046875,67.64720916748047,96.54550170898438,278.527
2021-12-14,1770.4000244140625,378.53924560546875,67.69221496582031,95.98473358154297,278.527
2021-12-15,1762.5999755859375,387.16900634765625,68.37622833251953,97.20296478271484,278.527
2021-12-16,1796.5999755859375,377.2131042480469,68.86226654052734,95.05653381347656,278.527
2021-12-17,1803.800048828125,375.33123779296875,67.68318176269531,94.40873718261719,278.527
2021-12-18,1803.800048828125,375.33123779296875,67.68318176269531,94.40873718261719,278.527
2021-12-19,1803.800048828125,375.33123779296875,67.68318176269531,94.40873718261719,278.527
2021-12-20,1793.699951171875,371.6903076171875,67.70313262939453,92.88462829589844,278.527
2021-12-21,1787.9000244140625,380.0089111328125,67.61251831054688,95.2908706665039,278.527
2021-12-22,1801.5999755859375,384.6368408203125,68.0384292602539,97.02897644042969,278.527
2021-12-23,1811.199951171875,387.53662109375,68.19249725341797,98.37491607666016,278.527
2021-12-24,1811.199951171875,387.53662109375,68.19249725341797,98.37491607666016,278.527
2021-12-25,1811.199951171875,387.53662109375,68.19249725341797,98.37491607666016,278.527
2021-12-26,1811.199951171875,387.53662109375,68.19249725341797,98.37491607666016,278.527
2021-12-27,1808.0999755859375,393.9415588378906,68.9174575805664,99.33354187011719,278.527
2021-12-28,1810.199951171875,392.11572265625,69.30713653564453,99.37712097167969,278.527
2021-12-29,1805.0999755859375,392.0571594238281,69.62432098388672,99.57562255859375,278.527
2021-12-30,1812.699951171875,390.8855285644531,69.40679931640625,99.21733856201172,278.527
2021-12-31,1827.5,388.44464111328125,69.87804412841797,98.98011016845703,278.527
2022-01-01,1827.5,388.44464111328125,69.87804412841797,98.98011016845703,281.904
2022-01-02,1827.5,388.44464111328125,69.87804412841797,98.98011016845703,281.904
2022-01-03,1799.4000244140625,392.18408203125,69.86898803710938,101.82209014892578,281.904
2022-01-04,1814.0,387.0972900390625,70.3402099609375,101.20237731933594,281.904
2022-01-05,1824.5999755859375,375.2052307128906,70.27678680419922,98.47175598144531,281.904
2022-01-06,1788.699951171875,374.9415588378906,70.08645629882812,98.21516418457031,281.904
2022-01-07,1797.0,370.8799133300781,70.15898132324219,96.57872009277344,281.904
2022-01-08,1797.0,370.8799133300781,70.15898132324219,96.57872009277344,281.904
2022-01-09,1797.0,370.8799133300781,70.15898132324219,96.57872009277344,281.904
2022-01-10,1798.4000244140625,371.1240234375,69.60619354248047,95.988037109375,281.904
2022-01-11,1818.5999755859375,376.69903564453125,69.52462005615234,96.91279602050781,281.904
2022-01-12,1827.199951171875,378.1928405761719,69.55181121826172,97.55186462402344,281.904
2022-01-13,1821.199951171875,368.7319641113281,69.67868041992188,95.5910415649414,281.904
2022-01-14,1816.5,371.0263977050781,69.8055419921875,95.1456298828125,281.904
2022-01-15,1816.5,371.0263977050781,69.8055419921875,95.1456298828125,281.904
2022-01-16,1816.5,371.0263977050781,69.8055419921875,95.1456298828125,281.904
2022-01-17,1816.5,371.0263977050781,69.8055419921875,95.1456298828125,281.904
2022-01-18,1812.300048828125,361.78997802734375,68.79965209960938,93.34458923339844,281.904
2022-01-19,1843.0999755859375,357.8162841796875,69.23462677001953,91.65973663330078,281.904
2022-01-20,1842.5,353.1688232421875,68.78153228759766,89.98941040039062,281.904
2022-01-21,1831.800048828125,343.37591552734375,68.83589935302734,87.35076904296875,281.904
2022-01-22,1831.800048828125,343.37591552734375,68.83589935302734,87.35076904296875,281.904
2022-01-23,1831.800048828125,343.37591552734375,68.83589935302734,87.35076904296875,281.904
2022-01-24,1841.699951171875,344.94781494140625,68.6093521118164,88.40138244628906,281.904
2022-01-25,1852.699951171875,336.9514465332031,67.84813690185547,86.90534973144531,281.904
2022-01-26,1829.9000244140625,336.42425537109375,67.33158874511719,86.484130859375,281.904
2022-01-27,1793.300048828125,333.0362243652344,67.78469848632812,84.38775634765625,281.904
2022-01-28,1784.9000244140625,343.4833068847656,68.5821533203125,86.22754669189453,281.904
2022-01-29,1784.9000244140625,343.4833068847656,68.5821533203125,86.22754669189453,281.904
2022-01-30,1784.9000244140625,343.4833068847656,68.5821533203125,86.22754669189453,281.904
2022-01-31,1795.0,354.46734619140625,68.84495544433594,89.54398345947266,281.904
2022-02-01,1800.300048828125,356.8789367675781,68.78153228759766,90.08624267578125,287.123
2022-02-02,1809.199951171875,359.77874755859375,69.60619354248047,89.548828125,287.123
2022-02-03,1803.0,345.19189453125,69.62432098388672,86.80853271484375,287.123
2022-02-04,1806.5999755859375,349.54644775390625,68.77245330810547,89.27770233154297,287.123
2022-02-05,1806.5999755859375,349.54644775390625,68.77245330810547,89.27770233154297,287.123
2022-02-06,1806.5999755859375,349.54644775390625,68.77245330810547,89.27770233154297,287.123
2022-02-07,1820.5999755859375,346.7345275878906,68.89933776855469,89.0937271118164,287.123
2022-02-08,1826.5999755859375,350.6302490234375,69.16213989257812,90.3476791381836,287.123
2022-02-09,1835.199951171875,358.0602722167969,69.18024444580078,91.54354858398438,287.123
2022-02-10,1836.199951171875,349.95654296875,68.43717193603516,89.96520233154297,287.123
2022-02-11,1840.800048828125,338.8553466796875,68.19249725341797,87.37982940673828,287.123
2022-02-12,1840.800048828125,338.8553466796875,68.19249725341797,87.37982940673828,287.123
2022-02-13,1840.800048828125,338.8553466796875,68.19249725341797,87.37982940673828,287.123
2022-02-14,1868.0,339.2751770019531,68.002197265625,87.87849426269531,287.123
2022-02-15,1854.800048828125,347.71087646484375,68.11997985839844,89.84416198730469,287.123
2022-02-16,1870.199951171875,347.6231689453125,68.24686431884766,90.10074615478516,287.123
2022-02-17,1900.699951171875,337.283447265625,68.77245330810547,87.68968200683594,287.123
2022-02-18,1898.5999755859375,333.4366149902344,68.89933776855469,87.1474380493164,287.123
2022-02-19,1898.5999755859375,333.4366149902344,68.89933776855469,87.1474380493164,287.123
2022-02-20,1898.5999755859375,333.4366149902344,68.89933776855469,87.1474380493164,287.123
2022-02-21,1898.5999755859375,333.4366149902344,68.89933776855469,87.1474380493164,287.123
2022-02-22,1906.0999755859375,330.087646484375,68.36466217041016,84.60562133789062,287.123
2022-02-23,1909.199951171875,321.6323547363281,67.81188201904297,81.77818298339844,287.123
2022-02-24,1925.0999755859375,332.4407043457031,66.64287567138672,83.64701843261719,287.123
2022-02-25,1886.5,337.59588623046875,68.79058074951172,85.30281066894531,287.123
2022-02-26,1886.5,337.59588623046875,68.79058074951172,85.30281066894531,287.123
2022-02-27,1886.5,337.59588623046875,68.79058074951172,85.30281066894531,287.123
2022-02-28,1899.4000244140625,338.6014709472656,67.87532043457031,85.90316772460938,287.123
2022-03-01,1942.4000244140625,333.4170837402344,67.47657775878906,84.60078430175781,294.918
2022-03-02,1920.9000244140625,339.0116271972656,68.19249725341797,86.37761688232422,294.918
2022-03-03,1934.4000244140625,334.1687927246094,68.74526977539062,84.42164611816406,294.918
2022-03-04,1965.0999755859375,329.3260498046875,68.75434875488281,83.08055877685547,294.918
2022-03-05,1965.0999755859375,329.3260498046875,68.75434875488281,83.08055877685547,294.918
2022-03-06,1965.0999755859375,329.3260498046875,68.75434875488281,83.08055877685547,294.918
2022-03-07,1993.9000244140625,317.18017578125,67.50376892089844,79.00883483886719,294.918
2022-03-08,2040.0999755859375,315.70587158203125,65.68228149414062,79.17345428466797,294.918
2022-03-09,1985.9000244140625,327.0706787109375,66.1263198852539,81.72008514404297,294.918
2022-03-10,1998.0999755859375,323.4385681152344,65.50103759765625,82.30107116699219,294.918
2022-03-11,1982.699951171875,316.7310791015625,64.73980712890625,80.71788787841797,294.918
2022-03-12,1982.699951171875,316.7310791015625,64.73980712890625,80.71788787841797,294.918
2022-03-13,1982.699951171875,316.7310791015625,64.73980712890625,80.71788787841797,294.918
2022-03-14,1959.5999755859375,310.6483459472656,65.08417510986328,79.37193298339844,294.918
2022-03-15,1928.5,320.3924255371094,66.5431900024414,82.02993774414062,294.918
2022-03-16,1908.0,332.274658203125,66.61568450927734,84.8283462524414,294.918
2022-03-17,1942.0999755859375,336.2972717285156,67.07785034179688,86.2420654296875,294.918
2022-03-18,1928.199951171875,343.1806335449219,67.23189544677734,88.05764770507812,294.918
2022-03-19,1928.199951171875,343.1806335449219,67.23189544677734,88.05764770507812,294.918
2022-03-20,1928.199951171875,343.1806335449219,67.23189544677734,88.05764770507812,294.918
2022-03-21,1928.5999755859375,342.2265319824219,67.31838989257812,87.32011413574219,294.918
2022-03-22,1920.699951171875,348.9521789550781,67.81905364990234,89.48760223388672,294.918
2022-03-23,1936.5999755859375,343.93731689453125,67.27288055419922,88.37718200683594,294.918
2022-03-24,1961.5999755859375,351.5818176269531,67.7462158203125,89.06572723388672,294.918
2022-03-25,1953.800048828125,351.2885437011719,68.3106460571289,88.91056060791016,294.918
2022-03-26,1953.800048828125,351.2885437011719,68.3106460571289,88.91056060791016,294.918
2022-03-27,1953.800048828125,351.2885437011719,68.3106460571289,88.91056060791016,294.918
2022-03-28,1939.5999755859375,356.72381591796875,68.59282684326172,91.28170776367188,294.918
2022-03-29,1912.0,362.8630065917969,69.20275115966797,92.87217712402344,294.918
2022-03-30,1933.5,358.8549499511719,69.2482681274414,91.46111297607422,294.918
2022-03-31,1949.199951171875,354.4070739746094,69.08438873291016,89.70580291748047,294.918
2022-04-01,1919.0999755859375,353.73248291015625,69.7762451171875,89.81731414794922,301.537
2022-04-02,1919.0999755859375,353.73248291015625,69.7762451171875,89.81731414794922,301.537
2022-04-03,1919.0999755859375,353.73248291015625,69.7762451171875,89.81731414794922,301.537
2022-04-04,1929.199951171875,361.01531982421875,69.55778503417969,91.83448791503906,301.537
2022-04-05,1922.9000244140625,352.999267578125,69.62150573730469,89.68154907226562,301.537
2022-04-06,1918.4000244140625,345.335205078125,70.5045166015625,87.39285278320312,301.537
2022-04-07,1933.800048828125,346.1563415527344,71.3602294921875,87.83895874023438,301.537
2022-04-08,1941.5999755859375,341.3173828125,71.6606216430664,87.0291748046875,301.537
2022-04-09,1941.5999755859375,341.3173828125,71.6606216430664,87.0291748046875,301.537
2022-04-10,1941.5999755859375,341.3173828125,71.6606216430664,87.0291748046875,301.537
2022-04-11,1944.300048828125,333.2427673339844,71.36932373046875,85.41446685791016,301.537
2022-04-12,1972.0999755859375,331.8349304199219,71.38752746582031,85.60356903076172,301.537
2022-04-13,1981.0,338.5801086425781,71.78807830810547,87.73226165771484,301.537
2022-04-14,1970.9000244140625,330.837890625,71.76985931396484,86.50548553466797,301.537
2022-04-15,1970.9000244140625,330.837890625,71.76985931396484,86.50548553466797,301.537
2022-04-16,1970.9000244140625,330.837890625,71.76985931396484,86.50548553466797,301.537
2022-04-17,1970.9000244140625,330.837890625,71.76985931396484,86.50548553466797,301.537
2022-04-18,1982.9000244140625,331.092041015625,71.17815399169922,86.76732635498047,301.537
2022-04-19,1955.699951171875,338.4922180175781,72.26143646240234,89.283935546875,301.537
2022-04-20,1952.300048828125,333.55548095703125,73.3447036743164,88.1347427368164,301.537
2022-04-21,1944.9000244140625,326.6539001464844,73.28099060058594,87.28132629394531,301.537
2022-04-22,1931.0,318.10015869140625,72.13397979736328,85.25446319580078,301.537
2022-04-23,1931.0,318.10015869140625,72.13397979736328,85.25446319580078,301.537
2022-04-24,1931.0,318.10015869140625,72.13397979736328,85.25446319580078,301.537
2022-04-25,1893.199951171875,322.1864013671875,72.45260620117188,85.87026977539062,301.537
2022-04-26,1901.4000244140625,310.0255126953125,71.33289337158203,81.52559661865234,301.537
2022-04-27,1885.9000244140625,309.6540222167969,71.59690856933594,81.5353012084961,301.537
2022-04-28,1888.699951171875,320.65167236328125,72.65287017822266,83.20819091796875,301.537
2022-04-29,1909.300048828125,306.22265625,70.6774673461914,78.97990417480469,301.537
2022-04-30,1909.300048828125,306.22265625,70.6774673461914,78.97990417480469,301.537
2022-05-01,1909.300048828125,306.22265625,70.6774673461914,78.97990417480469,306.299
2022-05-02,1861.800048828125,311.3354187011719,69.74893188476562,80.13394165039062,306.299
2022-05-03,1868.800048828125,311.6677551269531,69.54867553710938,79.93513488769531,306.299
2022-05-04,1867.0,322.2059326171875,71.11441802978516,82.28203582763672,306.299
2022-05-05,1874.0,305.97833251953125,69.76715850830078,77.67066192626953,306.299
2022-05-06,1881.199951171875,302.3124694824219,69.83997344970703,76.68634033203125,306.299
2022-05-07,1881.199951171875,302.3124694824219,69.83997344970703,76.68634033203125,306.299
2022-05-08,1881.199951171875,302.3124694824219,69.83997344970703,76.68634033203125,306.299
2022-05-09,1857.0999755859375,290.48388671875,69.81266784667969,73.41813659667969,306.299
2022-05-10,1839.9000244140625,294.012939453125,69.33019256591797,73.1999282836914,306.299
2022-05-11,1852.5999755859375,285.29302978515625,69.02978515625,70.57664489746094,306.299
2022-05-12,1823.800048828125,284.61846923828125,69.0115737915039,71.06153869628906,306.299
2022-05-13,1807.4000244140625,295.1664733886719,70.0493392944336,73.8593978881836,306.299
2022-05-14,1807.4000244140625,295.1664733886719,70.0493392944336,73.8593978881836,306.299
2022-05-15,1807.4000244140625,295.1664733886719,70.0493392944336,73.8593978881836,306.299
2022-05-16,1813.5,291.7450256347656,70.36797332763672,72.26407623291016,306.299
2022-05-17,1818.199951171875,299.301513671875,69.88548278808594,74.0872802734375,306.299
2022-05-18,1815.9000244140625,284.6087646484375,65.38848114013672,69.2431869506836,306.299
2022-05-19,1841.199951171875,283.0837097167969,64.22328186035156,69.29166412353516,306.299
2022-05-20,1841.800048828125,282.203857421875,64.35983276367188,68.08427429199219,306.299
2022-05-21,1841.800048828125,282.203857421875,64.35983276367188,68.08427429199219,306.299
2022-05-22,1841.800048828125,282.203857421875,64.35983276367188,68.08427429199219,306.299
2022-05-23,1847.800048828125,286.8962707519531,65.68890380859375,68.59342956542969,306.299
2022-05-24,1865.0999755859375,280.7962646484375,66.76307678222656,66.82839965820312,306.299
2022-05-25,1846.199951171875,284.7260437011719,66.78126525878906,68.71465301513672,306.299
2022-05-26,1847.4000244140625,292.614990234375,67.49134063720703,72.08467102050781,306.299
2022-05-27,1851.300048828125,302.1658630371094,68.27423095703125,74.55763244628906,306.299
2022-05-28,1851.300048828125,302.1658630371094,68.27423095703125,74.55763244628906,306.299
2022-05-29,1851.300048828125,302.1658630371094,68.27423095703125,74.55763244628906,306.299
2022-05-30,1851.300048828125,302.1658630371094,68.27423095703125,74.55763244628906,306.299
2022-05-31,1842.699951171875,301.36419677734375,67.79175567626953,74.93587493896484,306.299
2022-06-01,1843.300048828125,299.13543701171875,66.90874481201172,74.15518188476562,308.095
2022-06-02,1866.5,307.3274230957031,67.88277435302734,76.42449188232422,308.095
2022-06-03,1845.4000244140625,299.3309020996094,67.20004272460938,74.18911743164062,308.095
2022-06-04,1845.4000244140625,299.3309020996094,67.20004272460938,74.18911743164062,308.095
2022-06-05,1845.4000244140625,299.3309020996094,67.20004272460938,74.18911743164062,308.095
2022-06-06,1839.199951171875,300.3279724121094,67.22734069824219,74.9310073852539,308.095
2022-06-07,1847.5,302.9185485839844,67.58236694335938,74.74674224853516,308.095
2022-06-08,1851.9000244140625,300.738525390625,66.75396728515625,74.30550384521484,308.095
2022-06-09,1848.800048828125,292.6835021972656,65.75263214111328,72.96234893798828,308.095
2022-06-10,1871.5,282.3603515625,65.47042083740234,70.05296325683594,308.095
2022-06-11,1871.5,282.3603515625,65.47042083740234,70.05296325683594,308.095
2022-06-12,1871.5,282.3603515625,65.47042083740234,70.05296325683594,308.095
2022-06-13,1828.0,269.2316589355469,64.0594253540039,66.81869506835938,308.095
2022-06-14,1809.5,269.7203674316406,63.30385971069336,66.76536560058594,308.095
2022-06-15,1815.300048828125,276.455810546875,63.367584228515625,68.64190673828125,308.095
2022-06-16,1845.699951171875,265.30181884765625,62.88511276245117,65.28156280517578,308.095
2022-06-17,1835.5999755859375,268.5278015136719,62.657535552978516,65.99437713623047,308.095
2022-06-18,1835.5999755859375,268.5278015136719,62.657535552978516,65.99437713623047,308.095
2022-06-19,1835.5999755859375,268.5278015136719,62.657535552978516,65.99437713623047,308.095
2022-06-20,1835.5999755859375,268.5278015136719,62.657535552978516,65.99437713623047,308.095
2022-06-21,1834.5999755859375,275.3025817871094,64.32949829101562,67.88207244873047,308.095
2022-06-22,1834.300048828125,274.9010314941406,64.28366088867188,67.75083923339844,308.095
2022-06-23,1825.699951171875,278.9951171875,65.53097534179688,68.81523132324219,308.095
2022-06-24,1826.5,288.5544738769531,66.81501007080078,71.43972778320312,308.095
2022-06-25,1826.5,288.5544738769531,66.81501007080078,71.43972778320312,308.095
2022-06-26,1826.5,288.5544738769531,66.81501007080078,71.43972778320312,308.095
2022-06-27,1820.9000244140625,286.43890380859375,66.63157653808594,70.69125366210938,308.095
2022-06-28,1817.5,277.7120666503906,65.7419204711914,67.86749267578125,308.095
2022-06-29,1813.699951171875,277.9667053222656,66.15465545654297,67.81402587890625,308.095
2022-06-30,1804.0999755859375,274.5190124511719,66.20050811767578,66.81768035888672,308.095
2022-07-01,1798.9000244140625,276.33099365234375,67.15435791015625,68.04729461669922,306.932
2022-07-02,1798.9000244140625,276.33099365234375,67.15435791015625,68.04729461669922,306.932
2022-07-03,1798.9000244140625,276.33099365234375,67.15435791015625,68.04729461669922,306.932
2022-07-04,1798.9000244140625,276.33099365234375,67.15435791015625,68.04729461669922,306.932
2022-07-05,1761.800048828125,281.061767578125,66.72329711914062,69.56855773925781,306.932
2022-07-06,1734.9000244140625,282.8639221191406,66.9158935546875,69.34012603759766,306.932
2022-07-07,1737.9000244140625,288.9169006347656,66.9800796508789,71.128662109375,306.932
2022-07-08,1740.5999755859375,289.279296875,66.86085510253906,71.13837432861328,306.932
2022-07-09,1740.5999755859375,289.279296875,66.86085510253906,71.13837432861328,306.932
2022-07-10,1740.5999755859375,289.279296875,66.86085510253906,71.13837432861328,306.932
2022-07-11,1730.0,283.0989990234375,66.7691421508789,69.18943786621094,306.932
2022-07-12,1723.300048828125,280.35650634765625,66.57654571533203,68.77147674560547,306.932
2022-07-13,1734.199951171875,279.7786865234375,66.62239074707031,69.33525085449219,306.932
2022-07-14,1704.5,280.7777099609375,66.67741394042969,69.27693176269531,306.932
2022-07-15,1702.4000244140625,285.870849609375,66.89755249023438,70.394775390625,306.932
2022-07-16,1702.4000244140625,285.870849609375,66.89755249023438,70.394775390625,306.932
2022-07-17,1702.4000244140625,285.870849609375,66.89755249023438,70.394775390625,306.932
2022-07-18,1709.199951171875,283.45159912109375,66.24637603759766,70.59891510009766,306.932
2022-07-19,1710.0,292.1686706542969,66.94340515136719,72.76168060302734,306.932
2022-07-20,1699.5,296.8014221191406,66.49401092529297,73.95729064941406,306.932
2022-07-21,1712.699951171875,301.0620422363281,66.69579315185547,75.64862060546875,306.932
2022-07-22,1727.0999755859375,295.7828369140625,67.13600158691406,75.21119689941406,306.932
2022-07-23,1727.0999755859375,295.7828369140625,67.13600158691406,75.21119689941406,306.932
2022-07-24,1727.0999755859375,295.7828369140625,67.13600158691406,75.21119689941406,306.932
2022-07-25,1719.0,294.0981750488281,67.46619415283203,74.56481170654297,306.932
2022-07-26,1717.699951171875,288.3194580078125,67.31026458740234,72.16387176513672,306.932
2022-07-27,1719.0999755859375,300.50372314453125,67.76885986328125,74.89529418945312,306.932
2022-07-28,1750.300048828125,303.4420471191406,68.85110473632812,76.18325805664062,306.932
2022-07-29,1762.9000244140625,308.97589111328125,68.31915283203125,79.13822174072266,306.932
2022-07-30,1762.9000244140625,308.97589111328125,68.31915283203125,79.13822174072266,306.932
2022-07-31,1762.9000244140625,308.97589111328125,68.31915283203125,79.13822174072266,306.932
2022-08-01,1769.0,308.7898254394531,69.1720962524414,79.53190612792969,303.51
2022-08-02,1771.0999755859375,307.86920166015625,68.6218032836914,78.9875717163086,303.51
2022-08-03,1758.0,316.2532653808594,69.07122039794922,80.91220092773438,303.51
2022-08-04,1788.5,317.73223876953125,68.61263275146484,81.24269104003906,303.51
2022-08-05,1772.9000244140625,315.1366882324219,68.45673370361328,79.85753631591797,303.51
2022-08-06,1772.9000244140625,315.1366882324219,68.45673370361328,79.85753631591797,303.51
2022-08-07,1772.9000244140625,315.1366882324219,68.45673370361328,79.85753631591797,303.51
2022-08-08,1786.800048828125,314.1180114746094,68.42002868652344,80.21717834472656,303.51
2022-08-09,1794.0,310.5626525878906,68.31915283203125,78.93896484375,303.51
2022-08-10,1795.5999755859375,319.2307434082031,68.82359313964844,81.16492462158203,303.51
2022-08-11,1789.699951171875,317.4187316894531,68.65849304199219,80.75182342529297,303.51
2022-08-12,1798.5999755859375,323.59906005859375,69.25464630126953,82.5792465209961,303.51
2022-08-13,1798.5999755859375,323.59906005859375,69.25464630126953,82.5792465209961,303.51
2022-08-14,1798.5999755859375,323.59906005859375,69.25464630126953,82.5792465209961,303.51
2022-08-15,1781.4000244140625,326.2142333984375,69.94252014160156,83.14788818359375,303.51
2022-08-16,1773.199951171875,325.4501953125,70.73127746582031,84.06644439697266,303.51
2022-08-17,1760.300048828125,321.7381896972656,70.52950286865234,83.16246032714844,303.51
2022-08-18,1755.300048828125,322.51190185546875,70.7679672241211,83.1381607055664,303.51
2022-08-19,1747.5999755859375,316.223876953125,70.5386734008789,81.42250061035156,303.51
2022-08-20,1747.5999755859375,316.223876953125,70.5386734008789,81.42250061035156,303.51
2022-08-21,1747.5999755859375,316.223876953125,70.5386734008789,81.42250061035156,303.51
2022-08-22,1734.0,307.8985290527344,69.82328796386719,79.16253662109375,303.51
2022-08-23,1746.800048828125,307.6439208984375,69.5206298828125,79.3861083984375,303.51
2022-08-24,1747.800048828125,308.53521728515625,69.69489288330078,79.72631072998047,303.51
2022-08-25,1757.699951171875,313.9906311035156,70.01587677001953,80.67890930175781,303.51
2022-08-26,1736.0999755859375,301.12078857421875,68.28245544433594,77.6072769165039,303.51
2022-08-27,1736.0999755859375,301.12078857421875,68.28245544433594,77.6072769165039,303.51
2022-08-28,1736.0999755859375,301.12078857421875,68.28245544433594,77.6072769165039,303.51
2022-08-29,1736.5999755859375,298.1531066894531,68.17240142822266,77.19415283203125,303.51
2022-08-30,1723.199951171875,294.83270263671875,67.46619415283203,76.33390808105469,303.51
2022-08-31,1712.800048828125,293.1187744140625,67.05348205566406,75.58058166503906,303.51
2022-09-01,1696.5999755859375,293.2460632324219,67.42949676513672,76.27072143554688,300.346
2022-09-02,1709.800048828125,289.10296630859375,66.54901885986328,75.57086944580078,300.346
2022-09-03,1709.800048828125,289.10296630859375,66.54901885986328,75.57086944580078,300.346
2022-09-04,1709.800048828125,289.10296630859375,66.54901885986328,75.57086944580078,300.346
2022-09-05,1709.800048828125,289.10296630859375,66.54901885986328,75.57086944580078,300.346
2022-09-06,1700.4000244140625,287.026611328125,66.17300415039062,75.41533660888672,300.346
2022-09-07,1715.300048828125,292.82489013671875,67.36530303955078,77.72877502441406,300.346
2022-09-08,1708.0,294.34307861328125,67.1910400390625,78.45294952392578,300.346
2022-09-09,1716.199951171875,300.7779846191406,67.85138702392578,79.94015502929688,300.346
2022-09-10,1716.199951171875,300.7779846191406,67.85138702392578,79.94015502929688,300.346
2022-09-11,1716.199951171875,300.7779846191406,67.85138702392578,79.94015502929688,300.346
2022-09-12,1728.0999755859375,304.35296630859375,68.11736297607422,80.97051239013672,300.346
2022-09-13,1705.0,287.6632385253906,65.84281921386719,76.7956314086914,300.346
2022-09-14,1696.5,289.94537353515625,65.8153076171875,77.78224182128906,300.346
2022-09-15,1665.4000244140625,285.11663818359375,65.2650146484375,77.38371276855469,300.346
2022-09-16,1671.699951171875,283.3731994628906,65.42093658447266,76.7615966796875,300.346
2022-09-17,1671.699951171875,283.3731994628906,65.42093658447266,76.7615966796875,300.346
2022-09-18,1671.699951171875,283.3731994628906,65.42093658447266,76.7615966796875,300.346
2022-09-19,1666.199951171875,285.5799560546875,65.85572814941406,77.84770202636719,300.346
2022-09-20,1659.699951171875,283.3036193847656,65.49569702148438,76.52782440185547,300.346
2022-09-21,1664.5999755859375,278.23077392578125,65.2464599609375,74.71605682373047,300.346
2022-09-22,1670.800048828125,274.80633544921875,65.15414428710938,72.99195861816406,300.346
2022-09-23,1645.300048828125,270.33209228515625,64.04640197753906,71.3116683959961,300.346
2022-09-24,1645.300048828125,270.33209228515625,64.04640197753906,71.3116683959961,300.346
2022-09-25,1645.300048828125,270.33209228515625,64.04640197753906,71.3116683959961,300.346
2022-09-26,1623.300048828125,269.21343994140625,64.09254455566406,71.15094757080078,300.346
2022-09-27,1626.699951171875,269.32135009765625,62.984798431396484,71.37499237060547,300.346
2022-09-28,1660.4000244140625,274.67877197265625,63.74176788330078,73.30364227294922,300.346
2022-09-29,1658.5,266.760498046875,62.68941116333008,70.77108001708984,300.346
2022-09-30,1662.4000244140625,262.23712158203125,61.60012435913086,69.37814331054688,300.346
2022-10-01,1662.4000244140625,262.23712158203125,61.60012435913086,69.37814331054688,298.565
2022-10-02,1662.4000244140625,262.23712158203125,61.60012435913086,69.37814331054688,298.565
2022-10-03,1692.9000244140625,268.38922119140625,62.66172409057617,69.44633483886719,298.565
2022-10-04,1721.0999755859375,276.8276062011719,63.61253356933594,71.87177276611328,298.565
2022-10-05,1711.4000244140625,276.6803894042969,63.2432861328125,71.44805908203125,298.565
2022-10-06,1711.699951171875,274.50213623046875,62.32015609741211,70.94154357910156,298.565
2022-10-07,1700.5,264.0425109863281,61.38779067993164,68.50149536132812,298.565
2022-10-08,1700.5,264.0425109863281,61.38779067993164,68.50149536132812,298.565
2022-10-09,1700.5,264.0425109863281,61.38779067993164,68.50149536132812,298.565
2022-10-10,1667.300048828125,261.4030456542969,61.60933303833008,68.0777587890625,298.565
2022-10-11,1678.699951171875,257.8118591308594,62.117061614990234,67.52253723144531,298.565
2022-10-12,1670.300048828125,257.7235107421875,62.44938659667969,67.69788360595703,298.565
2022-10-13,1670.0,263.7677917480469,63.48328399658203,68.43817138671875,298.565
2022-10-14,1641.699951171875,255.83961486816406,62.33860778808594,65.88123321533203,298.565
2022-10-15,1641.699951171875,255.83961486816406,62.33860778808594,65.88123321533203,298.565
2022-10-16,1641.699951171875,255.83961486816406,62.33860778808594,65.88123321533203,298.565
2022-10-17,1657.0,264.287841796875,63.01250457763672,68.55506134033203,298.565
2022-10-18,1649.0,266.3777770996094,63.83407211303711,69.49991607666016,298.565
2022-10-19,1627.5,265.4064025878906,63.53868865966797,68.72066497802734,298.565
2022-10-20,1630.800048828125,264.0523376464844,62.6524772644043,67.39103698730469,298.565
2022-10-21,1651.0,270.2437438964844,63.61253356933594,69.35381317138672,298.565
2022-10-22,1651.0,270.2437438964844,63.61253356933594,69.35381317138672,298.565
2022-10-23,1651.0,270.2437438964844,63.61253356933594,69.35381317138672,298.565
2022-10-24,1648.699951171875,273.216796875,64.75718688964844,69.64115142822266,298.565
2022-10-25,1652.800048828125,278.8684997558594,65.60647583007812,71.38473510742188,298.565
2022-10-26,1664.0,272.70660400390625,66.04035186767578,70.81002807617188,298.565
2022-10-27,1660.699951171875,267.74169921875,66.0957260131836,70.53729248046875,298.565
2022-10-28,1639.5999755859375,275.9346923828125,67.54502868652344,70.60060119628906,298.565
2022-10-29,1639.5999755859375,275.9346923828125,67.54502868652344,70.60060119628906,298.565
2022-10-30,1639.5999755859375,275.9346923828125,67.54502868652344,70.60060119628906,298.565
2022-10-31,1635.9000244140625,272.7261657714844,67.1480941772461,70.14766693115234,298.565
2022-11-01,1645.0,269.9395446777344,66.9357681274414,69.43660736083984,296.751
2022-11-02,1645.699951171875,260.6867980957031,65.77264404296875,66.81147766113281,296.751
2022-11-03,1627.300048828125,255.5943145751953,65.55110168457031,66.412109375,296.751
2022-11-04,1672.5,259.70556640625,66.3265151977539,66.96733093261719,296.751
2022-11-05,1672.5,259.70556640625,66.3265151977539,66.96733093261719,296.751
2022-11-06,1672.5,259.70556640625,66.3265151977539,66.96733093261719,296.751
2022-11-07,1676.5,262.5609436035156,66.91731262207031,66.49976348876953,296.751
2022-11-08,1712.0999755859375,264.4742126464844,67.11116027832031,66.33418273925781,296.751
2022-11-09,1710.0999755859375,258.3711242675781,66.38189697265625,64.30811309814453,296.751
2022-11-10,1750.300048828125,277.4359130859375,67.94198608398438,69.00800323486328,296.751
2022-11-11,1766.0,282.5480651855469,67.86812591552734,70.66392517089844,296.751
2022-11-12,1766.0,282.5480651855469,67.86812591552734,70.66392517089844,296.751
2022-11-13,1766.0,282.5480651855469,67.86812591552734,70.66392517089844,296.751
2022-11-14,1773.5999755859375,280.0754089355469,67.33271789550781,69.54375457763672,296.751
2022-11-15,1773.800048828125,283.9511413574219,67.89582061767578,70.49345397949219,296.751
2022-11-16,1773.0,280.0754089355469,68.2281494140625,69.41712188720703,296.751
2022-11-17,1760.800048828125,279.457275390625,68.20968627929688,68.57453918457031,296.751
2022-11-18,1751.9000244140625,279.4670715332031,68.93898010253906,68.6670913696289,296.751
2022-11-19,1751.9000244140625,279.4670715332031,68.93898010253906,68.6670913696289,296.751
2022-11-20,1751.9000244140625,279.4670715332031,68.93898010253906,68.6670913696289,296.751
2022-11-21,1737.4000244140625,276.5921630859375,69.5943603515625,67.67351531982422,296.751
2022-11-22,1738.300048828125,280.57586669921875,70.10208892822266,68.43817138671875,296.751
2022-11-23,1744.9000244140625,283.391845703125,70.34210205078125,69.4268569946289,296.751
2022-11-24,1744.9000244140625,283.391845703125,70.34210205078125,69.4268569946289,296.751
2022-11-25,1753.300048828125,281.5276184082031,70.38826751708984,69.46581268310547,296.751
2022-11-26,1753.300048828125,281.5276184082031,70.38826751708984,69.46581268310547,296.751
2022-11-27,1753.300048828125,281.5276184082031,70.38826751708984,69.46581268310547,296.751
2022-11-28,1740.0999755859375,277.396728515625,70.12055206298828,69.03722381591797,296.751
2022-11-29,1748.4000244140625,275.29693603515625,69.85284423828125,68.81806945800781,296.751
2022-11-30,1746.0,287.84649658203125,71.2560043334961,71.18992614746094,296.751
2022-12-01,1801.0999755859375,288.19976806640625,70.93289947509766,71.18016815185547,294.244
2022-12-02,1795.9000244140625,287.0517272949219,71.2560043334961,71.087646484375,294.244
2022-12-03,1795.9000244140625,287.0517272949219,71.2560043334961,71.087646484375,294.244
2022-12-04,1795.9000244140625,287.0517272949219,71.2560043334961,71.087646484375,294.244
2022-12-05,1767.4000244140625,282.23406982421875,70.36056518554688,69.03722381591797,294.244
2022-12-06,1769.300048828125,276.3860168457031,69.92669677734375,67.96088409423828,294.244
2022-12-07,1785.5,275.2576599121094,70.22209167480469,67.55177307128906,294.244
2022-12-08,1788.699951171875,278.51531982421875,70.6005859375,68.20439147949219,294.244
2022-12-09,1798.0999755859375,276.7392883300781,70.0559310913086,67.90731048583984,294.244
2022-12-10,1798.0999755859375,276.7392883300781,70.0559310913086,67.90731048583984,294.244
2022-12-11,1798.0999755859375,276.7392883300781,70.0559310913086,67.90731048583984,294.244
2022-12-12,1780.5,280.2127685546875,70.79444885253906,68.0777587890625,294.244
2022-12-13,1813.9000244140625,283.2250671386719,70.69290161132812,68.0777587890625,294.244
2022-12-14,1807.5,281.1253662109375,70.646728515625,67.57124328613281,294.244
2022-12-15,1777.199951171875,271.6860656738281,69.4466781616211,66.4608154296875,294.244
2022-12-16,1790.0,269.0956726074219,69.10511779785156,65.21887969970703,294.244
2022-12-17,1790.0,269.0956726074219,69.10511779785156,65.21887969970703,294.244
2022-12-18,1790.0,269.0956726074219,69.10511779785156,65.21887969970703,294.244
2022-12-19,1787.699951171875,265.31396484375,69.0614242553711,64.17180633544922,294.244
2022-12-20,1815.9000244140625,265.1073913574219,69.00563049316406,63.42458724975586,294.244
2022-12-21,1815.9000244140625,268.9531555175781,69.69364166259766,64.43553924560547,294.244
2022-12-22,1787.0,262.3731384277344,69.53559112548828,62.77995681762695,294.244
2022-12-23,1795.9000244140625,262.9632568359375,69.898193359375,63.209712982177734,294.244
2022-12-24,1795.9000244140625,262.9632568359375,69.898193359375,63.209712982177734,294.244
2022-12-25,1795.9000244140625,262.9632568359375,69.898193359375,63.209712982177734,294.244
2022-12-26,1795.9000244140625,262.9632568359375,69.898193359375,63.209712982177734,294.244
2022-12-27,1814.800048828125,259.2453918457031,70.2328872680664,62.18414306640625,294.244
2022-12-28,1807.9000244140625,255.82264709472656,69.35892486572266,61.66157913208008,294.244
2022-12-29,1819.5,262.058349609375,69.65645599365234,63.2487907409668,294.244
2022-12-30,1819.699951171875,261.9010009765625,69.31243896484375,63.07786178588867,294.244
2022-12-31,1819.699951171875,261.9010009765625,69.31243896484375,63.07786178588867,294.244
2023-01-01,1819.699951171875,261.9010009765625,69.31243896484375,63.07786178588867,292.739
2023-01-02,1819.699951171875,261.9010009765625,69.31243896484375,63.07786178588867,292.739
2023-01-03,1839.699951171875,260.13067626953125,69.05211639404297,62.701812744140625,292.739
2023-01-04,1852.800048828125,261.369873046875,69.3217544555664,63.61018753051758,292.739
2023-01-05,1834.800048828125,257.2783508300781,68.62443542480469,63.01923751831055,292.739
2023-01-06,1864.199951171875,264.3795471191406,70.4560317993164,64.4990234375,292.739
2023-01-07,1864.199951171875,264.3795471191406,70.4560317993164,64.4990234375,292.739
2023-01-08,1864.199951171875,264.3795471191406,70.4560317993164,64.4990234375,292.739
2023-01-09,1872.699951171875,266.0909729003906,69.76803588867188,64.88970947265625,292.739
2023-01-10,1871.5999755859375,268.3432922363281,69.67506408691406,65.70527648925781,292.739
2023-01-11,1874.5999755859375,272.9856872558594,69.71224212646484,67.47806549072266,292.739
2023-01-12,1895.5,274.46099853515625,69.16368865966797,67.59039306640625,292.739
2023-01-13,1918.4000244140625,276.3494567871094,69.48909759521484,68.22528076171875,292.739
2023-01-14,1918.4000244140625,276.3494567871094,69.48909759521484,68.22528076171875,292.739
2023-01-15,1918.4000244140625,276.3494567871094,69.48909759521484,68.22528076171875,292.739
2023-01-16,1918.4000244140625,276.3494567871094,69.48909759521484,68.22528076171875,292.739
2023-01-17,1907.199951171875,276.9100341796875,69.53559112548828,68.27412414550781,292.739
2023-01-18,1904.4000244140625,273.3102722167969,67.63890838623047,67.3852767944336,292.739
2023-01-19,1922.0999755859375,270.6250915527344,66.99738311767578,66.26692199707031,292.739
2023-01-20,1926.4000244140625,278.0312805175781,67.51805114746094,67.87364959716797,292.739
2023-01-21,1926.4000244140625,278.0312805175781,67.51805114746094,67.87364959716797,292.739
2023-01-22,1926.4000244140625,278.0312805175781,67.51805114746094,67.87364959716797,292.739
2023-01-23,1927.0999755859375,284.2080383300781,67.73188781738281,68.93340301513672,292.739
2023-01-24,1933.9000244140625,283.627685546875,68.01079559326172,68.85527801513672,292.739
2023-01-25,1941.199951171875,282.998291015625,68.17816925048828,69.20689392089844,292.739
2023-01-26,1929.0999755859375,288.5160217285156,67.93643188476562,70.62317657470703,292.739
2023-01-27,1928.5999755859375,291.38800048828125,67.74118041992188,72.22504425048828,292.739
2023-01-28,1928.5999755859375,291.38800048828125,67.74118041992188,72.22504425048828,292.739
2023-01-29,1928.5999755859375,291.38800048828125,67.74118041992188,72.22504425048828,292.739
2023-01-30,1922.9000244140625,285.49652099609375,67.8248519897461,70.99433135986328,292.739
2023-01-31,1929.5,289.77496337890625,68.5593490600586,72.62060546875,292.739
2023-02-01,1927.800048828125,295.97137451171875,69.10791015625,73.997802734375,293.536
2023-02-02,1916.300048828125,306.5937805175781,68.51287078857422,76.26385498046875,293.536
2023-02-03,1862.9000244140625,301.14483642578125,68.24324035644531,73.91478729248047,293.536
2023-02-04,1862.9000244140625,301.14483642578125,68.24324035644531,73.91478729248047,293.536
2023-02-05,1862.9000244140625,301.14483642578125,68.24324035644531,73.91478729248047,293.536
2023-02-06,1866.199951171875,298.5974426269531,68.32691955566406,73.8073501586914,293.536
2023-02-07,1871.699951171875,304.7840576171875,68.03870391845703,73.97827911376953,293.536
2023-02-08,1877.4000244140625,299.3645935058594,67.51805114746094,73.34828186035156,293.536
2023-02-09,1866.199951171875,296.7188415527344,67.22052001953125,73.21154022216797,293.536
2023-02-10,1862.800048828125,294.7714538574219,67.84346008300781,72.35201263427734,293.536
2023-02-11,1862.800048828125,294.7714538574219,67.84346008300781,72.35201263427734,293.536
2023-02-12,1862.800048828125,294.7714538574219,67.84346008300781,72.35201263427734,293.536
2023-02-13,1851.9000244140625,299.4924621582031,68.61514282226562,73.4117660522461,293.536
2023-02-14,1854.0,301.7054748535156,67.9922103881836,74.29082489013672,293.536
2023-02-15,1834.199951171875,304.016845703125,68.12237548828125,75.1601333618164,293.536
2023-02-16,1842.0,298.3121337890625,67.62963104248047,73.51921081542969,293.536
2023-02-17,1840.4000244140625,296.2073974609375,68.50357055664062,73.53385162353516,293.536
2023-02-18,1840.4000244140625,296.2073974609375,68.50357055664062,73.53385162353516,293.536
2023-02-19,1840.4000244140625,296.2073974609375,68.50357055664062,73.53385162353516,293.536
2023-02-20,1840.4000244140625,296.2073974609375,68.50357055664062,73.53385162353516,293.536
2023-02-21,1833.0,289.1946716308594,68.24324035644531,71.07734680175781,293.536
2023-02-22,1832.0,289.4110107421875,68.14097595214844,71.4387435913086,293.536
2023-02-23,1818.0,291.93878173828125,68.05728149414062,71.38015747070312,293.536
2023-02-24,1808.800048828125,287.050537109375,67.60172271728516,70.25688934326172,293.536
2023-02-25,1808.800048828125,287.050537109375,67.60172271728516,70.25688934326172,293.536
2023-02-26,1808.800048828125,287.050537109375,67.60172271728516,70.25688934326172,293.536
2023-02-27,1817.0,289.10614013671875,67.52733612060547,71.12619018554688,293.536
2023-02-28,1828.9000244140625,288.732421875,66.96949768066406,71.07734680175781,293.536
2023-03-01,1837.699951171875,286.4112243652344,66.47672271728516,70.18363189697266,297.459
2023-03-02,1833.5,288.78155517578125,67.38788604736328,69.94922637939453,297.459
2023-03-03,1847.699951171875,294.75177001953125,67.44367218017578,71.45339965820312,297.459
2023-03-04,1847.699951171875,294.75177001953125,67.44367218017578,71.45339965820312,297.459
2023-03-05,1847.699951171875,294.75177001953125,67.44367218017578,71.45339965820312,297.459
2023-03-06,1847.9000244140625,295.0860900878906,67.62030792236328,70.93084716796875,297.459
2023-03-07,1813.9000244140625,291.4666442871094,66.9509048461914,69.9638671875,297.459
2023-03-08,1812.699951171875,292.9223327636719,67.06246948242188,69.83688354492188,297.459
2023-03-09,1829.300048828125,287.8471374511719,66.43954467773438,68.17156219482422,297.459
2023-03-10,1862.0,283.8048095703125,66.11412811279297,67.49273681640625,297.459
2023-03-11,1862.0,283.8048095703125,66.11412811279297,67.49273681640625,297.459
2023-03-12,1862.0,283.8048095703125,66.11412811279297,67.49273681640625,297.459
2023-03-13,1911.699951171875,285.9095764160156,66.44884490966797,67.63435363769531,297.459
2023-03-14,1906.199951171875,292.479736328125,67.05317687988281,68.78202056884766,297.459
2023-03-15,1926.5999755859375,294.01409912109375,67.49015045166016,68.6794662475586,297.459
2023-03-16,1919.0,301.76446533203125,67.5366439819336,69.91991424560547,297.459
2023-03-17,1969.800048828125,300.3382568359375,67.04386901855469,69.02619934082031,297.459
2023-03-18,1969.800048828125,300.3382568359375,67.04386901855469,69.02619934082031,297.459
2023-03-19,1969.800048828125,300.3382568359375,67.04386901855469,69.02619934082031,297.459
2023-03-20,1979.199951171875,301.4042053222656,67.97341918945312,69.32501220703125,297.459
2023-03-21,1938.0,305.7089538574219,67.9173583984375,71.2403564453125,297.459
2023-03-22,1946.800048828125,301.5519104003906,67.29143524169922,69.65322875976562,297.459
2023-03-23,1993.800048828125,305.1278381347656,67.02985382080078,69.57974243164062,297.459
2023-03-24,1982.0999755859375,306.25079345703125,68.16960906982422,69.35440826416016,297.459
2023-03-25,1982.0999755859375,306.25079345703125,68.16960906982422,69.35440826416016,297.459
2023-03-26,1982.0999755859375,306.25079345703125,68.16960906982422,69.35440826416016,297.459
2023-03-27,1952.4000244140625,304.1525573730469,68.53395080566406,69.49646759033203,297.459
2023-03-28,1972.4000244140625,302.5370178222656,68.6553955078125,69.41319274902344,297.459
2023-03-29,1966.0999755859375,308.0534973144531,69.03842163085938,70.73091125488281,297.459
2023-03-30,1980.300048828125,310.96929931640625,69.2345962524414,71.34813690185547,297.459
2023-03-31,1969.0,316.1409912109375,69.7951431274414,73.25369262695312,297.459
2023-04-01,1969.0,316.1409912109375,69.7951431274414,73.25369262695312,301.573
2023-04-02,1969.0,316.1409912109375,69.7951431274414,73.25369262695312,301.573
2023-04-03,1983.9000244140625,315.37255859375,70.15947723388672,72.58257293701172,301.573
2023-04-04,2022.199951171875,314.3087463378906,70.01934814453125,72.46501922607422,301.573
2023-04-05,2020.9000244140625,311.2056884765625,70.34632873535156,70.98074340820312,301.573
2023-04-06,2011.9000244140625,313.3039245605469,70.40238189697266,70.99543762207031,301.573
2023-04-07,2011.9000244140625,313.3039245605469,70.40238189697266,70.99543762207031,301.573
2023-04-08,2011.9000244140625,313.3039245605469,70.40238189697266,70.99543762207031,301.573
2023-04-09,2011.9000244140625,313.3039245605469,70.40238189697266,70.99543762207031,301.573
2023-04-10,1989.0999755859375,313.12664794921875,70.40238189697266,71.30895233154297,301.573
2023-04-11,2004.800048828125,311.1170654296875,70.60790252685547,71.42161560058594,301.573
2023-04-12,2010.9000244140625,308.3687438964844,70.29026794433594,70.31452941894531,301.573
2023-04-13,2041.300048828125,314.4072265625,70.68263244628906,71.86740112304688,301.573
2023-04-14,2002.199951171875,313.81622314453125,70.23420715332031,71.96044921875,301.573
2023-04-15,2002.199951171875,313.81622314453125,70.23420715332031,71.96044921875,301.573
2023-04-16,2002.199951171875,313.81622314453125,70.23420715332031,71.96044921875,301.573
2023-04-17,1994.199951171875,314.0821228027344,70.68263244628906,72.46990966796875,301.573
2023-04-18,2007.4000244140625,314.101806640625,70.89750671386719,72.58747863769531,301.573
2023-04-19,1995.199951171875,313.9540710449219,70.85079956054688,72.5188980102539,301.573
2023-04-20,2007.5999755859375,311.5603332519531,71.0189437866211,71.40201568603516,301.573
2023-04-21,1979.5,311.8853759765625,71.53276824951172,72.1906967163086,301.573
2023-04-22,1979.5,311.8853759765625,71.53276824951172,72.1906967163086,301.573
2023-04-23,1979.5,311.8853759765625,71.53276824951172,72.1906967163086,301.573
2023-04-24,1989.0999755859375,311.23529052734375,71.8223876953125,72.18090057373047,301.573
2023-04-25,1994.0,305.36419677734375,71.72895050048828,70.7505111694336,301.573
2023-04-26,1985.699951171875,307.2161560058594,71.1684341430664,70.38801574707031,301.573
2023-04-27,1989.9000244140625,315.5696716308594,71.96250915527344,72.24458312988281,301.573
2023-04-28,1990.0999755859375,317.7466125488281,72.34553527832031,72.43074035644531,301.573
2023-04-29,1990.0999755859375,317.7466125488281,72.34553527832031,72.43074035644531,301.573
2023-04-30,1990.0999755859375,317.7466125488281,72.34553527832031,72.43074035644531,301.573
2023-05-01,1983.4000244140625,317.38214111328125,72.40159606933594,71.71551513671875,305.439
2023-05-02,2014.300048828125,314.6141357421875,72.2054214477539,71.78900909423828,305.439
2023-05-03,2028.5999755859375,312.5553283691406,71.61685943603516,71.22078704833984,305.439
2023-05-04,2048.0,311.4519958496094,71.43936157226562,70.67214965820312,305.439
2023-05-05,2017.4000244140625,318.07171630859375,72.10264587402344,72.1025161743164,305.439
2023-05-06,2017.4000244140625,318.07171630859375,72.10264587402344,72.1025161743164,305.439
2023-05-07,2017.4000244140625,318.07171630859375,72.10264587402344,72.1025161743164,305.439
2023-05-08,2026.300048828125,318.85980224609375,71.88777160644531,72.34745788574219,305.439
2023-05-09,2036.199951171875,316.84039306640625,71.66355895996094,72.3278579711914,305.439
2023-05-10,2030.5,320.2881774902344,71.55146026611328,72.69525146484375,305.439
2023-05-11,2014.699951171875,321.3323669433594,71.76632690429688,73.03326416015625,305.439
2023-05-12,2014.5,320.17974853515625,72.04659271240234,72.41604614257812,305.439
2023-05-13,2014.5,320.17974853515625,72.04659271240234,72.41604614257812,305.439
2023-05-14,2014.5,320.17974853515625,72.04659271240234,72.41604614257812,305.439
2023-05-15,2018.0,321.91351318359375,71.86907958984375,72.50910949707031,305.439
2023-05-16,1988.4000244140625,322.2779846191406,71.26184844970703,72.21517944335938,305.439
2023-05-17,1980.699951171875,326.1788635253906,71.2244644165039,73.71906280517578,305.439
2023-05-18,1956.5,332.2371826171875,70.87882995605469,74.86534118652344,305.439
2023-05-19,1978.699951171875,331.48846435546875,70.92552947998047,74.23831939697266,305.439
2023-05-20,1978.699951171875,331.48846435546875,70.92552947998047,74.23831939697266,305.439
2023-05-21,1978.699951171875,331.48846435546875,70.92552947998047,74.23831939697266,305.439
2023-05-22,1974.800048828125,332.6015930175781,69.85118865966797,74.0080795288086,305.439
2023-05-23,1972.4000244140625,328.385498046875,69.33737182617188,73.33206176757812,305.439
2023-05-24,1962.800048828125,326.700927734375,68.88893127441406,73.0626449584961,305.439
2023-05-25,1943.0999755859375,334.6505432128906,68.36579132080078,72.73444366455078,305.439
2023-05-26,1944.0999755859375,343.20098876953125,68.59934997558594,74.44404602050781,305.439
2023-05-27,1944.0999755859375,343.20098876953125,68.59934997558594,74.44404602050781,305.439
2023-05-28,1944.0999755859375,343.20098876953125,68.59934997558594,74.44404602050781,305.439
2023-05-29,1944.0999755859375,343.20098876953125,68.59934997558594,74.44404602050781,305.439
2023-05-30,1958.0,344.75750732421875,67.8145980834961,74.9437255859375,305.439
2023-05-31,1963.9000244140625,342.7970886230469,67.88933563232422,74.2677001953125,305.439
2023-06-01,1978.0,346.7572021484375,67.8332748413086,75.14454650878906,308.398
2023-06-02,1952.4000244140625,349.3577575683594,68.76749420166016,76.90805053710938,308.398
2023-06-03,1952.4000244140625,349.3577575683594,68.76749420166016,76.90805053710938,308.398
2023-06-04,1952.4000244140625,349.3577575683594,68.76749420166016,76.90805053710938,308.398
2023-06-05,1958.0,349.6040954589844,68.51526641845703,77.13827514648438,308.398
2023-06-06,1965.5,349.54486083984375,68.16960906982422,77.94166564941406,308.398
2023-06-07,1942.699951171875,343.61480712890625,67.94538116455078,77.41259765625,308.398
2023-06-08,1963.5999755859375,347.8801574707031,68.41250610351562,78.55888366699219,308.398
2023-06-09,1962.199951171875,349.2100830078125,68.30039978027344,78.9654541015625,308.398
2023-06-10,1962.199951171875,349.2100830078125,68.30039978027344,78.9654541015625,308.398
2023-06-11,1962.199951171875,349.2100830078125,68.30039978027344,78.9654541015625,308.398
2023-06-12,1955.300048828125,355.11065673828125,68.28170776367188,80.32238006591797,308.398
2023-06-13,1944.5999755859375,357.83929443359375,68.56197357177734,81.15514373779297,308.398
2023-06-14,1955.300048828125,360.4399108886719,68.98236083984375,81.09634399414062,308.398
2023-06-15,1957.800048828125,364.73486328125,69.6736831665039,81.62541198730469,308.398
2023-06-16,1958.4000244140625,362.4396057128906,69.75777435302734,81.5029525756836,308.398
2023-06-17,1958.4000244140625,362.4396057128906,69.75777435302734,81.5029525756836,308.398
2023-06-18,1958.4000244140625,362.4396057128906,69.75777435302734,81.5029525756836,308.398
2023-06-19,1958.4000244140625,362.4396057128906,69.75777435302734,81.5029525756836,308.398
2023-06-20,1935.5,361.9207458496094,69.22712707519531,82.11354064941406,308.398
2023-06-21,1933.300048828125,356.98858642578125,69.47174835205078,81.12693786621094,308.398
2023-06-22,1912.699951171875,361.2006530761719,69.87631225585938,82.16264343261719,308.398
2023-06-23,1919.0999755859375,357.61993408203125,69.41529846191406,81.21039581298828,308.398
2023-06-24,1919.0999755859375,357.61993408203125,69.41529846191406,81.21039581298828,308.398
2023-06-25,1919.0999755859375,357.61993408203125,69.41529846191406,81.21039581298828,308.398
2023-06-26,1923.699951171875,352.8258972167969,69.50938415527344,80.1697998046875,308.398
2023-06-27,1914.0,358.89239501953125,69.71636962890625,81.8926773071289,308.398
2023-06-28,1912.300048828125,359.5928039550781,69.2459487915039,82.21663665771484,308.398
2023-06-29,1909.199951171875,358.8726501464844,69.18008422851562,82.30496978759766,308.398
2023-06-30,1921.0999755859375,364.40655517578125,69.78223419189453,83.35047912597656,308.398
2023-07-01,1921.0999755859375,364.40655517578125,69.78223419189453,83.35047912597656,310.32
2023-07-02,1921.0999755859375,364.40655517578125,69.78223419189453,83.35047912597656,310.32
2023-07-03,1921.699951171875,365.2647399902344,70.32791137695312,84.3567123413086,310.32
2023-07-04,1921.699951171875,365.2647399902344,70.32791137695312,84.3567123413086,310.32
2023-07-05,1919.5999755859375,365.2548828125,70.20560455322266,84.39106750488281,310.32
2023-07-06,1908.699951171875,362.47314453125,70.02684020996094,83.03143310546875,310.32
2023-07-07,1926.199951171875,361.2697448730469,69.1142349243164,83.1344985961914,310.32
2023-07-08,1926.199951171875,361.2697448730469,69.1142349243164,83.1344985961914,310.32
2023-07-09,1926.199951171875,361.2697448730469,69.1142349243164,83.1344985961914,310.32
2023-07-10,1925.0,361.3880310058594,69.09542083740234,83.38975524902344,310.32
2023-07-11,1931.300048828125,363.1734924316406,69.19892120361328,84.08673858642578,310.32
2023-07-12,1956.199951171875,367.76043701171875,69.35884094238281,84.84265899658203,310.32
2023-07-13,1959.199951171875,374.0044860839844,69.65049743652344,85.63782501220703,310.32
2023-07-14,1960.0999755859375,373.9255676269531,69.88571166992188,85.85870361328125,310.32
2023-07-15,1960.0999755859375,373.9255676269531,69.88571166992188,85.85870361328125,310.32
2023-07-16,1960.0999755859375,373.9255676269531,69.88571166992188,85.85870361328125,310.32
2023-07-17,1952.4000244140625,377.4175720214844,69.6787338256836,86.20719909667969,310.32
2023-07-18,1977.199951171875,380.5050354003906,69.60347747802734,86.56061553955078,310.32
2023-07-19,1977.5,380.4162902832031,70.30909729003906,86.86495208740234,310.32
2023-07-20,1968.300048828125,371.64697265625,70.91124725341797,83.90514373779297,310.32
2023-07-21,1964.300048828125,370.5323181152344,71.15583801269531,83.92477416992188,310.32
2023-07-22,1964.300048828125,370.5323181152344,71.15583801269531,83.92477416992188,310.32
2023-07-23,1964.300048828125,370.5323181152344,71.15583801269531,83.92477416992188,310.32
2023-07-24,1960.300048828125,371.1241455078125,71.42869567871094,84.4745101928711,310.32
2023-07-25,1962.0999755859375,373.6395263671875,71.40988159179688,84.27816772460938,310.32
2023-07-26,1968.9000244140625,372.3966064453125,71.49456024169922,84.25853729248047,310.32
2023-07-27,1945.4000244140625,371.5088806152344,70.86419677734375,83.38484954833984,310.32
2023-07-28,1960.4000244140625,378.2757568359375,71.59805297851562,84.79846954345703,310.32
2023-07-29,1960.4000244140625,378.2757568359375,71.59805297851562,84.79846954345703,310.32
2023-07-30,1960.4000244140625,378.2757568359375,71.59805297851562,84.79846954345703,310.32
2023-07-31,1970.5,378.4729919433594,71.26874542236328,85.27951049804688,310.32
2023-08-01,1940.699951171875,377.5950927734375,70.88300323486328,84.31254577636719,311.683
2023-08-02,1937.4000244140625,369.30914306640625,71.13703155517578,82.80074310302734,311.683
2023-08-03,1932.0,368.71722412109375,70.93946075439453,82.99707794189453,311.683
2023-08-04,1939.5999755859375,366.990966796875,70.23384094238281,84.20455932617188,311.683
2023-08-05,1939.5999755859375,366.990966796875,70.23384094238281,84.20455932617188,311.683
2023-08-06,1939.5999755859375,366.990966796875,70.23384094238281,84.20455932617188,311.683
2023-08-07,1933.5,370.09820556640625,70.80774688720703,85.06843566894531,311.683
2023-08-08,1924.0999755859375,366.9515380859375,70.29969024658203,84.39106750488281,311.683
2023-08-09,1915.4000244140625,362.91705322265625,70.40319061279297,83.38975524902344,311.683
2023-08-10,1914.4000244140625,363.58782958984375,70.2620620727539,83.59099578857422,311.683
2023-08-11,1912.9000244140625,361.2697448730469,70.37496185302734,83.3062973022461,311.683
2023-08-12,1912.9000244140625,361.2697448730469,70.37496185302734,83.3062973022461,311.683
2023-08-13,1912.9000244140625,361.2697448730469,70.37496185302734,83.3062973022461,311.683
2023-08-14,1910.5999755859375,365.323974609375,70.02684020996094,83.56155395507812,311.683
2023-08-15,1902.5,361.447265625,69.27417755126953,82.42277526855469,311.683
2023-08-16,1896.0999755859375,357.61993408203125,69.1142349243164,81.40181732177734,311.683
2023-08-17,1884.0999755859375,353.7136535644531,68.44623565673828,80.02255249023438,311.683
2023-08-18,1886.0999755859375,353.269775390625,68.70024871826172,79.84092712402344,311.683
2023-08-19,1886.0999755859375,353.269775390625,68.70024871826172,79.84092712402344,311.683
2023-08-20,1886.0999755859375,353.269775390625,68.70024871826172,79.84092712402344,311.683
2023-08-21,1893.300048828125,358.9614562988281,68.23925018310547,80.7588119506836,311.683
2023-08-22,1896.4000244140625,358.4485778808594,67.85350799560547,80.87662506103516,311.683
2023-08-23,1918.5,364.10076904296875,68.30510711669922,81.52454376220703,311.683
2023-08-24,1918.199951171875,356.3178405761719,67.75940704345703,79.92928314208984,311.683
2023-08-25,1911.0999755859375,359.0798645019531,68.13574981689453,80.8226318359375,311.683
2023-08-26,1911.0999755859375,359.0798645019531,68.13574981689453,80.8226318359375,311.683
2023-08-27,1911.0999755859375,359.0798645019531,68.13574981689453,80.8226318359375,311.683
2023-08-28,1917.9000244140625,361.78271484375,68.44623565673828,81.14659118652344,311.683
2023-08-29,1936.5,369.6839294433594,68.69085693359375,83.17377471923828,311.683
2023-08-30,1944.300048828125,371.74554443359375,68.80374908447266,83.53208923339844,311.683
2023-08-31,1938.199951171875,372.86029052734375,68.45565032958984,83.79224395751953,311.683
2023-09-01,1939.800048828125,372.4656677246094,67.872314453125,83.28175354003906,312.538
2023-09-02,1939.800048828125,372.4656677246094,67.872314453125,83.28175354003906,312.538
2023-09-03,1939.800048828125,372.4656677246094,67.872314453125,83.28175354003906,312.538
2023-09-04,1939.800048828125,372.4656677246094,67.872314453125,83.28175354003906,312.538
2023-09-05,1926.199951171875,372.9391784667969,67.28899383544922,83.34066772460938,312.538
2023-09-06,1918.0999755859375,369.6543273925781,67.2137222290039,82.59949493408203,312.538
2023-09-07,1917.5,367.01068115234375,67.37369537353516,82.8301773071289,312.538
2023-09-08,1918.4000244140625,367.5237121582031,67.4583511352539,82.8301773071289,312.538
2023-09-09,1918.4000244140625,367.5237121582031,67.4583511352539,82.8301773071289,312.538
2023-09-10,1918.4000244140625,367.5237121582031,67.4583511352539,82.8301773071289,312.538
2023-09-11,1923.300048828125,371.8540954589844,68.04167938232422,85.05862426757812,312.538
2023-09-12,1911.300048828125,367.7308044433594,67.4583511352539,84.28797912597656,312.538
2023-09-13,1909.0999755859375,369.1314697265625,67.66532897949219,84.95555114746094,312.538
2023-09-14,1910.0,372.1500244140625,68.3521499633789,85.78998565673828,312.538
2023-09-15,1923.699951171875,365.7777404785156,67.78765106201172,84.32234191894531,312.538
2023-09-16,1923.699951171875,365.7777404785156,67.78765106201172,84.32234191894531,312.538
2023-09-17,1923.699951171875,365.7777404785156,67.78765106201172,84.32234191894531,312.538
2023-09-18,1931.5,366.1590270996094,67.76396942138672,83.4052963256836,312.538
2023-09-19,1932.0,365.3785705566406,67.60293579101562,82.98733520507812,312.538
2023-09-20,1945.5999755859375,360.11334228515625,67.66923522949219,82.1612548828125,312.538
2023-09-21,1919.199951171875,353.5144348144531,66.79780578613281,79.91901397705078,312.538
2023-09-22,1925.4000244140625,353.5638427734375,66.43785095214844,79.13227081298828,312.538
2023-09-23,1925.4000244140625,353.5638427734375,66.43785095214844,79.13227081298828,312.538
2023-09-24,1925.4000244140625,353.5638427734375,66.43785095214844,79.13227081298828,312.538
2023-09-25,1916.5999755859375,355.2431640625,66.20105743408203,79.61905670166016,312.538
2023-09-26,1900.4000244140625,349.90869140625,65.70851135253906,78.16850280761719,312.538
2023-09-27,1871.5999755859375,350.72869873046875,65.16858673095703,77.8685531616211,312.538
2023-09-28,1860.4000244140625,353.66265869140625,65.36750793457031,78.7388916015625,312.538
2023-09-29,1848.0999755859375,353.91943359375,65.17805480957031,79.15685272216797,312.538
2023-09-30,1848.0999755859375,353.91943359375,65.17805480957031,79.15685272216797,312.538
2023-10-01,1848.0999755859375,353.91943359375,65.17805480957031,79.15685272216797,312.889
2023-10-02,1830.0,356.8731384277344,64.73286437988281,79.22077941894531,312.889
2023-10-03,1824.5999755859375,350.61016845703125,64.26873779296875,77.2932357788086,312.889
2023-10-04,1818.5,355.3814697265625,64.78022003173828,78.81756591796875,312.889
2023-10-05,1816.5999755859375,354.3343811035156,63.50148391723633,78.42420196533203,312.889
2023-10-06,1830.199951171875,360.2714538574219,63.151004791259766,78.97492218017578,312.889
2023-10-07,1830.199951171875,360.2714538574219,63.151004791259766,78.97492218017578,312.889
2023-10-08,1830.199951171875,360.2714538574219,63.151004791259766,78.97492218017578,312.889
2023-10-09,1849.5,362.1087951660156,63.207847595214844,79.05851745605469,312.889
2023-10-10,1861.0,364.1141357421875,63.851959228515625,79.9239273071289,312.889
2023-10-11,1872.800048828125,366.7121887207031,63.416236877441406,80.20913696289062,312.889
2023-10-12,1869.300048828125,365.4378662109375,62.724769592285156,79.33386993408203,312.889
2023-10-13,1927.4000244140625,360.8443603515625,63.27415466308594,78.16850280761719,312.889
2023-10-14,1927.4000244140625,360.8443603515625,63.27415466308594,78.16850280761719,312.889
2023-10-15,1927.4000244140625,360.8443603515625,63.27415466308594,78.16850280761719,312.889
2023-10-16,1921.0999755859375,364.9241943359375,63.92772674560547,79.43222045898438,312.889
2023-10-17,1922.699951171875,363.7288818359375,64.20242309570312,79.61905670166016,312.889
2023-10-18,1955.300048828125,358.95751953125,64.43922424316406,77.75052642822266,312.889
2023-10-19,1968.4000244140625,355.5988464355469,63.96561813354492,75.76400756835938,312.889
2023-10-20,1982.5,350.2940368652344,63.719337463378906,74.58879089355469,312.889
2023-10-21,1982.5,350.2940368652344,63.719337463378906,74.58879089355469,312.889
2023-10-22,1982.5,350.2940368652344,63.719337463378906,74.58879089355469,312.889
2023-10-23,1976.300048828125,351.35101318359375,63.59619903564453,74.67729949951172,312.889
2023-10-24,1975.0,354.76904296875,64.13612365722656,75.47388458251953,312.889
2023-10-25,1984.0999755859375,346.0857238769531,64.35397338867188,73.94955444335938,312.889
2023-10-26,1987.199951171875,339.48687744140625,63.93720626831055,72.79401397705078,312.889
2023-10-27,1988.5999755859375,341.1168518066406,63.06576156616211,73.55618286132812,312.889
2023-10-28,1988.5999755859375,341.1168518066406,63.06576156616211,73.55618286132812,312.889
2023-10-29,1988.5999755859375,341.1168518066406,63.06576156616211,73.55618286132812,312.889
2023-10-30,1996.199951171875,344.9596252441406,64.0508804321289,74.2298355102539,312.889
2023-10-31,1985.199951171875,346.6093444824219,64.27821350097656,74.79039764404297,312.889
2023-11-01,1978.800048828125,352.6253662109375,64.21190643310547,75.7148208618164,312.125
2023-11-02,1985.5999755859375,359.02667236328125,65.04544830322266,77.6915283203125,312.125
2023-11-03,1991.5,363.2448425292969,65.1212158203125,78.78314208984375,312.125
2023-11-04,1991.5,363.2448425292969,65.1212158203125,78.78314208984375,312.125
2023-11-05,1991.5,363.2448425292969,65.1212158203125,78.78314208984375,312.125
2023-11-06,1981.5999755859375,364.7265625,65.22543334960938,78.8814926147461,312.125
2023-11-07,1966.800048828125,368.1741943359375,65.38643646240234,79.76167297363281,312.125
2023-11-08,1951.5,368.41131591796875,65.13070678710938,79.55023193359375,312.125
2023-11-09,1964.199951171875,365.5762023925781,64.86547088623047,78.06522369384766,312.125
2023-11-10,1932.5999755859375,373.7951354980469,65.32014465332031,79.36336517333984,312.125
2023-11-11,1932.5999755859375,373.7951354980469,65.32014465332031,79.36336517333984,312.125
2023-11-12,1932.5999755859375,373.7951354980469,65.32014465332031,79.36336517333984,312.125
2023-11-13,1945.5,372.62945556640625,65.52852630615234,79.7026596069336,312.125
2023-11-14,1961.800048828125,380.6508483886719,66.20105743408203,82.38744354248047,312.125
2023-11-15,1960.0999755859375,380.9373474121094,66.73148345947266,82.48578643798828,312.125
2023-11-16,1983.9000244140625,381.26336669921875,65.90741729736328,81.64002990722656,312.125
2023-11-17,1981.5999755859375,381.3522644042969,65.82215881347656,82.18583679199219,312.125
2023-11-18,1981.5999755859375,381.3522644042969,65.82215881347656,82.18583679199219,312.125
2023-11-19,1981.5999755859375,381.3522644042969,65.82215881347656,82.18583679199219,312.125
2023-11-20,1977.699951171875,385.99517822265625,65.7748031616211,82.60871887207031,312.125
2023-11-21,1999.300048828125,383.7527770996094,65.97372436523438,82.39728546142578,312.125
2023-11-22,1991.4000244140625,385.3234558105469,66.44733428955078,82.64805603027344,312.125
2023-11-23,1991.4000244140625,385.3234558105469,66.44733428955078,82.64805603027344,312.125
2023-11-24,2002.199951171875,384.7801208496094,66.69361114501953,82.72673797607422,312.125
2023-11-25,2002.199951171875,384.7801208496094,66.69361114501953,82.72673797607422,312.125
2023-11-26,2002.199951171875,384.7801208496094,66.69361114501953,82.72673797607422,312.125
2023-11-27,2011.800048828125,384.4442138671875,66.50414276123047,82.85948181152344,312.125
2023-11-28,2039.699951171875,385.45184326171875,66.8072738647461,83.33645629882812,312.125
2023-11-29,2047.0999755859375,385.0764465332031,66.26736450195312,83.11026763916016,312.125
2023-11-30,2038.0999755859375,384.10833740234375,66.930419921875,82.99224853515625,312.125
2023-12-01,2071.0,385.204833984375,67.2051010131836,84.12813568115234,310.939
2023-12-02,2071.0,385.204833984375,67.2051010131836,84.12813568115234,310.939
2023-12-03,2071.0,385.204833984375,67.2051010131836,84.12813568115234,310.939
2023-12-04,2024.0999755859375,381.6288146972656,67.29035186767578,83.80850982666016,310.939
2023-12-05,2018.5,382.58709716796875,66.75992584228516,83.9560317993164,310.939
2023-12-06,2030.5,380.37420654296875,66.58941650390625,84.0789566040039,310.939
2023-12-07,2029.9000244140625,385.68896484375,66.87358856201172,84.77227783203125,310.939
2023-12-08,1998.300048828125,387.40777587890625,66.40943908691406,85.16073608398438,310.939
2023-12-09,1998.300048828125,387.40777587890625,66.40943908691406,85.16073608398438,310.939
2023-12-10,1998.300048828125,387.40777587890625,66.40943908691406,85.16073608398438,310.939
2023-12-11,1978.0,390.7171325683594,67.04407501220703,85.38691711425781,310.939
2023-12-12,1977.800048828125,393.828857421875,67.2619400024414,85.6524658203125,310.939
2023-12-13,1982.300048828125,398.8373107910156,68.48384857177734,86.77357482910156,310.939
2023-12-14,2030.199951171875,398.4915466308594,67.47979736328125,87.93895721435547,310.939
2023-12-15,2021.0999755859375,400.41790771484375,67.47979736328125,88.12088775634766,310.939
2023-12-16,2021.0999755859375,400.41790771484375,67.47979736328125,88.12088775634766,310.939
2023-12-17,2021.0999755859375,400.41790771484375,67.47979736328125,88.12088775634766,310.939
2023-12-18,2026.300048828125,402.9399108886719,68.1822280883789,88.66767120361328,310.939
2023-12-19,2038.4000244140625,404.99884033203125,68.31584930419922,89.36222839355469,310.939
2023-12-20,2034.5,398.98065185546875,66.9892349243164,87.73172760009766,310.939
2023-12-21,2039.0999755859375,403.6228942871094,67.45689392089844,89.06666564941406,310.939
2023-12-22,2057.10009765625,404.22674560546875,67.97225952148438,88.41151428222656,310.939
2023-12-23,2057.10009765625,404.22674560546875,67.97225952148438,88.41151428222656,310.939
2023-12-24,2057.10009765625,404.22674560546875,67.97225952148438,88.41151428222656,310.939
2023-12-25,2057.10009765625,404.22674560546875,67.97225952148438,88.41151428222656,310.939
2023-12-26,2058.199951171875,406.70135498046875,68.2585678100586,88.78589630126953,310.939
2023-12-27,2081.89990234375,407.529296875,68.57353210449219,89.09130096435547,310.939
2023-12-28,2073.89990234375,407.3311767578125,68.60216522216797,88.62826538085938,310.939
2023-12-29,2062.39990234375,405.5683288574219,68.74532318115234,88.08147430419922,310.939
2023-12-30,2062.39990234375,405.5683288574219,68.74532318115234,88.08147430419922,310.939
2023-12-31,2062.39990234375,405.5683288574219,68.74532318115234,88.08147430419922,310.939
2024-01-01,2062.39990234375,405.5683288574219,68.74532318115234,88.08147430419922,310.809
2024-01-02,2064.39990234375,398.7052307128906,69.51839447021484,87.26376342773438,310.809
2024-01-03,2034.199951171875,394.486328125,68.9743881225586,85.5002670288086,310.809
2024-01-04,2042.300048828125,392.45611572265625,68.87893676757812,84.8992919921875,310.809
2024-01-05,2042.4000244140625,392.9216003417969,68.72624206542969,85.03228759765625,310.809
2024-01-06,2042.4000244140625,392.9216003417969,68.72624206542969,85.03228759765625,310.809
2024-01-07,2042.4000244140625,392.9216003417969,68.72624206542969,85.03228759765625,310.809
2024-01-08,2026.5999755859375,401.04248046875,69.2320785522461,86.48052978515625,310.809
2024-01-09,2026.4000244140625,401.8347473144531,69.41340637207031,86.16034698486328,310.809
2024-01-10,2021.699951171875,404.55828857421875,69.27024841308594,86.84998321533203,310.809
2024-01-11,2014.300048828125,405.4000244140625,69.26070404052734,86.73667907714844,310.809
2024-01-12,2046.699951171875,405.6080017089844,69.48020935058594,85.6923828125,310.809
2024-01-13,2046.699951171875,405.6080017089844,69.48020935058594,85.6923828125,310.809
2024-01-14,2046.699951171875,405.6080017089844,69.48020935058594,85.6923828125,310.809
2024-01-15,2046.699951171875,405.6080017089844,69.48020935058594,85.6923828125,310.809
2024-01-16,2026.0,405.5683288574219,69.09845733642578,85.59385681152344,310.809
2024-01-17,2002.5999755859375,403.2806091308594,69.05072021484375,84.8451156616211,310.809
2024-01-18,2018.5999755859375,409.0049133300781,68.96483612060547,85.3278579711914,310.809
2024-01-19,2026.5,417.1158447265625,68.7644271850586,86.1504898071289,310.809
2024-01-20,2026.5,417.1158447265625,68.7644271850586,86.1504898071289,310.809
2024-01-21,2026.5,417.1158447265625,68.7644271850586,86.1504898071289,310.809
2024-01-22,2019.800048828125,417.6605529785156,68.43036651611328,85.77119445800781,310.809
2024-01-23,2023.699951171875,419.3936462402344,69.17481231689453,85.56430053710938,310.809
2024-01-24,2013.9000244140625,421.7209777832031,68.32538604736328,85.23918151855469,310.809
2024-01-25,2016.9000244140625,422.2359313964844,68.98391723632812,84.18502044677734,310.809
2024-01-26,2016.800048828125,419.720458984375,69.31796264648438,84.56925201416016,310.809
2024-01-27,2016.800048828125,419.720458984375,69.31796264648438,84.56925201416016,310.809
2024-01-28,2016.800048828125,419.720458984375,69.31796264648438,84.56925201416016,310.809
2024-01-29,2025.199951171875,424.0185852050781,69.71881866455078,85.80567932128906,310.809
2024-01-30,2031.5,421.1961364746094,70.11011505126953,85.75641632080078,310.809
2024-01-31,2048.39990234375,412.94647216796875,69.59474182128906,84.19486236572266,310.809
2024-02-01,2053.0,417.8091125488281,71.01680755615234,85.8155288696289,312.736
2024-02-02,2036.0999755859375,424.87030029296875,70.7877426147461,87.34751892089844,312.736
2024-02-03,2036.0999755859375,424.87030029296875,70.7877426147461,87.34751892089844,312.736
2024-02-04,2036.0999755859375,424.87030029296875,70.7877426147461,87.34751892089844,312.736
2024-02-05,2025.699951171875,424.31573486328125,70.34871673583984,86.11602020263672,312.736
2024-02-06,2034.5,423.4640197753906,70.51097106933594,86.6381607055664,312.736
2024-02-07,2035.199951171875,427.8215026855469,70.44416046142578,87.60858917236328,312.736
2024-02-08,2032.199951171875,428.6138610839844,70.42505645751953,87.99281311035156,312.736
2024-02-09,2023.300048828125,432.832763671875,69.77607727050781,88.61839294433594,312.736
2024-02-10,2023.300048828125,432.832763671875,69.77607727050781,88.61839294433594,312.736
2024-02-11,2023.300048828125,432.832763671875,69.77607727050781,88.61839294433594,312.736
2024-02-12,2018.199951171875,431.13922119140625,70.2723617553711,88.54450988769531,312.736
2024-02-13,1992.9000244140625,424.4147033691406,69.51839447021484,86.78101348876953,312.736
2024-02-14,1990.300048828125,429.0396423339844,69.38477325439453,87.6972427368164,312.736
2024-02-15,2002.0999755859375,430.3172607421875,69.83333587646484,88.71199798583984,312.736
2024-02-16,2011.5,426.41522216796875,69.93832397460938,88.18492126464844,312.736
2024-02-17,2011.5,426.41522216796875,69.93832397460938,88.18492126464844,312.736
2024-02-18,2011.5,426.41522216796875,69.93832397460938,88.18492126464844,312.736
2024-02-19,2011.5,426.41522216796875,69.93832397460938,88.18492126464844,312.736
2024-02-20,2027.5,423.1966247558594,70.67322540283203,87.3524398803711,312.736
2024-02-21,2022.300048828125,421.5030822753906,70.93090057373047,87.99774169921875,312.736
2024-02-22,2019.699951171875,433.8428649902344,71.15042114257812,89.70703887939453,312.736
2024-02-23,2038.5999755859375,432.56536865234375,71.36991882324219,89.3031234741211,312.736
2024-02-24,2038.5999755859375,432.56536865234375,71.36991882324219,89.3031234741211,312.736
2024-02-25,2038.5999755859375,432.56536865234375,71.36991882324219,89.3031234741211,312.736
2024-02-26,2028.5,432.3375244140625,71.08361053466797,89.57897186279297,312.736
2024-02-27,2034.0,433.37744140625,71.09314727783203,89.87452697753906,312.736
2024-02-28,2033.0,431.0699157714844,71.16950225830078,90.22920989990234,312.736
2024-02-29,2045.699951171875,434.763916015625,71.05497741699219,90.84003448486328,312.736
2024-03-01,2086.89990234375,441.31011962890625,71.06451416015625,91.1405258178711,316.919
2024-03-02,2086.89990234375,441.31011962890625,71.06451416015625,91.1405258178711,316.919
2024-03-03,2086.89990234375,441.31011962890625,71.06451416015625,91.1405258178711,316.919
2024-03-04,2117.699951171875,439.7354431152344,71.12178039550781,89.90902709960938,316.919
2024-03-05,2133.5,431.84234619140625,71.29357147216797,88.79081726074219,316.919
2024-03-06,2150.300048828125,434.55596923828125,71.89485168457031,88.47555541992188,316.919
2024-03-07,2158.0,441.1517028808594,72.30523681640625,89.1504135131836,316.919
2024-03-08,2178.60009765625,434.78369140625,71.73258972167969,88.82037353515625,316.919
2024-03-09,2178.60009765625,434.78369140625,71.73258972167969,88.82037353515625,316.919
2024-03-10,2178.60009765625,434.78369140625,71.73258972167969,88.82037353515625,316.919
2024-03-11,2182.5,433.16943359375,72.12389373779297,88.5790023803711,316.919
2024-03-12,2160.39990234375,439.37896728515625,72.4961166381836,89.34253692626953,316.919
2024-03-13,2175.39990234375,436.0018615722656,72.67745208740234,89.15534973144531,316.919
2024-03-14,2163.0,434.902587890625,72.1143569946289,88.58885192871094,316.919
2024-03-15,2157.300048828125,429.7329406738281,72.08572387695312,87.70709228515625,316.919
2024-03-16,2157.300048828125,429.7329406738281,72.08572387695312,87.70709228515625,316.919
2024-03-17,2157.300048828125,429.7329406738281,72.08572387695312,87.70709228515625,316.919
2024-03-18,2160.699951171875,433.83148193359375,72.54911804199219,88.37701416015625,316.919
2024-03-19,2156.300048828125,434.9123840332031,72.81832885742188,89.1421890258789,316.919
2024-03-20,2157.89990234375,440.0689697265625,73.03945922851562,90.47018432617188,316.919
2024-03-21,2182.39990234375,442.1514892578125,73.07791900634766,90.99840545654297,316.919
2024-03-22,2158.10009765625,442.6572265625,72.72217559814453,90.20360565185547,316.919
2024-03-23,2158.10009765625,442.6572265625,72.72217559814453,90.20360565185547,316.919
2024-03-24,2158.10009765625,442.6572265625,72.72217559814453,90.20360565185547,316.919
2024-03-25,2174.800048828125,441.05078125,72.52029418945312,89.90738677978516,316.919
2024-03-26,2175.60009765625,439.6227722167969,72.55875396728516,90.02094268798828,316.919
2024-03-27,2190.60009765625,441.1201477050781,73.31826782226562,91.06259155273438,316.919
2024-03-28,2217.39990234375,440.3070068359375,73.41441345214844,90.78118896484375,316.919
2024-03-29,2217.39990234375,440.3070068359375,73.41441345214844,90.78118896484375,316.919
2024-03-30,2217.39990234375,440.3070068359375,73.41441345214844,90.78118896484375,316.919
2024-03-31,2217.39990234375,440.3070068359375,73.41441345214844,90.78118896484375,316.919
2024-04-01,2236.5,441.2391662597656,72.82794952392578,90.10487365722656,320.85
2024-04-02,2261.0,437.43121337890625,72.45299530029297,88.7768783569336,320.85
2024-04-03,2294.39990234375,438.4129333496094,71.65499877929688,88.84105682373047,320.85
2024-04-04,2288.800048828125,431.70928955078125,71.34735107421875,87.79942321777344,320.85
2024-04-05,2325.699951171875,436.7965087890625,71.46272277832031,88.28814697265625,320.85
2024-04-06,2325.699951171875,436.7965087890625,71.46272277832031,88.28814697265625,320.85
2024-04-07,2325.699951171875,436.7965087890625,71.46272277832031,88.28814697265625,320.85
2024-04-08,2331.699951171875,436.9254150390625,71.35696411132812,89.12739562988281,320.85
2024-04-09,2343.5,438.5419006347656,71.70307922363281,89.54701232910156,320.85
2024-04-10,2329.60009765625,434.7140197753906,71.44349670410156,88.16473388671875,320.85
2024-04-11,2354.800048828125,441.6556396484375,71.27043914794922,88.87562561035156,320.85
2024-04-12,2356.199951171875,434.6148681640625,70.54936981201172,87.43409729003906,320.85
2024-04-13,2356.199951171875,434.6148681640625,70.54936981201172,87.43409729003906,320.85
2024-04-14,2356.199951171875,434.6148681640625,70.54936981201172,87.43409729003906,320.85
2024-04-15,2365.800048828125,427.46502685546875,70.26094818115234,85.97777557373047,320.85
2024-04-16,2390.800048828125,427.50469970703125,70.28977966308594,85.48904418945312,320.85
2024-04-17,2371.699951171875,422.2885437011719,70.54936981201172,85.0743637084961,320.85
2024-04-18,2382.300048828125,419.8788146972656,70.87625885009766,84.5461196899414,320.85
2024-04-19,2398.39990234375,411.19183349609375,71.5684814453125,83.80561828613281,320.85
2024-04-20,2398.39990234375,411.19183349609375,71.5684814453125,83.80561828613281,320.85
2024-04-21,2398.39990234375,411.19183349609375,71.5684814453125,83.80561828613281,320.85
2024-04-22,2332.199951171875,415.3271484375,72.25108337402344,84.17586517333984,320.85
2024-04-23,2327.699951171875,421.5249328613281,72.45299530029297,85.17801666259766,320.85
2024-04-24,2324.5,422.9530029296875,73.0009994506836,85.99258422851562,320.85
2024-04-25,2329.800048828125,420.9101867675781,72.82794952392578,86.06663513183594,320.85
2024-04-26,2334.800048828125,427.4055480957031,72.67411804199219,86.8416976928711,320.85
2024-04-27,2334.800048828125,427.4055480957031,72.67411804199219,86.8416976928711,320.85
2024-04-28,2334.800048828125,427.4055480957031,72.67411804199219,86.8416976928711,320.85
2024-04-29,2345.39990234375,429.14093017578125,72.90486145019531,88.86080932617188,320.85
2024-04-30,2291.39990234375,421.0489196777344,72.58757781982422,86.69853210449219,320.85
2024-05-01,2299.89990234375,418.0045166015625,72.1260986328125,86.1554946899414,323.794
2024-05-02,2299.199951171875,423.3396911621094,72.7318115234375,87.24156951904297,323.794
2024-05-03,2299.0,431.8481750488281,72.95293426513672,87.82904052734375,323.794
2024-05-04,2299.0,431.8481750488281,72.95293426513672,87.82904052734375,323.794
2024-05-05,2299.0,431.8481750488281,72.95293426513672,87.82904052734375,323.794
2024-05-06,2321.60009765625,436.578369140625,72.99138641357422,88.76701354980469,323.794
2024-05-07,2315.199951171875,436.6478271484375,73.78936767578125,88.13018035888672,323.794
2024-05-08,2313.60009765625,436.38995361328125,73.5682373046875,87.79942321777344,323.794
2024-05-09,2332.10009765625,437.3418884277344,74.2027816772461,88.3967514038086,323.794
2024-05-10,2367.300048828125,438.373291015625,74.62580871582031,87.92283630371094,323.794
2024-05-11,2367.300048828125,438.373291015625,74.62580871582031,87.92283630371094,323.794
2024-05-12,2367.300048828125,438.373291015625,74.62580871582031,87.92283630371094,323.794
2024-05-13,2336.10009765625,439.38470458984375,74.41429901123047,87.80928802490234,323.794
2024-05-14,2353.39990234375,442.21099853515625,74.27008056640625,88.20915222167969,323.794
2024-05-15,2388.699951171875,449.1228942871094,74.31816101074219,88.34245300292969,323.794
2024-05-16,2380.0,448.2105712890625,75.37571716308594,87.76980590820312,323.794
2024-05-17,2412.199951171875,447.9924011230469,75.19304656982422,88.21904754638672,323.794
2024-05-18,2412.199951171875,447.9924011230469,75.19304656982422,88.21904754638672,323.794
2024-05-19,2412.199951171875,447.9924011230469,75.19304656982422,88.21904754638672,323.794
2024-05-20,2433.89990234375,451.1160888671875,74.67388153076172,87.56245422363281,323.794
2024-05-21,2421.699951171875,451.9986572265625,75.11613464355469,88.125244140625,323.794
2024-05-22,2389.199951171875,451.9093933105469,74.81809997558594,87.20701599121094,323.794
2024-05-23,2335.0,449.87652587890625,73.93357849121094,85.79511260986328,323.794
2024-05-24,2332.5,454.1307373046875,74.12586975097656,86.65902709960938,323.794
2024-05-25,2332.5,454.1307373046875,74.12586975097656,86.65902709960938,323.794
2024-05-26,2332.5,454.1307373046875,74.12586975097656,86.65902709960938,323.794
2024-05-27,2332.5,454.1307373046875,74.12586975097656,86.65902709960938,323.794
2024-05-28,2355.199951171875,455.8463134765625,73.54901123046875,86.44676971435547,323.794
2024-05-29,2340.300048828125,452.63336181640625,73.02022552490234,85.87904357910156,323.794
2024-05-30,2342.89990234375,447.7841491699219,73.21250915527344,86.38751220703125,323.794
2024-05-31,2322.89990234375,446.95111083984375,74.35659790039062,86.87132263183594,323.794
2024-06-01,2322.89990234375,446.95111083984375,74.35659790039062,86.87132263183594,325.347
2024-06-02,2322.89990234375,446.95111083984375,74.35659790039062,86.87132263183594,325.347
2024-06-03,2346.60009765625,449.3509521484375,74.32776641845703,86.83182525634766,325.347
2024-06-04,2325.5,450.5805969238281,74.971923828125,86.92069244384766,325.347
2024-06-05,2354.10009765625,459.6642150878906,74.80847930908203,87.4291763305664,325.347
2024-06-06,2370.300048828125,459.50555419921875,75.03922271728516,88.06600189208984,325.347
2024-06-07,2305.199951171875,459.0989685058594,74.66427612304688,87.70563507080078,325.347
2024-06-08,2305.199951171875,459.0989685058594,74.66427612304688,87.70563507080078,325.347
2024-06-09,2305.199951171875,459.0989685058594,74.66427612304688,87.70563507080078,325.347
2024-06-10,2307.699951171875,460.953369140625,74.60657501220703,87.98700714111328,325.347
2024-06-11,2307.5,464.1167907714844,74.56812286376953,87.7549819946289,325.347
2024-06-12,2336.0,470.19561767578125,73.75090789794922,88.66827392578125,325.347
2024-06-13,2300.199951171875,472.74420166015625,73.8470458984375,88.73739624023438,325.347
2024-06-14,2331.39990234375,475.1936340332031,73.98165130615234,88.03638458251953,325.347
2024-06-15,2331.39990234375,475.1936340332031,73.98165130615234,88.03638458251953,325.347
2024-06-16,2331.39990234375,475.1936340332031,73.98165130615234,88.03638458251953,325.347
2024-06-17,2312.39990234375,481.0146789550781,74.6834945678711,89.58157348632812,325.347
2024-06-18,2330.39990234375,481.16339111328125,74.77962493896484,89.28043365478516,325.347
2024-06-19,2330.39990234375,481.16339111328125,74.77962493896484,89.28043365478516,325.347
2024-06-20,2353.800048828125,477.4546203613281,74.61619567871094,89.39397430419922,325.347
2024-06-21,2316.39990234375,476.1753234863281,74.67388153076172,90.1492919921875,325.347
2024-06-22,2316.39990234375,476.1753234863281,74.67388153076172,90.1492919921875,325.347
2024-06-23,2316.39990234375,476.1753234863281,74.67388153076172,90.1492919921875,325.347
2024-06-24,2330.0,470.7542724609375,75.47013854980469,89.76439666748047,325.347
2024-06-25,2316.60009765625,476.13763427734375,74.98580932617188,89.40324401855469,325.347
2024-06-26,2299.199951171875,477.1208801269531,74.830810546875,90.69943237304688,325.347
2024-06-27,2324.5,478.35247802734375,74.51114654541016,91.25353240966797,325.347
2024-06-28,2327.699951171875,475.86944580078125,74.18179321289062,90.23933410644531,325.347
2024-06-29,2327.699951171875,475.86944580078125,74.18179321289062,90.23933410644531,325.347
2024-06-30,2327.699951171875,475.86944580078125,74.18179321289062,90.23933410644531,325.347
2024-07-01,2327.60009765625,478.6604309082031,73.65870666503906,90.54607391357422,325.668
2024-07-02,2323.0,483.68621826171875,74.1720962524414,92.30731964111328,325.668
2024-07-03,2359.800048828125,487.71875,74.04618072509766,92.89604949951172,325.668
2024-07-04,2359.800048828125,487.71875,74.04618072509766,92.89604949951172,325.668
2024-07-05,2388.5,492.80413818359375,74.95673370361328,93.65299224853516,325.668
2024-07-06,2388.5,492.80413818359375,74.95673370361328,93.65299224853516,325.668
2024-07-07,2388.5,492.80413818359375,74.95673370361328,93.65299224853516,325.668
2024-07-08,2355.199951171875,493.9761657714844,74.84049224853516,93.69752502441406,325.668
2024-07-09,2360.10009765625,494.4032287597656,74.64676666259766,94.00919342041016,325.668
2024-07-10,2372.199951171875,499.55810546875,74.97611236572266,94.7166748046875,325.668
2024-07-11,2415.0,488.6027526855469,74.69519805908203,93.51446533203125,325.668
2024-07-12,2414.0,491.4731750488281,75.02454376220703,94.73645782470703,325.668
2024-07-13,2414.0,491.4731750488281,75.02454376220703,94.73645782470703,325.668
2024-07-14,2414.0,491.4731750488281,75.02454376220703,94.73645782470703,325.668
2024-07-15,2422.89990234375,492.7941589355469,74.5886459350586,94.62763214111328,325.668
2024-07-16,2462.39990234375,492.9828796386719,75.30545043945312,96.3245620727539,325.668
2024-07-17,2454.800048828125,478.51141357421875,76.27413940429688,94.7166748046875,325.668
2024-07-18,2451.800048828125,476.2468566894531,75.89635467529297,93.75193786621094,325.668
2024-07-19,2395.5,472.0256042480469,75.64448547363281,92.91584777832031,325.668
2024-07-20,2395.5,472.0256042480469,75.64448547363281,92.91584777832031,325.668
2024-07-21,2395.5,472.0256042480469,75.64448547363281,92.91584777832031,325.668
2024-07-22,2392.0,479.0577392578125,75.69293975830078,93.93994140625,325.668
2024-07-23,2404.60009765625,477.36920166015625,75.42170715332031,93.51941680908203,325.668
2024-07-24,2413.300048828125,460.2458190917969,75.35389709472656,89.69512939453125,325.668
2024-07-25,2351.89990234375,455.17041015625,75.2667236328125,89.3438720703125,325.668
2024-07-26,2380.0,459.838623046875,76.03197479248047,90.34323120117188,325.668
2024-07-27,2380.0,459.838623046875,76.03197479248047,90.34323120117188,325.668
2024-07-28,2380.0,459.838623046875,76.03197479248047,90.34323120117188,325.668
2024-07-29,2377.300048828125,460.7622985839844,76.06103515625,91.85216522216797,325.668
2024-07-30,2405.0,454.4354248046875,75.54763793945312,91.34259033203125,325.668
2024-07-31,2426.5,467.8838195800781,75.41201782226562,92.75753784179688,325.668
2024-08-01,2435.0,456.5509948730469,76.10946655273438,90.48175048828125,325.111
2024-08-02,2425.699951171875,445.71478271484375,76.7778549194336,87.15220642089844,325.111
2024-08-03,2425.699951171875,445.71478271484375,76.7778549194336,87.15220642089844,325.111
2024-08-04,2425.699951171875,445.71478271484375,76.7778549194336,87.15220642089844,325.111
2024-08-05,2401.699951171875,432.4252624511719,75.2667236328125,84.68843078613281,325.111
2024-08-06,2389.10009765625,436.5571594238281,75.78980255126953,85.62348175048828,325.111
2024-08-07,2390.5,431.8293151855469,75.86730194091797,84.12937927246094,325.111
2024-08-08,2422.199951171875,445.0394287109375,76.55506896972656,85.96484375,325.111
2024-08-09,2432.10009765625,447.3635559082031,76.67131042480469,86.25178527832031,325.111
2024-08-10,2432.10009765625,447.3635559082031,76.67131042480469,86.25178527832031,325.111
2024-08-11,2432.10009765625,447.3635559082031,76.67131042480469,86.25178527832031,325.111
2024-08-12,2462.39990234375,448.3269958496094,76.28382873535156,85.91040802001953,325.111
2024-08-13,2466.699951171875,459.4512023925781,76.63256072998047,88.06251525878906,325.111
2024-08-14,2439.39990234375,459.6002502441406,76.98129272460938,87.59251403808594,325.111
2024-08-15,2453.10009765625,471.211181640625,77.77560424804688,90.38775634765625,325.111
2024-08-16,2498.60009765625,471.8170471191406,77.98873138427734,90.6004867553711,325.111
2024-08-17,2498.60009765625,471.8170471191406,77.98873138427734,90.6004867553711,325.111
2024-08-18,2498.60009765625,471.8170471191406,77.98873138427734,90.6004867553711,325.111
2024-08-19,2501.800048828125,478.0148010253906,78.25025939941406,91.7136459350586,325.111
2024-08-20,2511.300048828125,477.01165771484375,78.63773345947266,91.6295394897461,325.111
2024-08-21,2508.39990234375,479.23651123046875,79.17051696777344,92.78722381591797,325.111
2024-08-22,2478.89990234375,471.63824462890625,79.05426788330078,91.18427276611328,325.111
2024-08-23,2508.39990234375,476.75341796875,79.27706146240234,92.94552612304688,325.111
2024-08-24,2508.39990234375,476.75341796875,79.27706146240234,92.94552612304688,325.111
2024-08-25,2508.39990234375,476.75341796875,79.27706146240234,92.94552612304688,325.111
2024-08-26,2517.699951171875,472.12493896484375,79.8388900756836,92.22322082519531,325.111
2024-08-27,2516.0,473.53533935546875,80.03264617919922,91.98078918457031,325.111
2024-08-28,2501.0,468.1619567871094,79.69359588623047,91.09027099609375,325.111
2024-08-29,2525.699951171875,467.47662353515625,79.29644775390625,91.19911193847656,325.111
2024-08-30,2493.800048828125,473.04864501953125,79.92608642578125,92.57447052001953,325.111
2024-08-31,2493.800048828125,473.04864501953125,79.92608642578125,92.57447052001953,325.111
2024-09-01,2493.800048828125,473.04864501953125,79.92608642578125,92.57447052001953,324.743
2024-09-02,2493.800048828125,473.04864501953125,79.92608642578125,92.57447052001953,324.743
2024-09-03,2489.89990234375,458.68646240234375,80.48793029785156,91.30300903320312,324.743
2024-09-04,2493.39990234375,457.4945373535156,80.86571502685547,91.54048156738281,324.743
2024-09-05,2511.39990234375,457.9216613769531,80.55573272705078,92.57942199707031,324.743
2024-09-06,2493.5,445.6551818847656,80.39105224609375,90.23933410644531,324.743
2024-09-07,2493.5,445.6551818847656,80.39105224609375,90.23933410644531,324.743
2024-09-08,2493.5,445.6551818847656,80.39105224609375,90.23933410644531,324.743
2024-09-09,2501.800048828125,451.38616943359375,81.0110092163086,91.5553207397461,324.743
2024-09-10,2512.300048828125,455.5577697753906,80.99163055419922,92.60415649414062,324.743
2024-09-11,2512.10009765625,465.4504089355469,80.2360610961914,93.52931213378906,324.743
2024-09-12,2551.199951171875,470.019287109375,80.73008728027344,94.58309173583984,324.743
2024-09-13,2581.300048828125,472.12493896484375,81.30162048339844,95.22624969482422,324.743
2024-09-14,2581.300048828125,472.12493896484375,81.30162048339844,95.22624969482422,324.743
2024-09-15,2581.300048828125,472.12493896484375,81.30162048339844,95.22624969482422,324.743
2024-09-16,2580.39990234375,470.03912353515625,81.62128448486328,95.06297302246094,324.743
2024-09-17,2564.300048828125,470.2874450683594,80.84632873535156,95.54782104492188,324.743
2024-09-18,2570.699951171875,468.2513122558594,80.5363540649414,95.35981750488281,324.743
2024-09-19,2588.0,480.0906982421875,80.06170654296875,97.53170776367188,324.743
2024-09-20,2619.89990234375,479.17694091796875,80.44918060302734,97.30907440185547,324.743
2024-09-21,2619.89990234375,479.17694091796875,80.44918060302734,97.30907440185547,324.743
2024-09-22,2619.89990234375,479.17694091796875,80.44918060302734,97.30907440185547,324.743
2024-09-23,2626.5,480.44708251953125,80.91564178466797,98.49144744873047,324.743
2024-09-24,2651.199951171875,482.7645263671875,80.72087860107422,99.35406494140625,324.743
2024-09-25,2659.199951171875,483.2121276855469,80.51637268066406,98.99712371826172,324.743
2024-09-26,2669.89990234375,486.8425598144531,80.7013931274414,99.41851043701172,324.743
2024-09-27,2644.300048828125,484.13714599609375,80.84745788574219,99.56723022460938,324.743
2024-09-28,2644.300048828125,484.13714599609375,80.84745788574219,99.56723022460938,324.743
2024-09-29,2644.300048828125,484.13714599609375,80.84745788574219,99.56723022460938,324.743
2024-09-30,2636.10009765625,485.4500732421875,80.82799530029297,99.334228515625,324.743
2024-10-01,2667.300048828125,478.6865539550781,80.55531311035156,98.93267059326172,324.061
2024-10-02,2647.10009765625,479.3629455566406,79.87364196777344,98.09483337402344,324.061
2024-10-03,2657.10009765625,479.00482177734375,79.07508850097656,96.9595718383789,324.061
2024-10-04,2645.800048828125,484.7040710449219,79.3380355834961,98.24356842041016,324.061
2024-10-05,2645.800048828125,484.7040710449219,79.3380355834961,98.24356842041016,324.061
2024-10-06,2645.800048828125,484.7040710449219,79.3380355834961,98.24356842041016,324.061
2024-10-07,2644.800048828125,479.5121154785156,78.54924011230469,96.7166519165039,324.061
2024-10-08,2615.0,486.6734313964844,78.93875885009766,97.65858459472656,324.061
2024-10-09,2606.0,490.5027770996094,79.41593933105469,98.35758972167969,324.061
2024-10-10,2620.60009765625,489.94580078125,79.06536102294922,97.87175750732422,324.061
2024-10-11,2657.60009765625,490.71160888671875,79.50358581542969,97.45532989501953,324.061
2024-10-12,2657.60009765625,490.71160888671875,79.50358581542969,97.45532989501953,324.061
2024-10-13,2657.60009765625,490.71160888671875,79.50358581542969,97.45532989501953,324.061
2024-10-14,2647.800048828125,494.8294372558594,79.824951171875,97.88168334960938,324.061
2024-10-15,2661.39990234375,488.2151184082031,80.33133697509766,98.09483337402344,324.061
2024-10-16,2674.0,488.2748107910156,80.27291870117188,98.61042785644531,324.061
2024-10-17,2691.0,488.61297607421875,79.91259002685547,98.52119445800781,324.061
2024-10-18,2713.699951171875,491.815673828125,80.08787536621094,98.90787506103516,324.061
2024-10-19,2713.699951171875,491.815673828125,80.08787536621094,98.90787506103516,324.061
2024-10-20,2713.699951171875,491.815673828125,80.08787536621094,98.90787506103516,324.061
2024-10-21,2723.10009765625,492.7605895996094,79.41593933105469,98.13946533203125,324.061
2024-10-22,2744.199951171875,493.2977294921875,79.86390686035156,97.74286651611328,324.061
2024-10-23,2714.39990234375,485.7384948730469,79.70809173583984,96.2060317993164,324.061
2024-10-24,2734.89990234375,489.67724609375,79.60096740722656,99.24002838134766,324.061
2024-10-25,2740.89990234375,492.6611328125,78.93875885009766,99.55236053466797,324.061
2024-10-26,2740.89990234375,492.6611328125,78.93875885009766,99.55236053466797,324.061
2024-10-27,2740.89990234375,492.6611328125,78.93875885009766,99.55236053466797,324.061
2024-10-28,2742.89990234375,492.7406921386719,79.08483123779297,99.78536987304688,324.061
2024-10-29,2768.39990234375,497.47515869140625,78.30577850341797,99.26482391357422,324.061
2024-10-30,2788.5,493.7154541015625,78.17916870117188,99.12601470947266,324.061
2024-10-31,2738.300048828125,481.2527160644531,78.02336120605469,97.6090087890625,324.061
2024-11-01,2738.60009765625,484.8134765625,78.05257415771484,99.19542694091797,323.777
2024-11-02,2738.60009765625,484.8134765625,78.05257415771484,99.19542694091797,323.777
2024-11-03,2738.60009765625,484.8134765625,78.05257415771484,99.19542694091797,323.777
2024-11-04,2736.10009765625,483.401123046875,78.2668228149414,98.85334777832031,323.777
2024-11-05,2740.300048828125,489.56781005859375,78.76346588134766,100.60335540771484,323.777
2024-11-06,2667.60009765625,502.86602783203125,77.47801208496094,103.82080078125,323.777
2024-11-07,2698.39990234375,510.7832946777344,77.76042175292969,105.15438842773438,323.777
2024-11-08,2687.5,511.3800964355469,78.70504760742188,106.64659881591797,323.777
2024-11-09,2687.5,511.3800964355469,78.70504760742188,106.64659881591797,323.777
2024-11-10,2687.5,511.3800964355469,78.70504760742188,106.64659881591797,323.777
2024-11-11,2611.199951171875,511.081787109375,78.432373046875,108.79817962646484,323.777
2024-11-12,2600.0,510.1567077636719,78.52000427246094,107.34561157226562,323.777
2024-11-13,2580.800048828125,509.5002746582031,78.75373840332031,108.26276397705078,323.777
2024-11-14,2568.199951171875,505.9593811035156,78.55896759033203,106.72592163085938,323.777
2024-11-15,2565.699951171875,493.9044494628906,77.86754608154297,105.81372833251953,323.777
2024-11-16,2565.699951171875,493.9044494628906,77.86754608154297,105.81372833251953,323.777
2024-11-17,2565.699951171875,493.9044494628906,77.86754608154297,105.81372833251953,323.777
2024-11-18,2610.60009765625,497.33587646484375,78.41288757324219,106.79037475585938,323.777
2024-11-19,2627.10009765625,500.7574157714844,78.52000427246094,106.86968994140625,323.777
2024-11-20,2648.199951171875,500.4690246582031,78.12074279785156,106.39871978759766,323.777
2024-11-21,2672.10009765625,502.2693176269531,78.96797180175781,106.58712005615234,323.777
2024-11-22,2709.89990234375,503.0749206542969,79.69835662841797,108.12394714355469,323.777
2024-11-23,2709.89990234375,503.0749206542969,79.69835662841797,108.12394714355469,323.777
2024-11-24,2709.89990234375,503.0749206542969,79.69835662841797,108.12394714355469,323.777
2024-11-25,2616.800048828125,503.8706359863281,80.13658142089844,109.22948455810547,323.777
2024-11-26,2620.300048828125,506.5760498046875,80.46768188476562,109.62609100341797,323.777
2024-11-27,2639.89990234375,502.5875549316406,80.63323211669922,109.08570861816406,323.777
2024-11-28,2639.89990234375,502.5875549316406,80.63323211669922,109.08570861816406,323.777
2024-11-29,2657.0,507.0036926269531,81.042236328125,110.20611572265625,323.777
2024-11-30,2657.0,507.0036926269531,81.042236328125,110.20611572265625,323.777
2024-12-01,2657.0,507.0036926269531,81.042236328125,110.20611572265625,323.375
2024-12-02,2634.89990234375,512.5238647460938,80.94485473632812,111.16787719726562,323.375
2024-12-03,2644.699951171875,514.095458984375,80.52610778808594,111.08360290527344,323.375
2024-12-04,2653.800048828125,520.451171875,80.3021240234375,112.1147689819336,323.375
2024-12-05,2626.60009765625,519.0089111328125,80.62349700927734,113.03191375732422,323.375
2024-12-06,2638.60009765625,523.65380859375,80.2242202758789,115.41154479980469,323.375
2024-12-07,2638.60009765625,523.65380859375,80.2242202758789,115.41154479980469,323.375
2024-12-08,2638.60009765625,523.65380859375,80.2242202758789,115.41154479980469,323.375
2024-12-09,2664.89990234375,519.575927734375,80.09761810302734,115.044677734375,323.375
2024-12-10,2697.60009765625,517.8053588867188,80.4774169921875,115.2330551147461,323.375
2024-12-11,2733.800048828125,527.0753784179688,79.86390686035156,117.25574493408203,323.375
2024-12-12,2687.5,523.673828125,80.09761810302734,116.2840576171875,323.375
2024-12-13,2656.0,527.68212890625,79.89311218261719,116.7451171875,323.375
2024-12-14,2656.0,527.68212890625,79.89311218261719,116.7451171875,323.375
2024-12-15,2656.0,527.68212890625,79.89311218261719,116.7451171875,323.375
2024-12-16,2651.39990234375,535.281005859375,79.474365234375,118.3265609741211,323.375
2024-12-17,2644.39990234375,532.9237670898438,79.3380355834961,118.6983871459961,323.375
2024-12-18,2636.5,513.6975708007812,78.13048553466797,113.34918975830078,323.375
2024-12-19,2592.199951171875,511.40997314453125,77.57540130615234,113.19551849365234,323.375
2024-12-20,2628.699951171875,515.8757934570312,77.84807586669922,113.48304748535156,323.375
2024-12-21,2628.699951171875,515.8757934570312,77.84807586669922,113.48304748535156,323.375
2024-12-22,2628.699951171875,515.8757934570312,77.84807586669922,113.48304748535156,323.375
2024-12-23,2612.300048828125,520.90185546875,77.43791961669922,113.82725524902344,323.375
2024-12-24,2620.0,527.9651489257812,77.94815063476562,116.45973205566406,323.375
2024-12-25,2620.0,527.9651489257812,77.94815063476562,116.45973205566406,323.375
2024-12-26,2638.800048828125,527.6065063476562,78.19346618652344,116.02761840820312,323.375
2024-12-27,2617.199951171875,520.5929565429688,77.810791015625,114.1103744506836,323.375
2024-12-28,2617.199951171875,520.5929565429688,77.810791015625,114.1103744506836,323.375
2024-12-29,2617.199951171875,520.5929565429688,77.810791015625,114.1103744506836,323.375
2024-12-30,2606.10009765625,513.669189453125,76.89824676513672,112.27757263183594,323.375
2024-12-31,2629.199951171875,509.3056640625,77.13373565673828,111.43319702148438,323.375
2025-01-01,2629.199951171875,509.3056640625,77.13373565673828,111.43319702148438,323.691
2025-01-02,2658.89990234375,508.3094482421875,76.89824676513672,109.96794891357422,323.691
2025-01-03,2645.0,516.6280517578125,76.85899353027344,112.19313049316406,323.691
2025-01-04,2645.0,516.6280517578125,76.85899353027344,112.19313049316406,323.691
2025-01-05,2645.0,516.6280517578125,76.85899353027344,112.19313049316406,323.691
2025-01-06,2638.39990234375,522.5655517578125,76.05440521240234,112.63519287109375,323.691
2025-01-07,2656.699951171875,513.2407836914062,75.78946685791016,110.4547119140625,323.691
2025-01-08,2664.5,513.3304443359375,75.92684173583984,110.76762390136719,323.691
2025-01-09,2683.800048828125,513.3304443359375,75.92684173583984,110.76762390136719,323.691
2025-01-10,2708.5,505.2808837890625,74.90636444091797,109.67987060546875,323.691
2025-01-11,2708.5,505.2808837890625,74.90636444091797,109.67987060546875,323.691
2025-01-12,2708.5,505.2808837890625,74.90636444091797,109.67987060546875,323.691
2025-01-13,2673.5,503.6570129394531,75.03392791748047,110.30073547363281,323.691
2025-01-14,2677.5,503.1788024902344,75.05355834960938,110.08715057373047,323.691
2025-01-15,2712.5,514.7550659179688,74.7984390258789,112.88851165771484,323.691
2025-01-16,2746.39990234375,511.14874267578125,75.35773468017578,112.27757263183594,323.691
2025-01-17,2744.300048828125,519.7760620117188,75.78946685791016,113.85209655761719,323.691
2025-01-18,2744.300048828125,519.7760620117188,75.78946685791016,113.85209655761719,323.691
2025-01-19,2744.300048828125,519.7760620117188,75.78946685791016,113.85209655761719,323.691
2025-01-20,2744.300048828125,519.7760620117188,75.78946685791016,113.85209655761719,323.691
2025-01-21,2755.0,522.8245849609375,76.14270782470703,114.68653106689453,323.691
2025-01-22,2767.60009765625,529.5093994140625,75.76985168457031,114.25440979003906,323.691
2025-01-23,2763.10009765625,530.6350708007812,76.04458618164062,114.94482421875,323.691
2025-01-24,2777.300048828125,527.6363525390625,76.43707275390625,114.24447631835938,323.691
2025-01-25,2777.300048828125,527.6363525390625,76.43707275390625,114.24447631835938,323.691
2025-01-26,2777.300048828125,527.6363525390625,76.43707275390625,114.24447631835938,323.691
2025-01-27,2737.5,512.2745361328125,78.5074462890625,114.89514923095703,323.691
2025-01-28,2766.800048828125,519.8458251953125,77.28092193603516,115.03422546386719,323.691
2025-01-29,2769.10009765625,518.8695678710938,77.46734619140625,114.70640563964844,323.691
2025-01-30,2823.0,521.0811157226562,78.23270416259766,115.82893371582031,323.691
2025-01-31,2812.5,520.323974609375,77.49679565429688,115.31733703613281,323.691
2025-02-01,2812.5,520.323974609375,77.49679565429688,115.31733703613281,325.139
2025-02-02,2812.5,520.323974609375,77.49679565429688,115.31733703613281,325.139
2025-02-03,2833.89990234375,516.1597900390625,77.80097198486328,113.79248809814453,325.139
2025-02-04,2853.300048828125,522.4957885742188,77.14356231689453,115.13356018066406,325.139
2025-02-05,2871.60009765625,524.8668823242188,77.62434387207031,113.82725524902344,325.139
2025-02-06,2856.0,527.6065063476562,77.97759246826172,114.27925109863281,325.139
2025-02-07,2867.300048828125,520.95166015625,77.85984802246094,112.04412841796875,325.139
2025-02-08,2867.300048828125,520.95166015625,77.85984802246094,112.04412841796875,325.139
2025-02-09,2867.300048828125,520.95166015625,77.85984802246094,112.04412841796875,325.139
2025-02-10,2914.300048828125,527.2578735351562,78.34063720703125,112.42658233642578,325.139
2025-02-11,2912.5,526.0025634765625,79.09618377685547,111.15007781982422,325.139
2025-02-12,2909.0,526.3114624023438,79.03731536865234,111.13021087646484,325.139
2025-02-13,2925.89990234375,533.8828125,79.8909683227539,112.79911041259766,325.139
2025-02-14,2883.60009765625,536.1243896484375,79.09618377685547,112.74942779541016,325.139
2025-02-15,2883.60009765625,536.1243896484375,79.09618377685547,112.74942779541016,325.139
2025-02-16,2883.60009765625,536.1243896484375,79.09618377685547,112.74942779541016,325.139
2025-02-17,2883.60009765625,536.1243896484375,79.09618377685547,112.74942779541016,325.139
2025-02-18,2931.60009765625,537.3397216796875,79.3807373046875,112.43651580810547,325.139
2025-02-19,2919.39990234375,537.4892578125,80.01853942871094,112.37195587158203,325.139
2025-02-20,2940.0,535.207763671875,79.70453643798828,111.40338897705078,325.139
2025-02-21,2937.60009765625,524.099853515625,80.63670349121094,108.472900390625,325.139
2025-02-22,2937.60009765625,524.099853515625,80.63670349121094,108.472900390625,325.139
2025-02-23,2937.60009765625,524.099853515625,80.63670349121094,108.472900390625,325.139
2025-02-24,2947.89990234375,517.9131469726562,80.88200378417969,108.06561279296875,325.139
2025-02-25,2904.5,511.3877868652344,82.030029296875,107.49937438964844,325.139
2025-02-26,2916.800048828125,512.6231079101562,80.4600830078125,107.05732727050781,325.139
2025-02-27,2883.199951171875,498.38690185546875,80.45026397705078,105.51260375976562,325.139
2025-02-28,2836.800048828125,506.2572021484375,81.5197982788086,107.26593780517578,325.139
2025-03-01,2836.800048828125,506.2572021484375,81.5197982788086,107.26593780517578,327.746
2025-03-02,2836.800048828125,506.2572021484375,81.5197982788086,107.26593780517578,327.746
2025-03-03,2890.199951171875,495.1790466308594,81.95153045654297,105.28909301757812,327.746
2025-03-04,2909.60009765625,493.6846923828125,80.55818939208984,103.43146514892578,327.746
2025-03-05,2915.300048828125,500.120361328125,80.89181518554688,105.00597381591797,327.746
2025-03-06,2916.60009765625,486.3623962402344,81.03899383544922,102.34370422363281,327.746
2025-03-07,2904.699951171875,489.9388732910156,81.30392456054688,102.15496063232422,327.746
2025-03-08,2904.699951171875,489.9388732910156,81.30392456054688,102.15496063232422,327.746
2025-03-09,2904.699951171875,489.9388732910156,81.30392456054688,102.15496063232422,327.746
2025-03-10,2891.0,470.95062255859375,81.12731170654297,98.50923156738281,327.746
2025-03-11,2912.89990234375,469.8248596191406,79.94003295898438,97.54563903808594,327.746
2025-03-12,2939.10009765625,475.1248474121094,78.2032699584961,98.11186981201172,327.746
2025-03-13,2984.300048828125,466.5771179199219,77.84021759033203,95.66317749023438,327.746
2025-03-14,2994.5,477.8545227050781,78.01683807373047,97.69962310791016,327.746
2025-03-15,2994.5,477.8545227050781,78.01683807373047,97.69962310791016,327.746
2025-03-16,2994.5,477.8545227050781,78.01683807373047,97.69962310791016,327.746
2025-03-17,3000.0,480.9527893066406,79.1550521850586,97.85359191894531,327.746
2025-03-18,3035.10009765625,472.7538146972656,78.25233459472656,96.11019897460938,327.746
2025-03-19,3035.89990234375,479.07989501953125,78.25233459472656,97.95293426513672,327.746
2025-03-20,3040.0,477.4560546875,77.86965942382812,97.71949005126953,327.746
2025-03-21,3018.199951171875,479.0300598144531,77.84021759033203,98.07213592529297,327.746
2025-03-22,3018.199951171875,479.0300598144531,77.84021759033203,98.07213592529297,327.746
2025-03-23,3018.199951171875,479.0300598144531,77.84021759033203,98.07213592529297,327.746
2025-03-24,3013.10009765625,489.54205322265625,78.32158660888672,101.74881744384766,327.746
2025-03-25,3023.699951171875,492.3356628417969,77.61136627197266,102.56066131591797,327.746
2025-03-26,3020.89990234375,483.2763671875,78.81480407714844,101.22087097167969,327.746
2025-03-27,3060.199951171875,480.52264404296875,79.71244049072266,101.2856216430664,327.746
2025-03-28,3086.5,467.8715515136719,79.31787872314453,98.13787078857422,327.746
2025-03-29,3086.5,467.8715515136719,79.31787872314453,98.13787078857422,327.746
2025-03-30,3086.5,467.8715515136719,79.31787872314453,98.13787078857422,327.746
2025-03-31,3122.800048828125,467.85162353515625,80.56075286865234,98.3470687866211,327.746
2025-04-01,3118.89990234375,471.62298583984375,80.67913055419922,99.3730697631836,329.909
2025-04-02,3139.89990234375,475.06512451171875,80.44239807128906,101.2607192993164,329.909
2025-04-03,3097.0,449.6332092285156,80.906005859375,95.14453887939453,329.909
2025-04-04,3012.0,421.70697021484375,77.39435577392578,91.0405044555664,329.909
2025-04-05,3012.0,421.70697021484375,77.39435577392578,91.0405044555664,329.909
2025-04-06,3012.0,421.70697021484375,77.39435577392578,91.0405044555664,329.909
2025-04-07,2951.300048828125,422.7246398925781,76.49671936035156,89.96470642089844,329.909
2025-04-08,2968.39990234375,415.1120300292969,75.31301879882812,87.8280258178711,329.909
2025-04-09,3056.5,464.938232421875,78.2328109741211,97.39078521728516,329.909
2025-04-10,3155.199951171875,445.16339111328125,78.27227020263672,93.58560180664062,329.909
2025-04-11,3222.199951171875,453.3646545410156,79.2586898803711,94.49207305908203,329.909
2025-04-12,3222.199951171875,453.3646545410156,79.2586898803711,94.49207305908203,329.909
2025-04-13,3222.199951171875,453.3646545410156,79.2586898803711,94.49207305908203,329.909
2025-04-14,3204.800048828125,456.4376525878906,80.6100845336914,94.76600646972656,329.909
2025-04-15,3218.699951171875,456.94647216796875,79.92945098876953,94.08365631103516,329.909
2025-04-16,3326.60009765625,443.1679382324219,79.0712661743164,91.76270294189453,329.909
2025-04-17,3308.699951171875,443.088134765625,80.75804901123047,92.34044647216797,329.909
2025-04-18,3308.699951171875,443.088134765625,80.75804901123047,92.34044647216797,329.909
2025-04-19,3308.699951171875,443.088134765625,80.75804901123047,92.34044647216797,329.909
2025-04-20,3308.699951171875,443.088134765625,80.75804901123047,92.34044647216797,329.909
2025-04-21,3406.199951171875,432.1231689453125,79.98863983154297,89.87504577636719,329.909
2025-04-22,3400.800048828125,443.46728515625,81.12301635742188,92.71898651123047,329.909
2025-04-23,3276.300048828125,453.5242919921875,80.65939331054688,94.7909164428711,329.909
2025-04-24,3332.0,466.28515625,79.94918060302734,96.67855834960938,329.909
2025-04-25,3282.39990234375,471.4833068847656,79.74202728271484,98.41680145263672,329.909
2025-04-26,3282.39990234375,471.4833068847656,79.74202728271484,98.41680145263672,329.909
2025-04-27,3282.39990234375,471.4833068847656,79.74202728271484,98.41680145263672,329.909
2025-04-28,3332.5,471.3336181640625,79.47570037841797,98.45166015625,329.909
2025-04-29,3318.800048828125,474.446533203125,80.1365966796875,99.1489486694336,329.909
2025-04-30,3305.0,474.38665771484375,80.71858978271484,98.24745178222656,329.909
2025-05-01,3210.0,480.58251953125,80.01823425292969,98.79034423828125,331.45
2025-05-02,3231.89990234375,487.7162170410156,80.45225524902344,100.3243637084961,331.45
2025-05-03,3231.89990234375,487.7162170410156,80.45225524902344,100.3243637084961,331.45
2025-05-04,3231.89990234375,487.7162170410156,80.45225524902344,100.3243637084961,331.45
2025-05-05,3311.300048828125,484.82281494140625,80.3832015991211,99.25851440429688,331.45
2025-05-06,3411.39990234375,480.3131103515625,80.24510192871094,98.39189147949219,331.45
2025-05-07,3381.39990234375,482.1988220214844,80.37334442138672,99.15890502929688,331.45
2025-05-08,3296.60009765625,487.1774597167969,80.27469635009766,100.329345703125,331.45
2025-05-09,3335.39990234375,486.8581848144531,79.81108093261719,100.81246948242188,331.45
2025-05-10,3335.39990234375,486.8581848144531,79.81108093261719,100.81246948242188,331.45
2025-05-11,3335.39990234375,486.8581848144531,79.81108093261719,100.81246948242188,331.45
2025-05-12,3220.0,506.6929016113281,79.92945098876953,105.82295989990234,331.45
2025-05-13,3240.300048828125,514.415283203125,78.85425567626953,107.2225112915039,331.45
2025-05-14,3181.39990234375,517.4982299804688,78.43009948730469,107.63589477539062,331.45
2025-05-15,3220.699951171875,518.06689453125,80.03795623779297,107.3968276977539,331.45
2025-05-16,3182.0,520.32177734375,80.955322265625,108.41287231445312,331.45
2025-05-17,3182.0,520.32177734375,80.955322265625,108.41287231445312,331.45
2025-05-18,3182.0,520.32177734375,80.955322265625,108.41287231445312,331.45
2025-05-19,3228.89990234375,520.8206787109375,81.19206237792969,108.15886688232422,331.45
2025-05-20,3280.300048828125,519.0845947265625,81.4781265258789,107.59605407714844,331.45
2025-05-21,3309.300048828125,511.8710021972656,80.53116607666016,105.41454315185547,331.45
2025-05-22,3292.300048828125,512.828857421875,80.19578552246094,105.8677749633789,331.45
2025-05-23,3363.60009765625,508.0796813964844,80.49170684814453,104.9164810180664,331.45
2025-05-24,3363.60009765625,508.0796813964844,80.49170684814453,104.9164810180664,331.45
2025-05-25,3363.60009765625,508.0796813964844,80.49170684814453,104.9164810180664,331.45
2025-05-26,3363.60009765625,508.0796813964844,80.49170684814453,104.9164810180664,331.45
2025-05-27,3299.10009765625,520.0324096679688,81.2216567993164,108.01441955566406,331.45
2025-05-28,3293.60009765625,517.7276000976562,80.66926574707031,107.02328491210938,331.45
2025-05-29,3317.10009765625,518.745361328125,80.99478149414062,107.06810760498047,331.45
2025-05-30,3288.89990234375,517.92724609375,81.70500183105469,106.4853744506836,331.45
2025-05-31,3288.89990234375,517.92724609375,81.70500183105469,106.4853744506836,331.45
2025-06-01,3288.89990234375,517.92724609375,81.70500183105469,106.4853744506836,331.671
2025-06-02,3370.60009765625,522.0178833007812,81.75432586669922,106.73441314697266,331.671
2025-06-03,3350.199951171875,526.0985107421875,81.6754150390625,107.30219268798828,331.671
2025-06-04,3373.5,527.5652465820312,81.10328674316406,107.01830291748047,331.671
2025-06-05,3350.699951171875,523.59423828125,80.32402038574219,104.31880950927734,331.671
2025-06-06,3322.699951171875,528.7125854492188,80.58049011230469,105.67353057861328,331.671
2025-06-07,3322.699951171875,528.7125854492188,80.58049011230469,105.67353057861328,331.671
2025-06-08,3322.699951171875,528.7125854492188,80.58049011230469,105.67353057861328,331.671
2025-06-09,3332.10009765625,529.4908447265625,80.47198486328125,106.52023315429688,331.671
2025-06-10,3320.89990234375,532.9928588867188,80.6495361328125,107.79527282714844,331.671
2025-06-11,3321.300048828125,531.1968994140625,80.37334442138672,106.94358825683594,331.671
2025-06-12,3380.89990234375,532.4440307617188,80.84681701660156,106.44055938720703,331.671
2025-06-13,3431.199951171875,525.7593994140625,79.86040496826172,105.4593734741211,331.671
2025-06-14,3431.199951171875,525.7593994140625,79.86040496826172,105.4593734741211,331.671
2025-06-15,3431.199951171875,525.7593994140625,79.86040496826172,105.4593734741211,331.671
2025-06-16,3396.39990234375,533.0726318359375,80.11686706542969,106.59495544433594,331.671
2025-06-17,3386.60009765625,527.8745727539062,79.43624114990234,104.75711059570312,331.671
2025-06-18,3389.800048828125,527.78466796875,79.33760070800781,104.8069076538086,331.671
2025-06-19,3389.800048828125,527.78466796875,79.33760070800781,104.8069076538086,331.671
2025-06-20,3368.10009765625,525.629638671875,79.91958618164062,104.9314193725586,331.671
2025-06-21,3368.10009765625,525.629638671875,79.91958618164062,104.9314193725586,331.671
2025-06-22,3368.10009765625,525.629638671875,79.91958618164062,104.9314193725586,331.671
2025-06-23,3377.699951171875,531.034423828125,80.8452377319336,107.0112533569336,331.671
2025-06-24,3317.39990234375,539.1549682617188,80.77571105957031,107.60520935058594,331.671
2025-06-25,3327.10009765625,540.5333251953125,79.6931381225586,106.33744812011719,331.671
2025-06-26,3333.5,545.5874633789062,79.62361145019531,107.31571960449219,331.671
2025-06-27,3273.699951171875,547.4553833007812,80.00102996826172,109.10256958007812,331.671
2025-06-28,3273.699951171875,547.4553833007812,80.00102996826172,109.10256958007812,331.671
2025-06-29,3273.699951171875,547.4553833007812,80.00102996826172,109.10256958007812,331.671
2025-06-30,3294.39990234375,551.001220703125,80.41816711425781,108.47367858886719,331.671
2025-07-01,3336.699951171875,546.3566284179688,81.4212875366211,108.93785858154297,330.978
2025-07-02,3348.0,550.1621704101562,81.6596450805664,109.81131744384766,330.978
2025-07-03,3331.60009765625,555.575927734375,81.61991882324219,110.41026306152344,330.978
2025-07-04,3332.5,555.575927734375,81.61991882324219,110.41026306152344,330.978
2025-07-05,3332.5,555.575927734375,81.61991882324219,110.41026306152344,330.978
2025-07-06,3332.5,555.575927734375,81.61991882324219,110.41026306152344,330.978
2025-07-07,3332.199951171875,551.3908081054688,81.5503921508789,109.00773620605469,330.978
2025-07-08,3307.0,551.700439453125,80.79557037353516,108.63838958740234,330.978
2025-07-09,3311.60009765625,555.6058959960938,80.2691879272461,109.2822494506836,330.978
2025-07-10,3317.39990234375,554.8068237304688,80.55721282958984,110.49011993408203,330.978
2025-07-11,3356.0,553.5582885742188,80.2592544555664,110.52006530761719,330.978
2025-07-12,3356.0,553.5582885742188,80.2592544555664,110.52006530761719,330.978
2025-07-13,3356.0,553.5582885742188,80.2592544555664,110.52006530761719,330.978
2025-07-14,3351.5,555.5659790039062,80.32877349853516,110.9293441772461,330.978
2025-07-15,3329.800048828125,556.0753173828125,79.52429962158203,109.34214782714844,330.978
2025-07-16,3352.5,556.6446533203125,79.8023910522461,109.54179382324219,330.978
2025-07-17,3340.10009765625,561.1494750976562,80.55721282958984,109.9161376953125,330.978
2025-07-18,3353.0,560.610107421875,80.33870697021484,110.88941955566406,330.978
2025-07-19,3353.0,560.610107421875,80.33870697021484,110.88941955566406,330.978
2025-07-20,3353.0,560.610107421875,80.33870697021484,110.88941955566406,330.978
2025-07-21,3401.89990234375,563.5167236328125,80.32877349853516,111.41349029541016,330.978
2025-07-22,3439.199951171875,560.60009765625,81.06373596191406,112.54150390625,330.978
2025-07-23,3394.10009765625,563.1571655273438,81.0935287475586,113.0755615234375,330.978
2025-07-24,3371.0,564.3557739257812,80.80550384521484,111.20386505126953,330.978
2025-07-25,3334.0,565.7141723632812,80.94454956054688,112.2370376586914,330.978
2025-07-26,3334.0,565.7141723632812,80.94454956054688,112.2370376586914,330.978
2025-07-27,3334.0,565.7141723632812,80.94454956054688,112.2370376586914,330.978
2025-07-28,3309.10009765625,567.4821166992188,80.11028289794922,112.89088439941406,330.978
2025-07-29,3323.39990234375,566.6031494140625,80.63666534423828,112.11225891113281,330.978
2025-07-30,3295.800048828125,567.3623046875,79.92156982421875,111.40351104736328,330.978
2025-07-31,3293.199951171875,564.3557739257812,79.23627471923828,110.52006530761719,330.978
2025-08-01,3347.699951171875,553.2386474609375,79.61368560791016,107.85476684570312,329.822
2025-08-02,3347.699951171875,553.2386474609375,79.61368560791016,107.85476684570312,329.822
2025-08-03,3347.699951171875,553.2386474609375,79.61368560791016,107.85476684570312,329.822
2025-08-04,3374.39990234375,563.44677734375,80.00102996826172,109.1225357055664,329.822
2025-08-05,3381.89990234375,559.6212768554688,79.92156982421875,109.26229095458984,329.822
2025-08-06,3380.0,566.6630859375,81.06373596191406,111.53328704833984,329.822
2025-08-07,3400.300048828125,568.5808715820312,81.67950439453125,111.49834442138672,329.822
2025-08-08,3439.10009765625,573.8847045898438,81.91787719726562,111.69300079345703,329.822
2025-08-09,3439.10009765625,573.8847045898438,81.91787719726562,111.69300079345703,329.822
2025-08-10,3439.10009765625,573.8847045898438,81.91787719726562,111.69300079345703,329.822
2025-08-11,3353.10009765625,572.1866455078125,81.84835052490234,111.98249053955078,329.822
2025-08-12,3348.89990234375,579.3782958984375,82.06684875488281,113.17039489746094,329.822
2025-08-13,3358.699951171875,579.6680297851562,82.06684875488281,114.72265625,329.822
2025-08-14,3335.199951171875,579.2185668945312,81.33189392089844,114.59288024902344,329.822
2025-08-15,3336.0,576.6715087890625,81.46100616455078,114.31836700439453,329.822
2025-08-16,3336.0,576.6715087890625,81.46100616455078,114.31836700439453,329.822
2025-08-17,3336.0,576.6715087890625,81.46100616455078,114.31836700439453,329.822
2025-08-18,3331.699951171875,576.4417114257812,81.35176086425781,114.7775650024414,329.822
2025-08-19,3313.39990234375,568.620849609375,82.18603515625,114.72265625,329.822
2025-08-20,3343.39990234375,565.2447509765625,82.65283203125,113.58965301513672,329.822
2025-08-21,3336.89990234375,562.6278076171875,81.90794372558594,112.91584014892578,329.822
2025-08-22,3374.39990234375,571.3076782226562,81.90794372558594,116.34479522705078,329.822
2025-08-23,3374.39990234375,571.3076782226562,81.90794372558594,116.34479522705078,329.822
2025-08-24,3374.39990234375,571.3076782226562,81.90794372558594,116.34479522705078,329.822
2025-08-25,3373.800048828125,569.6596069335938,80.5075454711914,116.11021423339844,329.822
2025-08-26,3388.60009765625,571.9469604492188,79.98116302490234,116.6442642211914,329.822
2025-08-27,3404.60009765625,572.825927734375,80.21952056884766,116.66921997070312,329.822
2025-08-28,3431.800048828125,576.4118041992188,79.71300506591797,116.86886596679688,329.822
2025-08-29,3473.699951171875,569.7395629882812,80.22945404052734,115.6659927368164,329.822
2025-08-30,3473.699951171875,569.7395629882812,80.22945404052734,115.6659927368164,329.822
2025-08-31,3473.699951171875,569.7395629882812,80.22945404052734,115.6659927368164,329.822
2025-09-01,3473.699951171875,569.7395629882812,80.22945404052734,115.6659927368164,328.938
2025-09-02,3549.39990234375,564.9650268554688,80.10034942626953,114.8025131225586,328.938
2025-09-03,3593.199951171875,569.409912109375,80.0407485961914,115.2667007446289,328.938
2025-09-04,3565.800048828125,574.5639038085938,80.09041595458984,117.37298583984375,328.938
2025-09-05,3613.199951171875,575.3929443359375,80.31884765625,117.3480224609375,328.938
2025-09-08,3638.10009765625,578.19970703125,80.02088928222656,117.8022232055664,328.938
2025-09-09,3643.300048828125,579.8378295898438,80.17980194091797,117.63751983642578,328.938
2025-09-10,3643.60009765625,580.027587890625,79.39518737792969,116.22999572753906,328.938
